filename,LA_142DPI
X137.046_0.35,0.044526217
X269.088_0.35,0.640236429
X169.036_0.375,0.495885062
X338.342_3.533,1
X387.181_2.767,0.640236429
X311.081_2.525,0.78491085
X228.196_2.71,0.640236429
X404.207_2.768,0.640236429
X496.341_2.926,1
X310.31_3.391,1
X228.196_3.321,1
X285.022_2.394,1
X336.326_3.156,0.495885062
X524.372_3.04,1
X596.357_2.948,0.640236429
X409.162_2.768,0.640236429
X244.191_2.61,0.640236429
X624.388_3.054,0.109507256
X226.181_2.61,0.640236429
X238.1_2.259,0.456728943
X226.181_3.32,0.932391163
X244.191_3.324,1
X638.403_3.073,0.635538073
X287.018_2.395,1
X489.228_2.768,0.386209983
X110.021_5.865,0.895414194
X312.326_3.521,0.640236429
X610.372_2.951,1
X110.021_6.211,0.66943602
X580.361_2.989,0.640236429
X183.15_2.549,0.640236429
X637.306_3.32,0.640236429
X146.981_3.86,0.640236429
X105.07_2.767,0.640236429
X352.321_3.187,0.436529995
X432.238_2.769,0.640236429
X200.165_3.207,0.9087694
X267.123_2.767,0.584922127
X200.165_2.552,1
X126.022_0.338,0.932391163
X608.393_3.098,0.007881477
X666.434_3.024,0.836679947
X123.056_0.323,0.878125575
X240.097_2.259,0.334634488
X522.357_2.957,0.640236429
X482.325_3.027,0.640236429
X308.295_3.045,0.640236429
X258.206_2.778,0.836679947
X650.44_3.113,0.640236429
X333.063_2.524,1
X594.377_3,1
X282.279_3.26,0.640236429
X285.133_2.768,0.640236429
X790.38_2.768,0.640236429
X417.337_3.233,0.640236429
X582.341_3.046,0.888097236
X622.409_3.109,0.495885062
X100.076_2.546,0.769274328
X366.373_3.699,1
X401.342_3.422,0.640236429
X340.357_3.733,0.640236429
X636.388_2.978,0.744784373
X214.181_2.634,0.640236429
X198.15_2.471,1
X132.102_0.307,0.456728943
X113.964_6.456,0.640236429
X678.478_3.062,0.640236429
X110.021_5.953,0.640236429
X369.352_3.849,0.650425885
X369.17_2.767,0.635538073
X568.341_2.887,1
X221.111_2.312,0.351556002
X435.347_3.219,0.640236429
X321.315_3.533,0.963780656
X634.453_3.069,0.640236429
X208.17_3.328,0.978275557
X694.465_3.135,1
X216.196_2.567,0.872593177
X313.077_2.525,1
X354.337_3.278,1
X216.16_2.471,0.895414194
X137.046_0.42,0.47768826
X111.092_5.384,0.640236429
X652.382_2.947,1
X520.341_2.89,0.693790673
X425.136_2.773,0.640236429
X795.335_2.768,0.640236429
X280.263_3.169,0.181990431
X256.264_3.225,0.954381948
X198.186_3.331,0.872593177
X113.964_6.627,0.640236429
X111.092_5.093,0.84647764
X256.227_2.847,0.954381948
X295.227_3.017,0.640236429
X111.092_4.634,0.973624439
X454.294_2.917,1
X122.072_5.438,0.854665549
X722.505_3.058,0.640236429
X432.238_2.839,0.933037258
X590.427_3.075,0.611683461
X554.31_2.942,0.640236429
X544.34_2.89,0.72011978
X766.53_3.05,0.640236429
X103.956_5.525,0.640236429
X646.408_3.051,0.829162544
X232.191_2.63,0.978275557
X308.295_3.285,0.640236429
X524.335_2.977,1
X680.414_3.051,0.640236429
X666.433_3.092,0.181990431
X230.248_2.715,0.872593177
X678.469_3.244,0.319592798
X224.084_2.236,0.640236429
X281.102_2.768,0.635538073
X526.294_2.877,0.954381948
X301.285_2.662,0.848923212
X216.16_3.213,0.798364036
X375.199_2.868,0.635538073
X283.118_2.713,1
X664.419_3.086,0.456728943
X343.296_2.691,0.640236429
X608.393_3.002,0.78491085
X550.351_3.01,0.798364036
X324.29_3.082,0.518605326
X128.118_5.106,0.790843306
X694.465_3.092,0.640236429
X175.148_2.71,0.640236429
X278.248_3.1,0.640236429
X266.173_2.61,1
X250.178_2.71,0.640236429
X198.149_3.205,0.78491085
X566.346_3.087,0.9087694
X607.227_2.771,0.658885092
X385.346_3.54,1
X546.401_3.081,0.640236429
X334.31_3.1,0.281986307
X650.366_2.938,0.798364036
X272.222_2.957,0.640236429
X272.222_2.809,0.835640632
X340.285_3.14,0.640236429
X734.57_3.377,0.663554159
X191.143_3.329,1
X570.341_2.875,0.640236429
X622.408_3.044,0.640236429
X198.185_2.612,0.775957572
X113.964_6.749,0.843067827
X173.132_3.332,0.635538073
X296.258_2.976,0.47768826
X324.326_3.469,0.9087694
X568.361_2.947,1
X319.3_3.156,0.181990431
X199.989_2.374,0.640236429
X678.471_3.228,0.635538073
X622.372_2.977,0.47768826
X399.326_3.225,0.640236429
X334.311_3.335,0.848923212
X480.309_2.951,0.744784373
X502.294_2.879,0.640236429
X786.601_3.279,0.640236429
X650.402_3.006,0.177569439
X674.439_3.163,0.640236429
X184.074_0.312,0.616236333
X113.964_1.584,0.893969073
X175.148_3.322,1
X385.346_3.401,0.931419
X113.964_1.491,0.810712519
X636.423_3.105,0.950093746
X810.557_3.053,0.640236429
X209.177_3.331,0.609030753
X387.192_2.843,0.098306115
X113.964_1.63,1
X474.249_2.887,1
X786.601_3.393,0.836679947
X128.118_4.636,0.635538073
X113.964_1.401,0.996718791
X678.398_3.039,0.436529995
X678.432_3.079,0.795753854
X660.424_3.08,0.495885062
X242.212_3.159,0.685407526
X694.429_3.054,0.640236429
X654.332_3.32,0.836679947
X416.337_2.79,0.954381948
X666.397_2.955,1
X414.14_2.772,0.835640632
X598.336_2.916,0.640236429
X400.342_2.89,0.409555347
X212.165_2.546,0.642456586
X636.424_3.106,0.640236429
X801.313_2.768,0.640236429
X103.956_5.454,0.640236429
X991.673_2.928,0.66943602
X800.313_2.771,0.810712519
X668.413_2.991,0.658885092
X313.016_2.379,0.72011978
X538.315_2.977,0.774933013
X429.191_2.885,0.84647764
X606.378_3.022,0.409555347
X680.45_3.157,0.978275557
X692.414_2.985,0.78491085
X256.227_3.448,0.744784373
X1022.625_3.326,0.640236429
X254.212_2.739,0.871196341
X230.175_2.591,0.640236429
X180.175_2.611,1
X446.218_2.884,0.846118996
X620.393_3.029,0.829162544
X692.412_3.038,0.640236429
X313.144_3.062,0.810712519
X683.433_3.063,0.640236429
X152.995_6.215,0.324867126
X808.57_3.842,0.835640632
X397.379_3.191,0.640236429
X326.306_3.148,0.640236429
X790.558_3.336,1
X205.017_5.778,0.78491085
X172.133_3.109,0.640236429
X158.962_2.362,0.281986307
X460.269_2.772,0.640236429
X652.383_2.943,0.906766754
X374.303_3.189,0.760660263
X172.134_2.343,1
X670.393_2.893,0.932391163
X510.356_2.983,0.640236429
X109.023_5.881,0.935719118
X242.212_2.78,0.744784373
X661.452_3.064,0.978275557
X654.398_2.907,0.848923212
X149.082_4.832,0.846152285
X153.041_0.336,0.950093746
X254.212_2.792,0.640236429
X402.358_2.884,1
X221.06_2.396,0.646058266
X650.403_3.074,0.127043407
X476.24_2.164,0.319592798
X688.455_3.179,0.78491085
X329.316_2.758,0.780596861
X854.583_3.04,1
X727.46_3.057,0.640236429
X123.079_4.851,0.640236429
X664.382_2.957,0.895998054
X787.668_3.596,1
X680.413_3.014,0.640236429
X156.011_2.395,1
X622.372_3.037,0.640236429
X705.225_2.339,0.810712519
X166.087_0.522,0.656390227
X371.327_2.803,0.836679947
X652.418_3.02,0.872593177
X676.419_3.043,0.942614331
X682.363_3.329,0.640236429
X141.959_6.151,0.810712519
X153.041_0.412,0.248184968
X370.332_3.032,0.774933013
X277.216_3.018,0.640449717
X306.279_2.989,0.30853618
X240.196_2.728,0.331684926
X518.322_2.93,0.932391163
X475.989_2.164,0.338143345
X705.141_2.339,0.9087694
X668.377_2.925,0.640236429
X617.426_3.07,0.640236429
X596.393_3.06,0.495885062
X652.418_3.078,0.635538073
X554.288_2.924,0.780596861
X103.956_5.227,0.640236429
X367.336_3.39,0.836679947
X662.402_3.017,0.181990431
X676.454_3.145,0.744784373
X440.359_2.985,0.78491085
X226.081_2.237,0.640236429
X718.429_3.009,1
X120.102_0.391,0.78491085
X103.956_4.386,0.640236429
X142.035_0.315,0.640236429
X482.361_2.958,0.646058266
X426.358_2.916,1
X119.049_2.77,0.640236429
X383.331_3.501,0.78491085
X245.139_2.376,1
X705.478_3.058,0.640236429
X332.218_2.237,0.725447575
X149.082_4.735,0.78491085
X566.382_3.018,0.334634488
X285.217_3.322,0.932391163
X638.439_3.025,0.436529995
X368.316_2.962,0.584922127
X268.227_2.861,0.878125575
X682.429_3.009,0.640236429
X698.423_2.997,0.640236429
X158.962_2.581,0.640236429
X142.948_0.306,0.300048338
X854.538_3.484,0.640236429
X254.212_3.447,0.836679947
X289.014_2.395,0.798364036
X696.445_3.083,0.291171355
X638.366_2.95,0.640236429
X776.253_2.398,0.405276217
X311.221_2.932,0.635538073
X732.444_2.968,0.640236429
X296.146_2.932,1
X720.445_3.09,0.315869327
X272.222_3.45,0.675072111
X293.211_2.931,0.640236429
X192.125_4.749,1
X141.959_1.787,1
X141.959_1.904,0.640236429
X420.202_2.692,1
X398.033_0.301,0.710259443
X230.176_2.586,0.640236429
X350.305_2.966,0.248184968
X238.142_2.469,0.810712519
X534.286_3.175,0.640236429
X158.962_2.089,0.963780656
X399.238_3.192,0.640449717
X141.959_1.562,0.640236429
X771.644_3.333,1
X192.125_4.994,0.685493688
X396.332_2.991,0.640236429
X594.341_2.975,0.836679947
X706.464_3.123,0.780596861
X428.374_2.971,0.640236429
X652.419_3.146,0.640449717
X368.316_3.329,0.978275557
X573.4_3.077,0.66943602
X815.699_3.647,0.836679947
X141.959_1.379,1
X502.374_3.089,1
X145.979_5.543,0.810712519
X303.232_3.023,0.635538073
X662.483_3.072,0.685407526
X141.959_1.2,0.771015301
X720.444_3.034,0.954381948
X666.397_3.021,0.181990431
X251.037_0.329,0.640236429
X478.294_2.879,0.872593177
X141.959_1.295,1
X303.305_3.549,0.804492327
X114.092_2.075,0.829162544
X722.496_3.21,0.632774105
X610.406_3.059,0.74304197
X254.212_3.319,0.640236429
X692.449_3.051,0.640236429
X141.959_1.101,0.640236429
X694.428_3.006,0.824488594
X632.393_3.152,0.878125575
X810.601_3.479,1
X186.15_2.46,1
X484.385_2.982,0.495885062
X708.409_2.912,0.885502181
X114.092_0.357,0.723405697
X664.455_3.195,0.452458277
X150.059_0.3,0.495885062
X776.2_2.398,0.640236429
X245.175_3.33,0.9087694
X352.357_3.617,0.640236429
X819.378_2.399,0.635538073
X494.324_2.861,0.640236429
X141.959_5.867,0.888097236
X813.684_3.707,0.640236429
X120.066_0.596,0.640236429
X108.045_2.395,0.878125575
X138.995_6.301,1
X706.501_3.33,0.710259443
X307.083_0.407,0.640236429
X141.959_6.954,0.640236429
X114.092_2.178,0.640236429
X787.667_3.383,0.878125575
X245.175_2.611,0.836679947
X114.074_2.348,0.810712519
X114.092_6.756,0.906766754
X125.016_2.257,0.635538073
X114.092_0.768,0.640236429
X620.356_2.913,0.521085553
X616.308_2.766,0.053570719
X293.284_3.393,0.640236429
X403.357_3.577,0.539924087
X141.959_6.859,0.819916409
X212.165_2.546.1,0.640236429
X718.428_2.956,1
X867.458_2.398,0.456728943
X638.367_3.032,1
X141.959_1.053,0.972234535
X182.081_0.418,0.640236429
X537.367_2.959,0.646058266
X368.389_3.935,0.408304842
X552.367_3.052,0.640236429
X412.211_2.304,0.436529995
X564.331_3.008,0.932391163
X366.3_3.035,0.640236429
X708.445_3.006,0.640236429
X626.366_2.922,0.888097236
X771.486_3.05,0.694507138
X114.092_1.405,0.856766907
X694.428_2.938,1
X666.399_2.952,0.640236429
X439.121_2.673,0.640236429
X141.959_6.766,1
X114.092_1.255,0.640236429
X349.037_2.524,0.939709644
X433.331_3.164,0.836679947
X444.369_2.876,0.495885062
X141.959_6.49,0.640449717
X141.959_0.99,0.888097236
X241.567_2.774,0.810712519
X428.373_2.982,0.752247212
X107.061_4.811,1
X114.092_1.976,0.795753854
X114.092_1.058,1
X432.281_2.268,0.640236429
X114.074_2.18,0.78491085
X716.45_3.129,0.640236429
X114.092_1.761,0.127753201
X818.59_3.473,1
X149.082_4.686,0.810712519
X388.306_2.704,0.640236429
X696.408_3.026,0.769274328
X441.136_2.721,0.950093746
X425.157_2.713,1
X648.422_3.047,0.906766754
X618.457_3.078,0.640236429
X350.305_3.132,0.635538073
X690.434_3.14,0.495885062
X819.267_2.398,0.463844796
X267.207_3.326,0.954381948
X648.423_3.138,0.640449717
X192.125_4.795,0.919070933
X262.08_2.775,1
X708.408_2.952,0.836679947
X141.959_0.935,0.640236429
X403.175_2.708,0.913505036
X430.223_2.769,0.495885062
X367.335_3.542,0.640449717
X158.922_0.304,0.190936963
X283.019_0.327,0.78491085
X704.45_3.153,0.181990431
X856.569_3.369,0.640236429
X141.959_0.889,0.906766754
X170.154_3.216,1
X674.439_3.065,1
X399.238_2.746,0.66943602
X703.575_5.592,1
X882.569_3.692,0.640236429
X618.339_2.931,0.463844796
X788.544_3.358,1
X749.504_3.053,1
X141.959_0.429,0.798364036
X437.374_2.96,0.640236429
X736.439_3.019,0.640236429
X594.341_2.907,0.640236429
X776.306_2.398,0.463844796
X114.092_2.607,0.931419
X634.372_2.992,0.774933013
X536.335_2.767,0.646058266
X828.538_3.267,0.640236429
X165.983_5.608,0.635538073
X328.915_6.381,0.836679947
X102.092_0.355,0.776730946
X277.216_2.857,0.640236429
X105.954_3.973,1
X306.279_3.212,0.640236429
X224.012_5.885,0.76665796
X760.475_3.131,0.640236429
X819.322_2.398,0.587961345
X289.945_0.301,0.640236429
X722.461_3.045,0.403383452
X114.074_2.267,0.810712519
X690.433_3.089,0.640236429
X328.916_6.422,0.495885062
X539.346_2.838,0.47768826
X678.397_2.979,0.942614331
X207.058_2.248,0.640236429
X596.335_2.935,0.910467758
X528.294_2.861,0.843067827
X618.376_2.966,0.824488594
X801.684_5.591,1
X169.978_2.574,0.640236429
X810.602_5.596,0.635538073
X351.253_2.927,1
X604.362_2.948,0.456728943
X552.33_2.721,0.685493688
X155.991_6.136,1
X732.445_3.025,1
X105.954_5.157,0.640236429
X682.392_2.931,0.906766754
X526.432_3.181,0.640236429
X746.46_3.114,0.640236429
X353.232_2.525,0.712754156
X455.337_3.359,0.640449717
X298.2_2.676,0.640236429
X353.269_2.902,1
X130.534_5.957,0.640236429
X628.309_2.893,0.795753854
X706.428_3.009,0.888097236
X898.612_3.158,0.640236429
X813.684_3.347,1
X434.275_2.677,1
X155.991_6.367,0.72011978
X479.152_2.786,0.640236429
X748.439_2.944,0.78491085
X816.574_3.495,0.78491085
X114.092_2.659,0.640236429
X115.051_5.274,0.640449717
X836.544_5.597,0.848923212
X202.109_5.277,0.708711479
X105.954_4.375,0.836679947
X748.439_2.997,0.640236429
X263.08_2.779,0.640449717
X159.969_1.167,1
X487.105_2.774,1
X705.621_2.412,0.640236429
X159.969_1.214,0.640236429
X224.012_6.219,0.640449717
X224.012_6.019,0.640236429
X340.321_3.334,1
X419.352_3.506,0.495885062
X554.345_2.764,0.640236429
X736.439_3.066,0.640449717
X811.666_3.383,0.836679947
X141.959_0.74,0.640236429
X155.991_6.023,0.640236429
X224.012_6.146,1
X608.357_2.941,0.640236429
X224.012_6.302,0.727183155
X125.071_5.026,1
X708.481_3.277,1
X158.986_6.121,1
X159.969_1.264,0.650425885
X672.505_3.6,0.810712519
X788.616_5.598,1
X482.406_3.188,0.640236429
X750.535_3.057,0.640236429
X652.418_3.158,1
X787.666_3.318,0.795753854
X776.578_3.558,0.640236429
X584.357_2.977,1
X177.114_5.324,0.69052648
X294.243_2.915,0.640236429
X787.668_3.787,0.694488487
X311.222_2.694,0.635538073
X186.149_2.502,0.810712519
X682.428_3.013,0.974239171
X445.303_2.334,0.640236429
X722.423_2.938,1
X538.351_2.803,0.640236429
X787.668_3.325,0.835640632
X415.233_2.692,1
X130.534_5.896,0.810712519
X170.154_3.329,0.954381948
X486.097_2.773,0.640236429
X811.309_2.773,0.640236429
X223.056_2.398,0.640236429
X274.202_2.538,0.919070933
X886.543_3.045,0.257284748
X253.009_0.331,0.640236429
X640.382_3.01,0.640236429
X568.325_2.81,0.436529995
X858.584_3.362,0.836679947
X867.399_2.399,0.684906783
X339.032_2.412,0.640236429
X399.089_2.527,0.640236429
X335.059_2.522,0.640236429
X686.439_3.122,0.931419
X351.217_2.741,0.640236429
X648.388_2.997,1
X538.52_4.059,0.906766754
X722.423_3.028,0.966006446
X222.147_2.554,1
X774.563_3.476,0.640236429
X918.533_2.981,0.640236429
X772.548_3.502,0.711083684
X159.969_1.313,0.640236429
X102.092_0.611,0.072420271
X790.559_3.436,0.640236429
X552.331_2.608,1
X111.969_6.387,0.640236429
X291.268_3.054,0.640236429
X610.335_3.282,0.640236429
X764.434_2.913,0.640236429
X258.111_0.302,0.38120317
X662.404_3.01,0.055355423
X166.053_0.305,0.248184968
X382.295_2.86,0.635538073
X392.977_0.31,0.248184968
X902.539_3.065,0.836679947
X512.416_3.112,1
X439.233_2.586,0.640236429
X813.684_3.775,0.835640632
X710.423_3.033,0.950093746
X916.517_2.996,0.957530559
X128.018_0.336,0.640236429
X710.387_2.978,0.741979888
X724.403_2.913,1
X102.092_6.539,1
X900.524_2.999,0.964125717
X155.991_6.411,0.640449717
X403.32_3.193,0.640236429
X684.373_2.982,0.640236429
X102.092_0.737,0.640236429
X367.248_2.847,0.835640632
X123.045_0.997,0.78491085
X692.449_3.099,0.463844796
X130.534_6.034,0.640449717
X156.011_2.394,0.640236429
X159.969_1.073,0.882690706
X102.092_0.892,0.954381948
X326.342_3.607,0.992781142
X451.342_3.175,0.78491085
X243.088_2.415,0.616236333
X169.978_2.372,0.640236429
X102.092_6.588,1
X385.333_3.611,0.810712519
X568.323_2.953,0.933037258
X206.14_5.325,0.950093746
X102.092_6.381,0.836679947
X119.014_5.688,0.640236429
X835.666_5.549,0.640236429
X108.069_4.991,0.640449717
X706.428_3.062,0.658885092
X816.574_3.35,1
X916.518_3.002,0.675072111
X138.996_6.048,0.848923212
X102.092_2.026,0.810712519
X130.534_6.086,0.760660263
X102.092_1.251,1
X102.092_6.818,0.810712519
X159.969_1.021,0.886418407
X102.092_6.718,0.640236429
X870.549_3.151,0.640236429
X391.284_1.591,1
X203.007_0.309,0.495885062
X102.092_1.035,0.680489158
X131.975_2.015,0.640236429
X684.408_2.918,0.640236429
X662.403_3.098,0.640236429
X102.092_1.984,1
X102.092_1.337,1
X131.975_1.9,0.640236429
X127.98_0.372,0.640236429
X229.144_2.812,1
X884.528_3.107,0.640236429
X704.449_3.104,1
X200.996_6.495,0.835640632
X774.564_3.587,0.640236429
X352.248_2.931,0.635538073
X154.991_6.397,1
X154.99_6.339,0.970470182
X154.99_6.076,0.640236429
X110.021_6.438,0.835640632
X113.071_2.75,0.878125575
X128.118_4.242,0.810712519
X788.616_3.614,0.640236429
X156.991_6.033,0.810712519
X152.995_6.44,0.836679947
X788.616_3.75,0.640236429
X131.975_6.684,0.640236429
X134.045_0.307,0.640236429
X131.975_6.925,0.640236429
X200.996_6.552,0.863278519
X200.996_6.663,0.798364036
X776.359_2.398,0.520534362
X921.611_2.399,0.476778001
X526.315_3.222,0.640236429
X526.314_3.256,0.690326132
X200.996_6.608,0.640236429
X819.433_2.399,0.69052648
X226.975_6.988,0.640236429
X129.066_4.445,0.878125575
X152.118_4.54,0.640236429
X921.486_2.399,0.640236429
X152.995_5.959,1
X867.576_2.399,0.350924313
X526.314_3.132,0.640236429
X111.969_6.564,1
X378.154_2.247,0.640236429
X867.34_2.399,0.640236429
X344.229_2.208,0.810712519
X819.489_2.399,0.664047345
X776.148_2.398,0.640236429
X114.092_0.517,0.651944291
X114.092_0.571,0.836679947
X101.071_3.51,0.78491085
X121.064_5.008,0.990871366
X476.308_2.282,0.640236429
X200.996_6.916,0.810712519
X819.211_2.398,0.640236429
X107.061_4.761,1
X114.092_0.429,0.640236429
X109.023_6.436,0.878125575
X114.092_0.859,0.640236429
X325.938_5.647,0.640236429
X111.969_6.705,0.640236429
X114.092_1.158,0.835640632
X762.599_3.749,1
X114.092_1.494,1
X200.996_6.967,0.640236429
X159.969_6.506,1
X921.674_2.399,0.640236429
X109.023_6.291,0.640236429
X115.964_5.922,0.878125575
X115.051_4.519,0.640236429
X159.969_0.92,1
X115.051_4.448,1
X226.975_1.564,0.640449717
X118.087_0.476,0.640236429
X286.907_5.647,0.495885062
X118.087_0.407,0.640236429
X115.051_5.079,0.640236429
X806.57_3.909,0.495885062
X336.326_3.423,0.836679947
X782.569_3.961,0.640236429
X372.244_2.75,0.640236429
X830.569_3.703,0.640236429
X326.378_2.99,0.640236429
X782.57_4.015,0.836679947
X834.601_4.341,0.836679947
X358.228_2.703,0.640236429
X834.601_4.172,1
X764.522_3.72,0.675072111
X304.3_2.835,0.640449717
X760.586_5.601,0.683759805
X790.537_3.814,0.640236429
X570.356_2.935,0.640236429
X810.6_4.289,0.640236429
X758.569_4.093,0.865381803
X748.527_3.807,0.798364036
X834.601_4.227,0.640236429
X792.554_3.915,0.824488594
X810.601_4.413,0.640236429
X758.569_4.024,1
X424.342_2.865,0.640236429
X786.601_5.59,0.640236429
X530.289_2.929,0.635538073
X832.584_3.929,1
X528.309_2.923,1
X329.248_3.235,0.640236429
X328.321_3.281,0.640236429
X703.574_3.778,0.816890753
X810.601_4.46,0.635538073
X768.553_4.057,0.640236429
X766.537_3.827,0.640236429
X734.57_5.605,0.640236429
X572.372_2.972,0.691998067
X305.248_3.26,1
X838.559_3.337,0.752247212
X438.298_2.957,0.640236429
X810.601_4.511,0.957530559
X790.574_3.98,1
X814.559_3.371,0.741979888
X834.603_5.596,0.640236429
X300.29_3.145,0.572341589
X256.3_2.83,0.640236429
X471.249_2.772,0.495885062
X810.601_4.568,0.640236429
X1047.735_3.044,1
X784.584_4.164,0.963780656
X854.554_3.249,0.640236429
X480.345_2.967,1
X1111.672_2.893,1
X570.283_2.981,0.810712519
X1087.672_2.892,0.836679947
X530.325_2.96,0.872593177
X768.553_4.007,0.640236429
X548.372_2.99,0.780596861
X256.227_3.318,0.640236429
X572.335_2.938,0.872593177
X728.486_3.279,0.810712519
X792.553_3.906,0.640236429
X703.574_4.023,0.640236429
X1135.672_2.89,1
X838.558_3.365,1
X620.437_2.993,0.004178187
X448.342_2.867,0.640236429
X379.284_3.167,0.836679947
X854.554_3.321,0.803051832
X731.607_5.593,0.78491085
X546.356_2.933,0.707419732
X576.411_2.999,0.004178187
X256.191_2.844,0.640236429
X532.385_3.004,0.004178187
X740.522_3.791,0.640236429
X240.116_2.324,0.408304842
X766.537_3.889,1
X852.537_3.277,1
X822.564_3.588,0.640236429
X664.463_2.992,0.004380753
X822.564_3.498,0.640236429
X469.233_2.771,0.463844796
X768.553_4.193,0.810712519
X489.259_2.771,0.635538073
X870.548_3.337,1
X784.584_4.252,0.640449717
X415.14_2.768,0.640236429
X880.569_3.352,0.640236429
X226.1_2.274,0.640236429
X608.227_2.768,0.640236429
X516.39_3.018,0.007003985
X708.489_2.982,0.007003985
X364.252_2.923,0.635538073
X464.314_2.993,0.810712519
X1017.688_2.946,0.640236429
X560.416_3.006,0.004178187
X377.195_2.868,0.640236429
X300.29_2.788,0.640236429
X1063.674_2.914,0.878125575
X838.558_3.491,0.78491085
X444.238_2.77,0.409555347
X714.471_3.247,0.640236429
X375.21_2.633,0.727183155
X466.329_3.071,0.640236429
X604.442_3.001,0.004178187
X122.072_3.63,0.878125575
X472.363_3.023,0.014900576
X538.388_3.104,1
X488.359_3.01,0.007881477
X866.59_3.576,0.640236429
X898.58_3.268,0.646761387
X448.233_2.77,0.495885062
X820.548_3.485,1
X766.501_3.29,0.640449717
X184.073_2.885,0.640236429
X319.299_3.424,1
X327.232_3.01,0.640236429
X385.165_2.771,0.137027784
X149.082_4.534,0.824488594
X809.588_4.195,0.640236429
X550.388_3.072,0.741979888
X241.155_0.442,0.66943602
X298.347_2.917,0.640236429
X874.579_3.377,0.713676648
X756.553_3.87,1
X780.552_3.412,0.640236429
X874.579_3.277,0.906766754
X822.564_3.632,0.780596861
X752.515_2.977,0.079491375
X842.589_3.585,0.836679947
X852.538_3.349,0.640236429
X473.265_2.772,0.408304842
X744.589_3.377,0.741979888
X842.589_3.52,0.836679947
X814.559_3.275,0.66943602
X836.543_3.281,1
X834.599_3.461,0.640236429
X186.222_2.554,0.640449717
X149.082_4.366,0.675072111
X846.547_3.178,0.640236429
X836.543_3.349,0.878125575
X862.559_3.343,0.640236429
X171.15_2.504,1
X846.549_3.324,0.640236429
X648.468_2.995,0.004178187
X828.537_3.338,1
X518.325_2.837,0.758304502
X754.501_3.331,0.640236429
X149.082_4.427,0.990871366
X866.59_3.462,0.572341589
X456.405_3.065,1
X508.304_3.001,0.640236429
X149.082_4.314,0.78491085
X718.465_3.24,0.680489158
X548.335_2.94,0.635538073
X898.58_3.329,0.640236429
X200.996_6.231,0.810712519
X120.066_0.547,0.846118996
X1045.625_2.888,0.640236429
X343.286_3.884,0.640236429
X798.563_3.515,0.836679947
X798.563_3.548,0.78491085
X683.345_3.364,0.640236429
X638.403_2.987,0.495885062
X172.977_0.472,0.78491085
X732.554_4.02,0.694507138
X546.353_3.044,0.975569045
X850.595_3.651,0.640236429
X584.335_2.79,0.635538073
X117.103_0.539,0.640236429
X744.59_5.59,0.836679947
X305.133_2.339,0.72011978
X444.332_3.016,0.101535898
X858.584_3.285,0.893787597
X590.322_2.887,0.640236429
X820.548_3.59,0.836679947
X371.316_3.611,0.78491085
X161.092_0.327,1
X257.223_2.565,0.846118996
X312.633_2.891,1
X149.082_4.27,0.866546224
X880.569_3.302,1
X287.889_6.368,0.906766754
X745.622_3.35,0.640236429
X812.614_3.571,0.640236429
X372.311_2.807,0.84109493
X866.59_3.505,0.950093746
X812.542_3.314,0.708606182
X848.579_3.592,0.635538073
X812.542_3.362,0.957530559
X824.579_3.639,0.640236429
X298.274_2.799,0.640236429
X744.481_3.262,0.640236429
X850.595_3.71,0.78491085
X454.389_3,0.640236429
X692.494_2.991,0.181990431
X884.595_2.977,1
X757.622_5.591,0.846118996
X701.558_3.565,0.640236429
X1039.671_2.92,1
X355.284_3.171,0.640236429
X371.317_3.604,0.810712519
X708.511_4.934,0.76665796
X720.59_3.401,0.640236429
X129.066_4.228,1
X906.57_3.208,0.810712519
X874.58_3.338,0.66943602
X115.087_0.54,0.640236429
X796.547_3.473,0.673478896
X879.255_2.556,0.640236429
X710.394_3.333,0.961512166
X1043.704_2.958,0.640236429
X249.112_2.768,0.640236429
X281.006_2.455,0.640236429
X663.454_4.937,0.836679947
X744.59_5.613,0.640236429
X726.47_3.203,0.640236429
X383.367_3.962,0.640236429
X866.59_3.69,0.810712519
X307.173_2.826,0.640236429
X477.181_2.949,0.635538073
X297.146_2.932,1
X427.741_2.879,0.640236429
X896.564_3.284,0.590769253
X728.405_3.36,0.830862073
X1005.687_3.04,0.835640632
X184.073_2.94,0.640236429
X559.385_2.999,0.640236429
X634.408_3.14,0.640236429
X879.004_2.556,0.640236429
X740.522_3.883,0.640236429
X131.975_6.769,0.843067827
X131.975_6.581,1
X650.404_3.146,0.397518276
X826.595_3.726,0.640236429
X159.969_6.74,0.863278519
X798.563_3.612,0.843067827
X898.579_3.362,0.897962591
X700.454_3.163,1
X736.52_2.985,0.495885062
X774.6_3.438,0.640236429
X468.309_2.821,0.640236429
X668.414_2.975,1
X826.594_3.683,0.177569439
X757.621_3.499,0.675072111
X716.485_3.266,0.727974673
X774.599_3.283,0.640236429
X300.633_2.897,0.640236429
X159.969_6.567,0.878125575
X343.227_2.907,0.640236429
X874.579_3.458,0.640236429
X736.476_3.119,0.616567661
X815.699_3.378,0.810712519
X796.547_3.404,0.810712519
X812.506_3.308,0.640236429
X890.575_3.213,0.640236429
X798.563_3.38,0.803051832
X111.044_2.768,0.632774105
X566.322_2.893,0.640236429
X757.621_3.539,0.78491085
X820.549_3.427,0.640236429
X798.526_3.347,0.640236429
X317.66_2.931,1
X524.299_2.93,0.694507138
X798.527_3.266,0.640236429
X452.277_2.851,0.66943602
X228.097_2.276,0.78491085
X756.551_5.548,1
X339.289_3.256,0.640236429
X542.288_2.784,1
X814.522_3.363,1
X364.358_3.275,0.640236429
X131.975_6.475,0.74304197
X604.362_3.028,0.810712519
X796.542_2.973,0.640236429
X718.574_3.397,0.640236429
X352.291_3.911,0.836679947
X566.551_4.344,0.635538073
X888.558_3.267,0.584922127
X418.353_2.774,0.640236429
X313.274_3.226,0.640236429
X110.519_6.184,1
X710.461_3.089,0.810712519
X552.403_3.173,0.954381948
X564.365_3.022,0.640236429
X814.521_3.283,1
X560.335_2.774,0.912289557
X558.283_2.723,0.640236429
X818.589_3.52,1
X122.964_6.306,0.950093746
X115.964_6.314,1
X110.519_6.086,1
X600.33_2.731,0.640236429
X115.964_6.179,0.66943602
X756.516_3.371,0.640236429
X136.076_0.402,0.640236429
X428.338_3.022,0.635538073
X718.574_3.352,1
X177.131_2.673,0.640236429
X930.57_3.138,0.616236333
X814.631_3.702,1
X906.569_3.33,0.982898144
X838.522_3.329,0.640236429
X357.302_5.595,0.846118996
X526.315_5.682,0.640236429
X321.893_0.303,1
X130.087_0.353,0.836679947
X524.278_2.709,0.640236429
X583.325_5.631,0.846118996
X202.109_4.475,1
X353.352_3.526,1
X298.274_3.041,0.640236429
X745.622_3.563,0.640236429
X115.965_6.382,1
X357.3_3.267,0.640236429
X468.309_2.976,0.836679947
X729.59_3.907,0.640236429
X114.965_6.343,0.640449717
X349.644_5.643,0.775957572
X251.037_0.323,0.408304842
X802.595_3.622,0.941627714
X719.569_3.774,1
X111.092_4.28,1
X111.092_4.227,0.744784373
X111.092_3.973,0.640236429
X111.092_4.073,0.775957572
X217.12_4.595,0.640236429
X138.103_4.297,0.697514778
X192.125_4.897,0.684342001
X128.118_3.817,0.878125575
X128.118_3.726,0.957530559
X128.118_3.774,0.906766754
X128.118_3.608,0.846152285
X192.125_4.414,0.642456586
X138.103_4.042,0.810712519
X122.072_3.691,0.950093746
X122.072_3.757,0.848923212
X192.125_4.643,1
X200.996_6.431,0.708606182
X287.889_6.066,0.74304197
X128.082_5.096,0.878125575
X114.103_3.965,1
X122.964_5.935,0.640236429
X129.066_3.853,0.640236429
X129.066_3.792,0.954381948
X129.066_3.721,0.640449717
X759.637_3.774,0.640236429
X112.087_4.226,0.635538073
X111.092_4.434,0.640236429
X112.087_3.966,0.835640632
X785.652_3.366,0.640236429
X151.098_4.037,0.992781142
X151.098_3.979,0.872593177
X328.916_5.87,0.626435742
X192.125_5.305,0.640236429
X153.114_3.626,0.640236429
X921.548_2.4,0.640236429
X921.736_2.399,0.495885062
X380.322_3.727,0.640236429
X192.125_4.696,0.945529163
X819.155_2.399,0.495885062
X192.125_5.044,0.974239171
X158.986_5.846,0.810712519
X777.095_2.39,0.910467758
X867.517_2.399,0.640236429
X983.051_2.4,0.640236429
X744.59_3.527,1
X867.281_2.399,0.708606182
X744.589_3.278,0.78491085
X810.601_3.669,0.78491085
X165.114_3.905,0.654653406
X150.103_5.311,0.640236429
X192.124_4.305,1
X720.59_3.536,0.640236429
X745.622_3.62,0.640236429
X192.124_4.248,0.835640632
X773.653_5.59,0.640236429
X773.653_5.629,0.640236429
X158.986_5.991,0.640236429
X136.087_3.719,0.878125575
X380.322_3.865,0.640236429
X812.615_3.579,0.640236429
X136.087_3.922,0.664047345
X744.59_3.613,1
X811.668_5.594,0.640236429
X810.601_3.809,1
X811.666_5.596,1
X776.095_2.398,0.539924087
X181.989_5.768,0.640236429
X757.621_3.181,0.810712519
X838.63_3.61,1
X737.441_2.398,0.640236429
X140.118_3.751,1
X774.599_3.587,0.640236429
X867.634_2.399,0.640236429
X159.969_0.964,0.878125575
X720.59_3.702,0.640236429
X838.63_3.652,0.836679947
X137.082_3.903,0.795753854
X836.615_3.427,0.640449717
X745.622_3.29,0.640236429
X737.491_2.399,0.640236429
X131.975_1.377,0.878125575
X241.173_2.59,0.640236429
X152.995_5.808,0.640236429
X128.951_5.843,0.640236429
X172.957_6.084,0.895414194
X213.983_5.986,0.775957572
X112.087_5.529,0.635538073
X102.092_0.5,0.640236429
X151.098_5.54,0.78491085
X102.092_0.665,0.495885062
X102.092_0.844,0.663554159
X102.092_2.129,0.640236429
X102.092_2.288,0.640236429
X102.092_1.197,0.640236429
X102.092_1.405,0.640236429
X102.092_1.456,0.640236429
X102.092_1.804,0.640236429
X102.092_1.904,0.640236429
X388.255_2.24,0.640236429
X102.092_1.692,0.640236429
X380.337_3.004,1
X102.092_6.982,0.640236429
X424.363_3.001,0.640236429
X167.093_4.5,0.936005069
X102.092_2.604,0.640236429
X423.276_2.373,0.640236429
X100.076_2.554,0.78491085
X127.039_0.915,0.810712519
X127.039_0.656,0.836679947
X136.076_0.419,1
X127.039_1.985,1
X127.039_1.271,0.78491085
X127.039_2.067,0.640236429
X135.079_5.134,0.694507138
X227.945_0.302,0.640236429
X127.039_1.427,0.810712519
X127.039_1.083,1
X127.039_1.549,1
X127.039_1.438,1
X127.039_1.651,0.810712519
X127.039_1.851,0.836679947
X127.039_2.025,0.640236429
X127.039_1.322,1
X127.039_1.727,0.810712519
X515.359_3.003,0.495885062
X471.332_3.009,0.78491085
X603.411_2.992,0.635538073
X647.437_2.988,0.78491085
X427.305_3.019,0.640236429
X691.463_2.982,0.640236429
X113.964_6.036,1
X466.25_2.226,0.495885062
X383.279_3.023,0.640236429
X400.306_3.024,0.78491085
X380.993_2.164,0.640236429
X840.568_2.972,0.640236429
X112.087_4.125,1
X735.49_2.978,0.640236429
X458.23_2.165,0.640236429
X166.087_0.465,1
X582.56_2.226,0.640236429
X780.546_2.982,0.640236429
X669.418_2.994,0.640236429
X706.399_2.251,0.127043407
X455.725_2.239,0.635538073
X493.314_3.018,0.495885062
X449.738_2.229,0.640236429
X779.515_2.977,0.640236429
X537.34_3.012,0.640236429
X426.484_2.164,0.640236429
X713.445_2.982,0.78491085
X510.584_2.174,0.640236429
X443.633_2.199,0.640236429
X757.47_2.982,0.640236429
X824.574_2.975,0.640236429
X420.899_2.103,0.408304842
X636.064_2.371,0.640236429
X156.991_6.135,1
X436.472_2.165,0.640236429
X830.553_3.41,0.640236429
X153.114_3.835,0.835640632
X449.288_3.027,0.640236429
X473.328_2.96,0.640236429
X495.341_2.956,0.640236429
X397.219_2.065,0.635538073
X356.279_3.026,0.640236429
X554.289_2.199,0.640236429
X868.6_2.969,0.640236429
X635.813_2.371,0.640236429
X856.568_3.284,0.846152285
X460.27_2.848,0.810712519
X801.497_2.976,0.640236429
X517.354_2.953,0.640236429
X153.114_3.731,0.906766754
X309.242_3.027,0.640236429
X153.114_3.582,1
X928.62_2.962,0.640236429
X823.541_2.973,0.640236429
X705.308_2.339,0.774933013
X641.365_3.006,0.640236429
X650.978_2.339,0.810712519
X664.418_3.159,0.640236429
X651.054_2.339,0.835640632
X808.569_3.104,0.856227426
X705.058_2.339,0.727183155
X872.564_3.274,0.640236429
X774.527_3.285,0.640236429
X685.391_3.001,0.640236429
X405.262_3.019,0.640236429
X854.553_3.251,0.448504433
X651.132_2.339,0.675072111
X882.585_3.363,0.810712519
X347.124_2.293,0.640236429
X399.394_3.159,0.771145392
X375.21_2.641,1
X369.263_2.778,0.78491085
X769.153_2.339,0.835640632
X351.253_2.777,0.640236429
X696.443_3.02,1
X850.733_2.542,0.646761387
X769.244_2.339,0.942614331
X597.34_3.012,0.640236429
X149.082_3.816,0.640236429
X277.216_2.921,0.640236429
X293.162_2.447,0.640236429
X203.053_0.315,0.640236429
X650.901_2.339,0.727183155
X442.801_2.967,0.640236429
X769.062_2.339,0.895998054
X353.268_2.991,0.829162544
X852.539_3.253,0.810712519
X128.951_6.561,0.640449717
X836.6_3.222,0.495885062
X442.353_2.827,0.878125575
X729.418_2.987,0.640236429
X769.335_2.339,0.915880535
X632.392_3.036,0.915880535
X828.538_3.178,1
X830.554_3.171,0.374800397
X800.579_3.673,1
X384.311_3.025,0.640236429
X802.558_3.408,0.640236429
X427.267_2.561,0.810712519
X806.555_3.652,0.823274303
X834.585_3.142,0.640236429
X672.424_3.094,0.906766754
X263.2_2.895,0.888097236
X471.38_3.045,0.635538073
X914.576_3.148,0.640236429
X884.529_3.074,0.843067827
X902.538_3.013,0.836679947
X386.717_2.856,0.78491085
X427.095_0.317,0.640236429
X370.332_3.083,0.711083684
X888.559_3.236,0.752247212
X826.558_3.367,0.640236429
X900.523_3.027,1
X177.114_5.515,0.445991841
X406.732_2.889,0.640449717
X868.534_3.116,0.661839912
X524.277_2.788,0.640236429
X664.418_3.004,1
X606.377_3.126,0.640236429
X882.585_3.306,0.248184968
X108.069_4.938,0.990871366
X553.315_3.018,0.640236429
X634.371_2.921,1
X800.578_3.49,1
X886.544_3.107,0.640236429
X860.528_3.119,0.640236429
X291.146_2.393,1
X278.881_0.317,0.635538073
X912.559_3.197,0.640236429
X862.543_3.093,0.846152285
X140.118_3.821,0.741979888
X834.585_3.415,0.685493688
X852.539_3.208,0.906766754
X369.264_2.943,1
X512.276_2.766,0.640236429
X806.554_3.155,0.685407526
X111.969_5.928,0.640236429
X676.418_3.107,0.578825528
X928.555_3.093,0.577036448
X114.092_6.41,0.895998054
X137.082_4.236,1
X138.103_3.729,0.835640632
X165.114_3.752,0.906766754
X102.092_1.501,0.640236429
X452.395_3.138,0.640236429
X156.077_5.27,0.640236429
X206.14_5.037,0.640236429
X131.975_6.939,0.78491085
X177.114_4.153,0.640236429
X131.975_1.437,0.835640632
X131.975_1.336,1
X131.975_1.582,1
X131.975_1.622,0.640236429
X131.975_1.215,0.640236429
X131.975_1.273,0.640236429
X200.996_6.105,0.78491085
X117.103_0.478,1
X419.315_3.806,1
X520.334_2.299,0.640236429
X338.341_3.569,1
X284.331_2.957,0.640236429
X149.024_2.787,0.640236429
X127.039_6.785,0.640236429
X130.087_0.452,0.705945893
X125.071_0.362,0.640236429
X172.977_0.421,0.771015301
X125.071_0.349,1
X154.99_6.223,0.846118996
X154.99_5.998,1
X113.964_1.233,0.78491085
X113.964_1.04,0.640236429
X113.964_1.092,0.640236429
X113.964_1.441,0.78491085
X113.964_1.321,0.810712519
X113.964_1.186,0.836679947
X113.964_5.942,0.707419732
X141.959_2.086,0.640236429
X200.996_6.753,0.810712519
X200.996_6.378,0.640236429
X131.082_5.232,0.640236429
X155.991_5.971,0.495885062
X158.986_6.161,0.887056389
X158.986_6.273,0.640236429
X140.082_5.513,0.640236429
X356.352_3.229,0.78491085
X155.987_6.295,0.640236429
X155.988_6.157,0.640236429
X114.074_2.118,0.640236429
X276.897_6.388,1
X114.965_6.402,0.836679947
X496.34_2.935,0.798364036
X454.293_2.924,0.640236429
X369.351_3.939,0.910467758
X369.351_3.996,0.635538073
X369.351_3.84,0.640236429
X369.352_3.929,0.640236429
X127.039_2.299,0.640236429
X149.024_3.081,0.66943602
X383.331_3.439,0.936572601
X127.039_6.679,0.640236429
X309.242_3.204,0.852103056
X303.231_3.033,1
X749.39_2.868,0.640236429
X782.568_5.56,1
X325.237_3.099,0.780596861
X758.571_5.594,0.893969073
X311.258_3.272,1
X774.527_3.335,0.635538073
X800.578_3.681,1
X834.586_3.276,0.640236429
X293.211_2.8,0.836679947
X293.247_3.17,0.640236429
X758.569_4.282,0.798752843
X431.237_2.603,0.836679947
X309.206_2.654,0.640236429
X377.146_2.225,0.127043407
X542.322_2.892,0.675072111
X890.574_3.271,0.65673949
X335.222_2.771,1
X214.18_3.337,1
X323.258_3.124,0.640236429
X858.584_3.481,0.640236429
X395.363_3.276,1
X772.51_3.363,0.640236429
X698.461_3.073,0.78491085
X758.568_4.495,0.640449717
X832.569_3.326,1
X812.542_3.422,0.640236429
X584.335_2.714,0.640236429
X856.569_3.472,0.640236429
X534.319_2.722,1
X331.177_2.552,0.495885062
X336.253_2.869,0.640236429
X351.217_2.843,0.640236429
X272.222_3.326,0.680939223
X810.527_3.351,0.830862073
X784.584_5.594,0.78491085
X412.321_2.848,0.835640632
X335.222_2.829,0.640236429
X850.984_2.542,0.640449717
X510.284_2.604,1
X476.277_2.699,1
X780.551_5.547,0.640236429
X800.542_3.527,0.640236429
X508.376_2.995,0.559727548
X870.549_3.116,0.78491085
X268.227_3.253,0.982898144
X266.212_3.251,0.878125575
X520.509_4.075,0.640236429
X834.589_3.339,0.878125575
X846.549_3.166,0.495885062
X832.583_5.551,0.640236429
X238.217_3.258,1
X822.462_2.529,0.635538073
X846.548_3.104,0.495885062
X806.553_3.348,0.975538192
X376.319_3.155,0.640236429
X307.084_0.336,0.640236429
X756.553_3.783,0.640236429
X552.33_2.993,0.640236429
X725.557_5.549,1
X756.552_3.455,1
X335.222_2.652,0.635538073
X963.64_3.031,0.640236429
X786.527_3.286,1
X669.941_2.258,0.495885062
X854.552_3.333,0.640236429
X317.211_2.822,0.810712519
X434.197_2.398,0.495885062
X844.532_3.254,0.640236429
X832.568_3.188,0.640236429
X492.272_2.717,0.640236429
X884.528_3.041,0.814706718
X335.222_2.714,0.640236429
X744.554_5.58,0.640236429
X254.248_3.555,0.66943602
X822.713_2.529,0.635538073
X850.553_5.546,1
X364.357_3.592,1
X326.305_3.162,0.950093746
X680.448_3.166,0.644633419
X328.285_2.89,0.741979888
X262.907_0.32,0.281986307
X351.216_2.719,0.640236429
X558.284_2.634,0.848923212
X742.538_3.842,0.640236429
X550.315_2.658,0.910467758
X618.376_3.083,0.640236429
X560.335_2.722,0.640236429
X343.286_5.593,0.640236429
X904.554_3.248,0.640236429
X509.288_3.027,0.640236429
X379.367_3.562,0.810712519
X496.304_2.802,0.684342001
X226.216_3.571,0.836679947
X720.552_3.776,1
X872.563_3.314,0.640236429
X808.584_4.008,0.640236429
X806.554_3.347,0.895414194
X890.574_3.214,0.640236429
X862.543_3.138,0.640236429
X846.548_3.265,1
X344.279_2.867,0.640236429
X738.419_3.081,0.72011978
X862.542_3.159,0.910467758
X784.584_4.322,1
X370.163_2.298,0.18461086
X800.541_3.348,0.640236429
X510.392_3.083,0.640236429
X898.581_3.224,0.281986307
X732.554_4.063,0.640236429
X784.584_4.149,0.640236429
X291.146_2.39,0.590769253
X296.295_3.557,0.640449717
X370.259_2.81,0.640236429
X850.482_2.542,0.810712519
X784.584_4.489,1
X494.288_2.767,0.810712519
X335.222_2.596,0.640236429
X604.362_3.06,0.810712519
X654.398_3.023,0.495885062
X644.392_3.113,0.950093746
X870.549_3.217,0.640236429
X341.305_3.054,0.408304842
X285.17_2.652,0.495885062
X359.222_2.857,1
X882.585_3.443,1
X509.336_2.847,0.181990431
X890.573_3.333,0.775957572
X240.232_3.555,0.66943602
X706.496_5.006,0.640236429
X808.58_3.363,0.640236429
X683.346_3.414,0.640236429
X212.201_3.282,0.954381948
X287.633_2.895,0.640236429
X748.475_3.074,1
X1147.751_3.056,0.640236429
X209.055_2.25,0.640236429
X327.217_2.806,0.640236429
X305.001_0.304,1
X428.205_2.248,0.053570719
X375.217_2.773,0.640236429
X212.201_3.565,1
X876.521_3.124,1
X574.278_2.577,0.810712519
X583.325_5.663,0.836679947
X912.559_3.264,0.539924087
X372.347_3.021,1
X702.434_3.015,0.810712519
X179.063_2.255,0.521085553
X792.575_3.557,0.640236429
X680.48_4.957,0.640236429
X205.098_1.25,0.640236429
X370.331_3.171,0.640449717
X333.206_2.857,0.78491085
X600.33_2.645,0.741979888
X391.211_2.621,0.640236429
X464.313_2.996,0.640236429
X127.013_2.258,0.640236429
X441.21_2.551,0.640236429
X812.506_3.18,0.640236429
X834.601_5.608,0.640236429
X184.17_3.34,0.836679947
X576.33_2.64,0.78491085
X237.185_3.468,0.836679947
X508.34_2.912,0.640236429
X804.538_3.224,0.78491085
X576.33_2.713,1
X391.212_2.578,0.640236429
X914.573_3.296,0.640236429
X393.227_2.59,0.640236429
X784.584_4.411,0.936005069
X226.216_3.524,1
X912.56_3.159,0.640236429
X538.352_2.737,0.78491085
X165.055_0.414,0.640236429
X914.574_3.261,0.878125575
X704.485_3.261,0.859018932
X548.263_2.535,0.640236429
X391.211_2.639,0.640236429
X407.756_5.679,0.640236429
X904.554_3.18,0.810712519
X860.527_3.125,1
X946.563_3.132,0.640236429
X632.392_2.97,0.640236429
X359.222_2.813,0.640236429
X914.575_3.197,0.640236429
X746.46_3.062,0.640236429
X764.521_3.804,0.640236429
X574.278_2.793,0.640236429
X822.564_3.436,1
X662.437_3.088,0.640236429
X781.619_5.551,0.640236429
X758.46_3.056,0.686320983
X700.453_3.201,1
X708.408_3.001,0.694507138
X732.553_4.183,1
X934.528_2.986,0.640236429
X946.565_3.069,0.640236429
X862.546_3.216,0.640236429
X708.407_2.915,0.640236429
X800.542_3.395,0.78491085
X786.491_3.166,0.640236429
X930.569_3.182,0.932391163
X658.408_3.068,1
X464.208_2.321,0.635538073
X878.538_3.095,0.556184417
X826.595_3.872,0.640236429
X548.263_2.598,0.640236429
X776.411_2.398,0.640236429
X734.571_5.604,0.127043407
X737.541_2.399,0.348417407
X776.042_2.398,0.640236429
X737.591_2.4,0.640236429
X737.391_2.399,0.640236429
X703.574_3.965,0.914106195
X494.325_2.865,0.768759624
X921.861_2.4,0.640236429
X678.433_3.136,0.640236429
X815.7_5.599,0.640236429
X982.984_2.4,0.810712519
X1091.689_2.945,0.665527897
X776.937_2.392,0.78491085
X815.699_3.698,1
X703.574_4.082,0.865994698
X195.994_5.715,1
X834.601_3.425,0.640236429
X757.621_3.278,0.798364036
X680.412_2.954,1
X398.327_2.855,0.640236429
X536.335_2.7,0.836679947
X660.424_3.137,0.281986307
X760.474_3.064,0.856766907
X414.96_0.309,0.197351904
X758.459_2.977,0.976506284
X110.519_6.241,0.640236429
X838.629_3.294,1
X745.622_3.594,1
X834.601_3.517,1
X676.382_2.92,0.680939223
X127.039_1.365,1
X782.567_3.55,0.640236429
X703.574_4.122,0.635538073
X720.408_2.952,0.640236429
X818.322_2.401,0.640236429
X440.242_2.435,0.427274477
X806.57_3.362,0.640236429
X566.38_3.055,0.640236429
X845.967_2.338,1
X400.158_0.333,0.408304842
X284.222_2.762,0.757064068
X698.387_2.915,1
X683.846_2.364,0.408304842
X712.439_3.001,1
X806.57_3.848,0.590769253
X801.684_3.302,0.640236429
X806.57_3.256,0.640236429
X782.568_3.34,1
X381.315_3.224,0.640236429
X425.41_3.192,0.9087694
X782.569_3.91,1
X846.067_2.339,0.930331656
X1117.704_2.954,0.640236429
X678.434_3.156,0.348417407
X580.397_3.17,0.504957737
X493.341_2.862,0.635538073
X776.579_3.701,1
X538.351_2.868,0.127043407
X634.408_3.056,0.810712519
X676.382_2.983,0.640236429
X590.31_2.539,0.906766754
X806.569_3.835,1
X706.464_3.184,0.861480556
X696.407_2.929,0.810712519
X366.3_3.034,1
X215.016_0.331,0.137027784
X207.986_0.312,0.727861231
X845.866_2.338,1
X782.569_3.275,0.640236429
X944.548_3.092,0.612049321
X415.317_2.702,0.640236429
X360.275_2.608,0.495885062
X370.226_2.542,0.640236429
X306.265_2.463,0.635538073
X760.584_4.674,0.640236429
X362.327_2.694,0.640449717
X734.57_4.702,0.495885062
X734.57_4.559,1
X327.202_2.21,0.640236429
X415.254_2.264,0.640236429
X1161.769_3.06,0.919070933
X818.59_3.428,0.881690069
X440.337_2.772,0.640236429
X452.277_2.9,0.640236429
X393.21_2.245,0.640236429
X838.559_3.424,0.798752843
X437.236_2.263,0.640236429
X300.202_2.162,0.640236429
X776.579_3.77,0.732269272
X874.58_3.223,0.854665549
X459.281_2.284,0.640236429
X349.184_2.216,0.640236429
X736.543_4.947,0.640236429
X283.176_2.164,0.640236429
X540.427_3.583,0.640236429
X838.559_3.537,0.640236429
X230.212_2.638,0.836679947
X870.548_3.287,0.807640315
X818.59_3.603,0.640236429
X746.603_3.354,0.878125575
X949.624_2.926,0.810712519
X668.413_2.913,0.548168316
X902.54_3.008,0.640236429
X640.382_2.924,0.78491085
X1105.704_2.951,0.640236429
X414.321_2.745,0.966006446
X343.286_4.085,0.78491085
X523.4_3.582,0.738725151
X408.952_0.314,0.893807424
X489.228_3.175,0.640236429
X568.457_3.577,0.640236429
X886.545_3.051,0.983211742
X594.413_3.224,0.782188981
X422.194_2.28,0.640236429
X341.305_3.469,0.78491085
X708.443_3.029,1
X874.579_3.503,0.963780656
X656.376_2.991,0.640236429
X343.286_4.002,0.830862073
X842.588_3.521,1
X311.222_2.926,0.910467758
X316.285_2.8,0.968243951
X902.539_3.116,1
X403.175_2.757,0.348417407
X408.179_2.2,0.859018932
X612.351_2.913,0.906766754
X259.06_0.324,1
X373.187_2.738,1
X220.089_2.262,0.640236429
X907.526_2.579,1
X545.382_3.583,0.640236429
X370.984_0.312,0.999052586
X343.286_3.946,1
X626.33_3.247,0.861480556
X335.294_3.196,0.640236429
X319.148_2.399,0.640236429
X590.31_2.6,0.8014428
X596.391_3.062,1
X907.276_2.579,0.876578479
X614.31_2.578,0.640236429
X896.565_3.259,0.635538073
X343.286_3.811,0.810712519
X710.423_2.91,1
X298.993_0.325,0.640449717
X802.595_3.81,1
X159.969_6.632,0.640236429
X802.595_3.876,0.78491085
X786.491_3.091,0.801955878
X383.331_3.785,0.640236429
X720.408_2.916,1
X842.589_3.654,0.910467758
X594.583_4.601,0.635538073
X840.573_3.483,0.640236429
X314.163_2.031,0.640236429
X804.61_3.784,0.640236429
X301.128_2.652,0.835640632
X205.098_1.171,0.910467758
X928.554_3.119,0.727183155
X399.326_3.405,0.78491085
X648.629_5,0.640236429
X706.538_4.076,1
X826.595_3.776,0.281986307
X776.47_3.053,0.640236429
X608.321_2.529,1
X608.32_2.596,0.872593177
X614.31_2.529,0.863278519
X257.117_0.331,0.635538073
X888.558_3.196,0.640236429
X242.212_3.324,0.640236429
X205.098_0.777,0.640236429
X414.009_0.301,0.646761387
X412.306_2.696,0.408304842
X802.594_3.711,0.741979888
X286.995_0.306,1
X103.055_0.484,0.640236429
X215.07_0.325,0.640236429
X746.387_2.343,0.590769253
X592.326_2.565,0.950093746
X761.402_2.875,0.640236429
X110.021_6.396,1
X814.559_3.446,1
X293.161_2.41,0.640236429
X810.6_4.806,0.640236429
X235.09_2.641,0.74304197
X813.684_3.598,0.830862073
X850.595_3.83,0.640236429
X709.936_2.18,0.518605326
X710.079_2.18,0.640236429
X540.272_2.718,0.640236429
X462.191_2.265,0.640236429
X746.471_2.343,0.640236429
X746.304_2.342,0.640236429
X732.445_3.057,0.635538073
X802.557_3.448,0.640236429
X262.129_0.406,0.963780656
X864.573_3.369,0.78491085
X400.158_0.426,0.893807424
X864.573_3.465,0.640236429
X422.327_2.839,0.635538073
X331.177_2.552.1,0.78491085
X731.607_5.636,0.836679947
X582.32_2.721,0.640236429
X670.408_3.011,1
X375.13_2.257,0.640236429
X930.569_3.259,1
X429.372_3.888,0.640236429
X448.288_2.871,0.640236429
X582.32_2.817,0.640236429
X354.373_3.821,0.66943602
X141.959_6.543,0.680489158
X760.474_3.147,0.640236429
X546.28_2.319,1
X632.428_3.094,0.878125575
X258.28_2.809,1
X930.57_3.096,1
X604.361_3.064,0.640236429
X900.523_3.093,0.835640632
X264.127_2.276,1
X630.376_3.081,0.495885062
X109.023_6.388,0.810712519
X381.384_3.721,0.810712519
X769.556_5.559,0.640236429
X586.795_2.336,0.78491085
X370.295_2.792,0.640236429
X616.325_2.61,0.640236429
X546.029_2.319,0.673478896
X894.548_3.278,0.640236429
X441.118_2.677,0.640236429
X572.262_2.564,1
X812.506_3.271,0.640236429
X678.397_2.89,0.640236429
X630.413_3.089,1
X350.305_3.336,1
X734.459_2.999,0.848923212
X776.506_3.219,0.640236429
X588.366_3.086,0.640236429
X297.29_3.234,0.640236429
X689.559_3.645,0.810712519
X918.534_3.025,0.640449717
X572.263_2.557,0.752247212
X205.017_5.505,0.78491085
X658.407_3.012,0.640236429
X268.983_0.335,0.640236429
X574.279_2.559,0.640236429
X537.17_0.427,0.810712519
X878.54_3.156,0.85911818
X620.356_2.999,0.878125575
X427.133_2.772,0.640236429
X407.346_3.704,0.640236429
X928.553_3.201,0.640236429
X820.211_2.39,0.74304197
X878.754_2.555,0.635538073
X864.572_3.503,0.640236429
X832.585_3.861,0.848923212
X702.434_3.064,0.78491085
X832.532_3.351,0.640236429
X704.448_3.082,0.810712519
X271.104_0.42,0.640236429
X385.129_0.304,0.495885062
X726.469_3.225,0.640236429
X730.464_3.193,0.694507138
X138.043_0.325,0.495885062
X702.434_3.129,0.640236429
X777.148_2.391,1
X238.111_2.16,0.635538073
X634.412_3.027,0.640236429
X878.55_3.264,0.640236429
X730.465_3.156,0.878125575
X386.29_2.704,0.640236429
X613.16_0.396,1
X806.57_4.101,0.836679947
X962.56_3.064,0.78491085
X592.567_4.398,0.640236429
X894.548_3.257,0.495885062
X138.043_0.408,0.640236429
X415.357_3.504,0.982898144
X254.095_2.573,0.78491085
X962.559_3.094,0.878125575
X385.333_3.644,0.640236429
X252.079_2.625,0.635538073
X319.227_2.913,0.635538073
X137.038_5.762,0.640236429
X113_0.358,0.836679947
X616.326_2.561,0.79783566
X799.668_3.582,0.640236429
X249.149_2.639,0.640236429
X760.584_4.341,0.640236429
X734.569_4.31,0.640236429
X760.584_4.578,0.836679947
X734.569_4.399,0.878125575
X734.57_4.45,0.640236429
X462.192_2.403,0.281986307
X760.585_4.737,0.635538073
X786.6_4.602,0.810712519
X812.543_3.297,0.741979888
X442.353_2.819,0.680489158
X786.6_4.521,0.640236429
X335.143_2.416,0.640236429
X592.325_2.623,0.878125575
X777.043_2.391,0.846118996
X820.155_2.39,0.846118996
X916.519_2.98,1
X820.1_2.391,1
X820.322_2.391,0.640236429
X263.146_0.316,0.752247212
X182.082_0.405,0.642456586
X776.99_2.391,0.705945893
X777.201_2.39,0.78491085
X868.399_2.391,0.640236429
X868.458_2.39,0.640236429
X706.538_3.951,0.640236429
X618.341_2.519,0.640236429
X820.267_2.391,0.640236429
X552.295_2.672,0.640236429
X510.319_2.774,0.640236429
X850.594_3.601,0.74304197
X922.549_2.391,0.640236429
X590.273_2.56,0.836679947
X730.429_3.016,0.680489158
X868.34_2.391,1
X934.529_2.963,0.640236429
X801.433_2.883,0.705945893
X594.342_2.705,1
X757.622_5.627,1
X840.573_3.566,0.640236429
X572.264_2.549,0.640449717
X632.322_2.44,0.640236429
X632.32_2.567,0.835640632
X718.429_3.073,0.78491085
X470.384_2.9,0.640236429
X822.563_3.369,0.640236429
X704.413_3.092,1
X766.448_2.91,0.836679947
X512.336_2.83,0.66943602
X820.044_2.391,1
X285.903_0.302,0.640236429
X738.454_3.014,0.78491085
X824.579_3.738,0.836679947
X244.093_0.305,1
X842.552_3.319,0.836679947
X332.244_2.494,0.640236429
X335.222_2.518,0.640236429
X774.601_5.586,0.640236429
X246.17_2.138,0.640236429
X648.317_2.404,0.640236429
X726.419_2.89,1
X127.039_6.611,0.640236429
X801.815_2.767,1
X808.57_3.8,0.640236429
X706.509_3.065,0.640236429
X418.389_2.874,1
X574.432_3.086,0.635538073
X808.57_3.922,0.640236429
X736.44_3.005,0.640236429
X445.232_2.773,0.780596861
X808.569_3.971,0.640236429
X282.168_2.507,0.836679947
X872.564_3.226,0.640236429
X468.39_3,0.640236429
X415.321_3.148,0.810712519
X268.104_0.302,0.495885062
X530.406_3.094,1
X830.553_3.314,0.495885062
X746.554_2.343,0.640236429
X392.41_2.108,0.835640632
X814.148_2.344,0.635538073
X666.47_3.143,0.836679947
X814.24_2.343,0.640236429
X666.399_3.04,0.495885062
X814.057_2.343,0.640236429
X792.574_3.47,0.640449717
X679.068_2.179,0.221045954
X552.331_3.035,0.640236429
X130.534_6.153,0.640236429
X548.541_4.355,0.640236429
X720.443_2.989,0.810712519
X307.677_3.221,0.910467758
X689.128_2.341,0.635538073
X690.433_2.989,0.8014428
X493.341_2.806,0.635538073
X1131.721_2.956,0.635538073
X758.46_3.114,0.539924087
X401.341_3.451,0.640236429
X760.585_5.61,0.635538073
X366.373_3.76,0.878125575
X782.569_4.084,0.810712519
X340.357_3.666,0.495885062
X321.315_3.572,1
X782.569_4.138,0.810712519
X786.602_5.6,0.127043407
X758.569_4.338,0.640236429
X669.741_2.258,0.640236429
X782.569_4.198,0.640236429
X774.564_3.449,0.640236429
X660.547_2.42,0.640236429
X772.547_3.524,0.958781388
X774.565_3.634,0.640236429
X242.567_2.774,0.640236429
X538.52_4.176,0.66943602
X288.633_2.894,0.640236429
X383.243_2.8,0.640236429
X566.31_2.557,1
X328.916_6.454,0.780596861
X830.571_3.706,0.878125575
X218.985_0.327,0.78491085
X110.02_5.98,0.640236429
X182.985_6.327,0.810712519
X328.915_6.305,0.408304842
X328.915_6.207,0.635538073
X328.916_6.068,0.810712519
X328.915_6.123,0.78491085
X328.916_5.996,0.910467758
X328.916_5.92,0.640236429
X287.889_6.433,1
X156.991_6.322,0.640236429
X109.023_6.094,0.846152285
X109.023_5.81,0.640236429
X109.023_5.957,0.829162544
X156.991_6.263,1
X224.012_5.946,0.640236429
X224.012_6.075,0.878125575
X287.889_6.264,0.640236429
X138.996_5.905,0.906766754
X138.996_5.988,0.640236429
X141.959_6.052,0.780596861
X224.012_6.219.1,0.640236429
X138.996_6.184,0.640236429
X224.012_6.403,0.640236429
X224.012_6.359,1
X158.986_6.213,1
X130.534_5.797,0.640236429
X138.996_6.425,0.640449717
X158.986_6.327,0.640236429
X130.534_5.853,0.640236429
X312.326_3.533,0.181990431
X115.964_6.221,0.640236429
X110.519_6.375,1
X115.965_6.432,0.640236429
X110.519_6.297,0.640236429
X110.519_6.337,0.640236429
X122.964_6.349,0.878125575
X110.519_5.887,0.640236429
X110.519_6.131,0.640236429
X158.986_6.377,1
X110.519_6.042,0.78491085
X115.965_6.486,0.836679947
X169.978_5.921,1
X122.964_6.155,0.640236429
X122.964_6.235,0.640236429
X115.965_6.536,0.640236429
X361.236_2.988,0.640236429
X787.668_3.937,0.848923212
X705.37_2.412,0.640236429
X703.575_3.896,1
X512.756_2.233,1
X810.6_4.678,1
X854.553_3.58,0.640236429
X331.675_3.046,0.640236429
X462.227_2.432,0.835640632
X870.55_3.096,0.640236429
X126.022_0.443,0.810712519
X790.56_3.318,0.640236429
X918.535_2.976,0.725447575
X846.547_3.339,0.640449717
X293.211_3.087,0.635538073
X568.325_2.645,0.640236429
X309.206_2.858,0.640236429
X279.117_2.333,0.640236429
X311.222_2.808,0.640236429
X816.573_3.512,1
X610.335_2.957,0.798364036
X430.016_0.313,0.78491085
X724.403_2.978,1
X896.565_3.2,1
X836.601_4.181,0.810712519
X184.17_2.63,0.835640632
X766.449_3.029,0.878125575
X722.46_3.017,0.640236429
X824.565_3.13,0.640236429
X335.279_3.001,0.640236429
X320.975_0.302,0.836679947
X834.6_4.121,1
X810.601_4.362,0.843067827
X834.601_4.514,0.835640632
X790.537_3.75,0.640449717
X834.601_4.453,0.878125575
X834.601_4.577,0.640236429
X822.564_3.545,0.448504433
X708.511_4.989,0.996718791
X748.526_3.883,0.878125575
X790.537_3.877,1
X792.554_3.989,0.640236429
X792.554_4.114,0.966785112
X792.554_4.048,0.640449717
X131.082_4.275,1
X758.569_4.567,0.848923212
X703.575_5.628,0.635538073
X792.554_4.169,0.640236429
X906.569_3.264,0.78491085
X526.315_5.668,0.640236429
X907.025_2.577,0.836679947
X884.599_3.32,0.640236429
X306.152_2.932,0.640236429
X1015.672_2.923,0.798364036
X311.162_3.045,0.640236429
X345.155_2.651,0.640236429
X621.445_2.18,0.640236429
X556.443_3.104,0.640236429
X886.543_3.166,0.78491085
X539.022_0.304,1
X273.019_0.308,0.78491085
X886.543_3.252,0.635538073
X496.421_3.132,0.640236429
X622.371_3.049,0.848923212
X830.554_3.264,0.548168316
X172.206_2.507,0.640236429
X813.684_3.91,0.66943602
X424.342_2.894,0.872593177
X724.218_2.769,1
X599.241_2.765,1
X573.32_3.222,1
X577.519_3.773,0.640236429
X165.164_2.712,0.640236429
X603.535_3.742,0.640236429
X1273.605_3.33,0.640236429
X806.57_3.972,0.640236429
X584.336_2.769,0.613233907
X173.133_3.319,0.250666617
X158.922_0.307,0.298139924
X570.282_2.995,0.640236429
X385.346_3.414,0.810712519
X339.138_2.425,0.640236429
X209.178_3.324,0.279734595
X385.346_3.596,0.878125575
X272.222_2.735,0.408304842
X830.569_3.79,1
X613.16_0.32,0.640449717
X676.418_3.012,0.408304842
X975.639_2.948,0.78491085
X566.345_3.09,0.640236429
X706.501_3.346,0.910467758
X663.454_5.038,0.950093746
X103.055_0.597,1
X258.11_0.309,0.640236429
X301.114_0.419,0.640236429
X774.563_3.651,0.640236429
X353.191_2.187,0.635538073
X683.511_2.365,0.640236429
X632.321_2.569,0.878125575
X166.042_2.26,0.640236429
X163.031_2.26,0.640236429
X375.217_2.781,0.635538073
X407.957_2.12,0.78491085
X352.182_2.856,0.640236429
X706.428_2.946,0.640449717
X142.949_0.309,0.350924313
X112.087_3.698,0.958781388
X1169.773_3.053,0.760660263
X214.181_3.152,0.640236429
X884.528_3.162,1
X810.526_3.365,0.836679947
X764.433_2.927,0.640236429
X399.395_3.27,0.775957572
X399.326_3.519,0.878125575
X426.357_2.922,0.848923212
X554.345_3.062,0.810712519
X820.605_3.752,0.920337679
X622.444_3.339,0.910467758
X640.381_2.94,0.640236429
X274.991_0.316,0.640236429
X536.371_3.013,0.705945893
X448.211_2.372,0.906766754
X898.58_3.459,1
X728.485_3.29,0.848923212
X747.719_2.337,0.836679947
X802.595_3.942,0.829162544
X813.684_3.287,0.878125575
X594.582_4.804,0.640236429
X806.555_3.31,0.640449717
X472.399_2.958,0.640236429
X366.132_2.184,0.798364036
X682.393_2.927,1
X734.569_4.504,0.848923212
X327.231_3.019,0.640236429
X502.224_2.413,0.640236429
X352.291_3.851,0.640236429
X151.098_3.764,0.798364036
X436.176_2.342,1
X848.579_3.734,0.640236429
X694.428_3.078,0.640236429
X392.978_0.309,0.281986307
X508.34_3.061,0.640236429
X685.393_3.003,0.640236429
X641.367_3.064,0.640236429
X675.543_3.558,0.640236429
X451.315_2.964,0.640236429
X414.96_0.304,0.495885062
X856.568_3.379,0.78491085
X810.601_5.6,0.836679947
X108.069_4.64,0.640236429
X351.253_2.805,0.640236429
X944.55_3.076,1
X526.314_3.393,0.640236429
X526.315_5.76,0.640236429
X594.311_2.18,0.495885062
X815.699_3.334,0.640236429
X836.602_3.252,0.640236429
X804.538_3.258,0.810712519
X352.321_3.202,0.640236429
X732.553_4.261,0.640236429
X129.066_3.574,1
X734.498_3.252,1
X834.586_3.897,0.835640632
X810.6_4.843,0.640236429
X834.585_3.964,0.810712519
X621.32_2.18,0.640236429
X638.366_3.044,0.835640632
X836.613_3.355,0.640236429
X576.329_2.791,0.640236429
X912.558_3.285,1
X600.33_2.804,0.640236429
X370.983_0.307,0.640236429
X291.07_0.408,0.640236429
X784.584_3.275,0.640236429
X688.454_3.212,0.810712519
X836.613_5.59,0.640236429
X719.57_3.725,0.626435742
X285.083_0.446,0.640236429
X784.585_5.595,0.640236429
X858.584_3.415,0.640236429
X258.11_2.954,0.640236429
X293.211_2.694,1
X876.524_3.133,1
X112.036_5.195,0.78491085
X800.579_3.784,0.640449717
X112.036_4.857,0.640236429
X132.549_4.966,0.640236429
X574.313_2.635,0.640236429
X112.036_4.793,0.640236429
X135.079_4.526,0.640236429
X768.553_4.271,0.78491085
X393.225_2.522,0.640236429
X850.595_3.759,0.640236429
X842.551_3.341,0.640236429
X475.244_2.77,1
X768.553_4.333,0.640236429
X788.616_4.205,0.78491085
X792.554_4.226,0.640236429
X732.553_4.124,1
X161.092_0.387,0.640236429
X343.285_4.054,0.810712519
X734.57_4.658,0.810712519
X701.558_3.623,1
X140.082_3.551,1
X701.558_3.695,1
X622.613_4.944,0.640236429
X378.78_3.494,1
X338.476_3.558,0.640236429
X564.535_4.148,0.640236429
X668.378_2.923,0.635538073
X1075.695_2.976,0.640236429
X440.314_2.95,0.640236429
X794.532_3.407,0.640236429
X406.164_2.363,0.640236429
X608.356_3.125,0.640236429
X744.48_3.262,1
X864.521_3.258,0.640236429
X848.564_3.208,1
X265.144_2.511,0.640236429
X729.42_3.043,0.640236429
X513.269_2.294,0.78491085
X550.314_2.664,1
X650.403_3.014,0.007003985
X760.584_4.778,0.640236429
X372.347_2.911,0.640236429
X836.606_3.279,0.640236429
X283.019_0.328,1
X946.565_3.105,0.66943602
X464.082_0.468,0.640236429
X368.352_2.957,0.640236429
X341.305_3.379,0.990871366
X736.544_4.956,0.640236429
X284.099_0.423,0.495885062
X150.058_0.359,0.640236429
X341.305_3.579,0.635538073
X804.61_3.868,0.906766754
X341.305_3.471,0.640236429
X505.389_3.559,0.635538073
X814.558_3.514,0.640236429
X746.569_5.544,0.640236429
X478.322_2.93,0.640236429
X291.146_2.33,0.640236429
X826.594_3.853,1
X904.553_3.289,0.640236429
X423.909_2.296,0.640236429
X205.098_1.22,0.640236429
X648.424_3.067,0.635538073
X785.652_5.596,0.640236429
X912.56_3.117,1
X824.538_5.541,0.640236429
X352.291_5.59,0.640236429
X381.351_3.848,1
X391.284_0.702,0.640236429
X622.407_3.119,0.635538073
X729.59_3.973,0.640236429
X768.553_5.567,0.640236429
X902.538_3.238,0.640236429
X556.277_2.159,0.640236429
X842.589_3.698,0.640236429
X538.52_4.168,0.640236429
X810.6_4.741,0.878125575
X810.6_4.625,0.640449717
X558.283_2.791,0.640236429
X539.367_2.949,0.640236429
X517.255_2.771,0.640236429
X418.223_2.772,0.640236429
X442.221_2.387,0.495885062
X400.159_0.337,0.127043407
X592.326_2.527,0.836679947
X415.157_0.304,0.640236429
X301.115_0.328,1
X632.321_2.535,0.640236429
X662.403_3.148,0.640236429
X766.536_3.971,1
X608.32_2.651,0.640236429
X930.569_3.313,0.640236429
X590.274_2.559,0.640236429
X353.269_2.989,0.640236429
X630.305_2.513,0.640236429
X298.993_0.33,0.495885062
X834.528_3.349,1
X748.583_3.524,0.640236429
X748.583_3.471,0.640236429
X114.103_3.728,0.78491085
X408.309_3.31,0.640236429
X424.283_3.332,0.640236429
X703.574_4.223,0.640236429
X804.61_3.876,0.640236429
X250.178_3.373,0.640236429
X722.459_3.049,0.281986307
X370.367_3.219,0.640236429
X708.511_5.08,0.78491085
X804.61_3.968,0.878125575
X636.352_2.816,0.78491085
X708.48_3.293,0.640236429
X456.237_2.385,0.640236429
X322.274_2.86,0.640236429
X180.138_3.213,0.640236429
X796.547_3.628,1
X490.01_2.106,0.836679947
X392.209_2.161,0.640449717
X520.509_4.181,0.810712519
X461.739_2.087,0.640236429
X439.98_2.09,0.640236429
X284.099_0.314,0.640236429
X368.389_3.87,0.014900576
X264.078_2.788,0.640236429
X759.638_5.605,0.640236429
X383.367_4.065,0.640236429
X142.027_0.328,0.181990431
X214.18_2.639,0.640236429
X198.186_2.605,0.640236429
X810.6_4.952,0.640236429
X215.139_0.439,0.640236429
X386.961_0.313,0.640236429
X810.6_5.007,0.640236429
X810.6_5.504,1
X834.6_4.663,1
X732.443_3.037,0.640236429
X236.201_3.428,1
X676.381_3.024,0.635538073
X784.584_4.62,0.640236429
X108.069_4.53,0.640236429
X126.022_0.447,0.640236429
X796.547_3.587,0.640236429
X332.219_2.219,1
X398.326_2.87,0.640236429
X430.39_2.963,0.640236429
X293.133_2.359,0.640236429
X832.532_3.436,0.640236429
X782.532_3.34,0.640236429
X269.137_2.454,1
X506.36_3.003,0.640236429
X934.529_3.044,0.640236429
X263.091_2.771,0.640236429
X694.464_3.127,0.640236429
X680.412_3.116,0.640236429
X267.159_2.667,0.836679947
X662.439_3.169,1
X460.27_2.905,0.640236429
X457.987_2.135,1
X271.104_0.331,0.640236429
X626.33_3.277,1
X225.113_2.417,0.78491085
X882.585_3.628,0.640236429
X686.438_3.138,0.640236429
X704.448_3.178,0.635538073
X676.417_3.058,1
X559.151_0.434,0.640236429
X766.5_3.304,0.640236429
X397.382_4.184,0.640236429
X182.588_2.711,0.640236429
X672.423_3.1,0.640236429
X294.243_2.738,0.640236429
X408.951_0.308,0.640236429
X834.528_3.29,0.640236429
X348.07_0.322,0.640236429
X703.574_4.303,0.640236429
X834.584_3.416,0.640236429
X780.539_3.606,0.640236429
X149.095_5.377,0.640236429
X358.295_3.078,1
X266.095_2.66,0.640236429
X748.547_3.418,0.810712519
X137.038_5.784,0.640236429
X108.069_4.381,0.640236429
X137.038_5.831,0.640236429
X362.181_2.485,0.640236429
X758.569_4.65,0.640236429
X1063.671_2.922,0.635538073
X186.222_2.557,0.640236429
X122.072_3.9,0.181990431
X407.346_3.639,0.640236429
X398.34_3.584,0.640236429
X759.637_3.27,0.640236429
X759.637_3.187,0.640236429
X153.041_0.4,0.181990431
X862.624_3.581,0.640236429
X263.081_2.818,0.640236429
X836.601_4.111,0.640236429
X142.027_0.321,0.640236429
X678.471_3.313,0.640236429
X756.55_5.552,0.640236429
X352.291_3.779,0.495885062
X706.538_4.03,0.640236429
X758.569_5.591,0.640236429
X450.227_2.354,0.640236429
X632.393_3.035,0.640236429
X814.558_3.571,0.640236429
X622.371_2.984,0.640236429
X834.601_4.851,0.640236429
X708.512_4.975,0.495885062
X736.543_5.021,0.640236429
X427.096_0.313,0.635538073
X540.447_3.12,0.640236429
X584.473_3.112,0.640236429
X560.416_3.14,0.640236429
X278.99_2.48,0.640236429
X428.337_3.131,0.640236429
X128.933_0.333,0.640236429
X256.821_0.331,0.640236429
X222.889_0.32,0.640236429
X561.38_2.951,0.640236429
X1019.704_3.032,0.640236429
X275.929_0.33,0.640236429
X254.824_0.336,0.640236429
X138.907_0.342,0.640236429
X229.942_0.3,0.640236429
X258.818_0.339,0.640236429
X248.892_0.31,0.640236429
X435.347_3.256,0.635538073
X587.343_2.879,0.640236429
X878.538_3.154,0.408304842
X664.454_3.212,0.640236429
X799.668_3.612,0.640236429
X570.357_2.934,0.181990431
X400.764_5.609,0.640236429
X113.964_1.541,0.640236429
X884.526_3.082,0.640236429
X664.418_3.08,0.640236429
X302.973_0.311,0.640236429
X177.958_0.317,0.640236429
X1039.674_2.917,0.640236429
X559.347_2.335,0.640236429
X417.337_3.296,0.495885062
X834.602_3.204,0.640236429
X764.523_3.785,0.640236429
X340.284_3.153,0.640236429
X882.57_3.622,0.640236429
X922.611_2.391,0.640236429
X922.674_2.39,0.640236429
X488.242_2.487,0.640236429
X866.589_3.607,0.640236429
X729.59_3.837,0.640236429
X884.6_3.286,0.640236429
X552.402_3.174,0.640236429
X706.496_4.937,0.640236429
X520.509_4.14,0.640236429
X703.575_3.835,0.181990431
X782.569_4.257,0.640236429
X834.601_4.284,0.640236429
X703.574_4.167,0.640236429
X758.457_3.022,0.640236429
X184.17_2.79,0.640236429
X758.57_3.242,0.640236429
X716.448_3.143,0.640236429
X718.574_3.537,0.640236429
X512.299_2.765,0.635538073
X526.314_3.466,0.640236429
X799.668_3.364,0.640236429
X799.668_3.367,0.640236429
X606.376_3.028,0.640236429
X648.629_5.246,0.640236429
X799.668_3.618,0.640236429
X350.305_2.96,0.281986307
X394.338_3.998,0.640236429
X385.333_4.003,0.640236429
X610.334_3.338,0.640236429
X398.34_3.936,0.640236429
X600.331_2.658,0.640236429
X666.435_3.08,0.181990431
X217.12_4.979,0.640236429
X380.147_2.27,0.635538073
X512.336_2.725,0.640236429
X813.684_3.252,0.640236429
X734.569_5.603,0.640236429
X368.315_3.007,0.640236429
X748.475_3.146,0.495885062
X806.57_4.031,0.640236429
X774.563_3.58,0.635538073
X776.579_3.556,0.127043407
X826.594_3.633,0.495885062
X403.358_3.54,0.408304842
X538.52_4.124,0.640236429
X758.569_4.699,0.640236429
X811.667_3.276,0.640236429
X811.667_3.348,0.640236429
X663.454_4.973,0.640236429
X240.196_2.725,0.181990431
X541.361_2.79,0.640236429
X293.284_3.382,0.495885062
X834.6_4.685,0.640236429
X832.584_3.997,0.640236429
X352.357_3.661,0.640236429
X884.598_3.358,0.635538073
X398.34_3.841,0.640236429
X385.333_3.54,0.640236429
X342.336_3.415,0.640236429
X690.432_3.137,0.635538073
X291.159_2.637,0.640236429
X714.47_3.288,0.640236429
X380.112_0.423,0.640236429
X610.405_3.071,0.640236429
X399.325_3.594,0.640236429
X119.049_2.765,0.635538073
X748.547_3.567,0.640236429
X758.569_4.798,0.640236429
X1494.145_5.572,0.640236429
X366.299_3.044,0.640236429
X528.33_2.778,0.635538073
X732.555_5.586,0.640236429
X731.39_2.873,0.640236429
X748.548_3.524,0.640236429
X836.616_3.594,0.640236429
X583.325_5.73,0.640236429
X850.578_3.381,0.640236429
X399.764_5.68,0.640236429
X415.261_5.724,0.640236429
X417.337_3.425,0.640236429
X217.108_2.231,0.640236429
X286.996_0.312,0.495885062
X441.321_3.128,0.640236429
X619.442_3.182,0.640236429
X836.614_3.283,0.640236429
X226.975_1.957,0.640236429
X374.327_2.794,0.640236429
