filename,LVB_142DPI
X137.046_0.35,0.001441587
X269.088_0.35,0.002265299
X169.036_0.375,0.554409796
X338.342_3.533,1
X387.181_2.767,0.002431167
X311.081_2.525,1
X228.196_2.71,0.554409796
X404.207_2.768,0.002431167
X496.341_2.926,0.551876339
X310.31_3.391,1
X228.196_3.321,0.73352908
X285.022_2.394,0.711304283
X336.326_3.156,0.554409796
X524.372_3.04,0.554409796
X596.357_2.948,0.192777265
X409.162_2.768,0.003982168
X244.191_2.61,1
X624.388_3.054,0.062093443
X226.181_2.61,1
X238.1_2.259,1
X226.181_3.32,0.874740699
X244.191_3.324,0.572400722
X638.403_3.073,0.01970619
X287.018_2.395,0.656597049
X489.228_2.768,0.000917852
X110.021_5.865,0.925539989
X312.326_3.521,0.031541201
X610.372_2.951,0.679762208
X110.021_6.211,1
X580.361_2.989,0.002265299
X183.15_2.549,0.554409796
X637.306_3.32,0.22148413
X146.981_3.86,0.883676736
X105.07_2.767,0.002431167
X352.321_3.187,0.176259532
X432.238_2.769,0.110442095
X200.165_3.207,0.265396987
X267.123_2.767,0.003476579
X200.165_2.552,0.847360888
X126.022_0.338,0.554409796
X608.393_3.098,0.110442095
X666.434_3.024,0.847360888
X123.056_0.323,0.554409796
X240.097_2.259,1
X522.357_2.957,0.131391022
X482.325_3.027,0.874740699
X308.295_3.045,0.554409796
X650.44_3.113,0.90255105
X333.063_2.524,0.679762208
X594.377_3,0.819883408
X282.279_3.26,0.572400722
X285.133_2.768,0.002265299
X790.38_2.768,0.001097838
X582.341_3.046,0.238925729
X622.409_3.109,0.711304283
X100.076_2.546,0.554409796
X366.373_3.699,0.158906213
X401.342_3.422,0.238925729
X340.357_3.733,0.565930283
X636.388_2.978,0.786149473
X214.181_2.634,0.160925177
X198.15_2.471,0.925539989
X132.102_0.307,0.010300448
X113.964_6.456,1
X110.021_5.953,1
X369.352_3.849,0.783026598
X369.17_2.767,0.001097838
X568.341_2.887,0.110442095
X221.111_2.312,0.554409796
X321.315_3.533,0.554409796
X208.17_3.328,0.554409796
X216.196_2.567,0.379006802
X313.077_2.525,1
X354.337_3.278,0.554409796
X216.16_2.471,0.858814452
X137.046_0.42,0.003019147
X111.092_5.384,0.379006802
X652.382_2.947,0.554409796
X520.341_2.89,0.252725815
X425.136_2.773,0.554409796
X795.335_2.768,0.001943688
X280.263_3.169,0.554409796
X256.264_3.225,0.002265299
X198.186_3.331,0.59965439
X113.964_6.627,1
X111.092_5.093,0.554409796
X256.227_2.847,0.847360888
X295.227_3.017,0.04049528
X111.092_4.634,1
X454.294_2.917,0.364033825
X122.072_5.438,0.489947517
X554.31_2.942,0.208187153
X544.34_2.89,0.160925177
X103.956_5.525,0.903294334
X646.408_3.051,0.554409796
X232.191_2.63,0.119000081
X308.295_3.285,0.554409796
X524.335_2.977,0.551876339
X680.414_3.051,0.096566465
X230.248_2.715,0.137275242
X678.469_3.244,0.768455721
X224.084_2.236,0.160925177
X281.102_2.768,0.005944731
X526.294_2.877,0.554409796
X301.285_2.662,0.73352908
X216.16_3.213,0.554409796
X375.199_2.868,0.656597049
X283.118_2.713,0.551876339
X664.419_3.086,0.344493092
X343.296_2.691,0.903294334
X608.393_3.002,0.554409796
X550.351_3.01,0.554409796
X324.29_3.082,0.031541201
X128.118_5.106,0.554409796
X175.148_2.71,0.554409796
X278.248_3.1,0.192777265
X266.173_2.61,0.629072885
X250.178_2.71,0.819883408
X198.149_3.205,0.554409796
X566.346_3.087,1
X607.227_2.771,0.551876339
X385.346_3.54,0.767950489
X650.366_2.938,0.096947108
X272.222_2.957,0.326871148
X340.285_3.14,0.087998272
X734.57_3.377,0.768455721
X191.143_3.329,0.554409796
X622.408_3.044,0.554409796
X113.964_6.749,0.554409796
X173.132_3.332,1
X296.258_2.976,0.001943688
X324.326_3.469,0.554409796
X568.361_2.947,0.743606903
X319.3_3.156,0.468316975
X199.989_2.374,0.554409796
X678.471_3.228,0.379006802
X622.372_2.977,0.554409796
X334.311_3.335,0.803670077
X480.309_2.951,0.013730392
X502.294_2.879,0.572400722
X786.601_3.279,0.702656814
X674.439_3.163,0.551876339
X184.074_0.312,0.554409796
X113.964_1.584,0.554409796
X175.148_3.322,0.656597049
X385.346_3.401,0.554409796
X113.964_1.491,0.554409796
X387.192_2.843,0.158906213
X474.249_2.887,0.554409796
X786.601_3.393,1
X128.118_4.636,0.554409796
X678.398_3.039,0.326871148
X660.424_3.08,0.943534845
X242.212_3.159,0.610191451
X694.429_3.054,0.551876339
X654.332_3.32,0.119000081
X416.337_2.79,0.003476579
X666.397_2.955,0.554409796
X414.14_2.772,0.58113855
X636.424_3.106,0.00817703
X801.313_2.768,0.031541201
X103.956_5.454,0.554409796
X991.673_2.928,0.580259767
X800.313_2.771,0.252725815
X668.413_2.991,0.554409796
X313.016_2.379,0.899490361
X538.315_2.977,0.551876339
X429.191_2.885,0.088994577
X606.378_3.022,0.554409796
X680.45_3.157,0.554409796
X692.414_2.985,0.554409796
X256.227_3.448,0.554409796
X1022.625_3.326,0.91637196
X254.212_2.739,0.938590682
X230.175_2.591,0.768455721
X180.175_2.611,0.860592559
X446.218_2.884,0.039543845
X620.393_3.029,0.90255105
X313.144_3.062,0.301514508
X152.995_6.215,0.554409796
X397.379_3.191,1
X326.306_3.148,0.943534845
X205.017_5.778,0.971335925
X172.133_3.109,0.554409796
X652.383_2.943,0.747559946
X374.303_3.189,0.674159505
X172.134_2.343,0.679762208
X670.393_2.893,1
X510.356_2.983,0.554409796
X109.023_5.881,0.554409796
X242.212_2.78,0.554409796
X654.398_2.907,0.847360888
X149.082_4.832,0.379006802
X153.041_0.336,0.145879822
X254.212_2.792,0.554409796
X402.358_2.884,0.554409796
X221.06_2.396,0.526646812
X650.403_3.074,0.711304283
X476.24_2.164,0.001097838
X688.455_3.179,0.661696097
X329.316_2.758,0.554409796
X123.079_4.851,0.704775564
X787.668_3.596,0.73352908
X622.372_3.037,0.304380633
X705.225_2.339,0.238925729
X166.087_0.522,0.637627751
X371.327_2.803,0.554409796
X652.418_3.02,0.286709927
X676.419_3.043,0.554409796
X682.363_3.329,0.001441587
X141.959_6.151,1
X153.041_0.412,0.358853845
X370.332_3.032,0.119455488
X277.216_3.018,0.068605869
X306.279_2.989,0.747559946
X518.322_2.93,0.390053235
X475.989_2.164,0.001097838
X705.141_2.339,0.551876339
X668.377_2.925,0.554409796
X596.393_3.06,0.335806795
X652.418_3.078,0.301514508
X554.288_2.924,0.119000081
X367.336_3.39,0.177312912
X676.454_3.145,1
X440.359_2.985,0.006309821
X226.081_2.237,0.22148413
X718.429_3.009,0.786149473
X120.102_0.391,0.414690915
X103.956_4.386,1
X142.035_0.315,0.497888571
X482.361_2.958,0.943534845
X119.049_2.77,0.554409796
X149.082_4.735,0.960128661
X566.382_3.018,0.554409796
X285.217_3.322,0.943308393
X368.316_2.962,0.404535835
X268.227_2.861,0.62112018
X682.429_3.009,0.286709927
X158.962_2.581,0.554409796
X142.948_0.306,0.551876339
X254.212_3.447,0.610960407
X289.014_2.395,0.554409796
X696.445_3.083,0.077692015
X638.366_2.95,0.369085307
X776.253_2.398,0.379006802
X732.444_2.968,0.554409796
X296.146_2.932,0.554409796
X720.445_3.09,0.208187153
X272.222_3.45,1
X293.211_2.931,0.035868723
X141.959_1.787,0.712494687
X141.959_1.904,0.930711505
X398.033_0.301,0.768455721
X230.176_2.586,0.031053893
X238.142_2.469,0.554409796
X534.286_3.175,0.554409796
X158.962_2.089,1
X141.959_1.562,0.938590682
X396.332_2.991,0.004176721
X594.341_2.975,0.543428347
X652.419_3.146,0.882174463
X368.316_3.329,0.031541201
X141.959_1.379,1
X145.979_5.543,0.803670077
X303.232_3.023,0.087231946
X141.959_1.2,0.938590682
X720.444_3.034,0.554409796
X666.397_3.021,0.554409796
X251.037_0.329,0.554409796
X478.294_2.879,0.054985287
X141.959_1.295,0.938590682
X303.305_3.549,0.554409796
X114.092_2.075,0.741740004
X254.212_3.319,0.870635284
X141.959_1.101,0.72989417
X694.428_3.006,0.928729292
X632.393_3.152,1
X810.601_3.479,0.846858079
X186.15_2.46,0.379006802
X484.385_2.982,0.004530537
X708.409_2.912,1
X114.092_0.357,0.554409796
X150.059_0.3,0.04049528
X776.2_2.398,0.158906213
X245.175_3.33,1
X352.357_3.617,0.641982143
X819.378_2.399,0.22068692
X494.324_2.861,0.00817703
X141.959_5.867,0.554409796
X120.066_0.596,0.554409796
X108.045_2.395,0.554409796
X138.995_6.301,0.554409796
X307.083_0.407,0.031541201
X141.959_6.954,0.661696097
X114.092_2.178,0.742604057
X787.667_3.383,0.551876339
X114.092_6.756,1
X125.016_2.257,0.554409796
X114.092_0.768,0.297451012
X620.356_2.913,0.028018703
X293.284_3.393,0.554409796
X141.959_6.859,0.554409796
X212.165_2.546.1,1
X718.428_2.956,0.767950489
X867.458_2.398,0.404535835
X638.367_3.032,0.969808824
X141.959_1.053,0.661696097
X368.389_3.935,1
X412.211_2.304,0.593847129
X564.331_3.008,0.59965439
X708.445_3.006,0.344493092
X626.366_2.922,0.554409796
X114.092_1.405,0.695798689
X694.428_2.938,0.747559946
X666.399_2.952,0.899490361
X439.121_2.673,0.629072885
X141.959_6.766,0.661696097
X114.092_1.255,0.554409796
X349.037_2.524,0.551876339
X444.369_2.876,0.007054968
X141.959_6.49,0.554409796
X141.959_0.99,0.798265861
X241.567_2.774,0.798265861
X107.061_4.811,0.554409796
X114.092_1.976,0.870528838
X114.092_1.058,1
X432.281_2.268,0.554409796
X716.45_3.129,0.554409796
X114.092_1.761,1
X818.59_3.473,0.554409796
X149.082_4.686,0.404535835
X388.306_2.704,0.252725815
X696.408_3.026,0.554409796
X441.136_2.721,0.646500664
X425.157_2.713,1
X648.422_3.047,0.554409796
X350.305_3.132,0.554409796
X690.434_3.14,0.22148413
X819.267_2.398,0.345469229
X267.207_3.326,0.554409796
X262.08_2.775,1
X708.408_2.952,1
X141.959_0.935,0.985111049
X430.223_2.769,0.004530537
X367.335_3.542,0.554409796
X158.922_0.304,0.73352908
X283.019_0.327,0.252725815
X704.45_3.153,0.822891812
X856.569_3.369,0.551876339
X141.959_0.889,0.938590682
X170.154_3.216,0.379006802
X674.439_3.065,0.490546121
X703.575_5.592,0.440538851
X618.339_2.931,0.554409796
X788.544_3.358,0.554409796
X437.374_2.96,0.554409796
X736.439_3.019,0.524896988
X776.306_2.398,0.554409796
X114.092_2.607,0.598299338
X634.372_2.992,0.554409796
X536.335_2.767,0.554409796
X828.538_3.267,0.252725815
X102.092_0.355,0.554409796
X277.216_2.857,0.034285081
X105.954_3.973,0.768455721
X306.279_3.212,0.679762208
X224.012_5.885,1
X760.475_3.131,1
X819.322_2.398,0.156497614
X289.945_0.301,0.862670195
X722.461_3.045,0.554409796
X678.397_2.979,0.252725815
X207.058_2.248,0.344493092
X618.376_2.966,0.252725815
X169.978_2.574,0.768455721
X810.602_5.596,0.554409796
X351.253_2.927,1
X604.362_2.948,0.008914977
X552.33_2.721,0.554409796
X155.991_6.136,0.554409796
X732.445_3.025,0.593847129
X746.46_3.114,0.335806795
X298.2_2.676,0.535589907
X130.534_5.957,1
X706.428_3.009,0.604843094
X155.991_6.367,0.611373426
X479.152_2.786,0.554409796
X748.439_2.944,0.845223133
X114.092_2.659,0.758748333
X202.109_5.277,0.554409796
X105.954_4.375,1
X748.439_2.997,1
X263.08_2.779,0.096947108
X487.105_2.774,0.554409796
X705.621_2.412,0.554409796
X159.969_1.214,0.554409796
X224.012_6.019,0.554409796
X340.321_3.334,1
X141.959_0.74,0.768455721
X155.991_6.023,1
X224.012_6.302,0.554409796
X125.071_5.026,0.458253723
X788.616_5.598,0.554409796
X584.357_2.977,1
X177.114_5.324,1
X787.668_3.787,0.551876339
X311.222_2.694,0.554409796
X186.149_2.502,0.554409796
X445.303_2.334,0.554409796
X722.423_2.938,0.554409796
X787.668_3.325,0.73352908
X130.534_5.896,0.554409796
X170.154_3.329,0.768455721
X486.097_2.773,0.554409796
X811.309_2.773,0.004437296
X223.056_2.398,0.068605869
X886.543_3.045,0.677922504
X253.009_0.331,0.565930283
X640.382_3.01,1
X568.325_2.81,0.554409796
X858.584_3.362,0.928729292
X867.399_2.399,0.279207502
X339.032_2.412,0.554409796
X399.089_2.527,0.925539989
X335.059_2.522,0.661696097
X686.439_3.122,0.03861383
X351.217_2.741,0.016810449
X648.388_2.997,0.208483386
X222.147_2.554,0.656597049
X918.533_2.981,1
X102.092_0.611,0.803670077
X790.559_3.436,1
X552.331_2.608,0.108609847
X111.969_6.387,0.551876339
X764.434_2.913,1
X258.111_0.302,0.434604353
X662.404_3.01,0.099803502
X166.053_0.305,0.803670077
X382.295_2.86,0.554409796
X902.539_3.065,0.661696097
X128.018_0.336,0.00817703
X710.387_2.978,1
X724.403_2.913,0.819883408
X900.524_2.999,0.289933174
X155.991_6.411,0.554409796
X102.092_0.737,0.554409796
X367.248_2.847,1
X123.045_0.997,0.554409796
X692.449_3.099,0.999105834
X130.534_6.034,0.554409796
X156.011_2.394,0.554409796
X243.088_2.415,0.017250374
X108.069_4.991,0.816911005
X706.428_3.062,0.554409796
X816.574_3.35,0.301514508
X916.518_3.002,0.554409796
X138.996_6.048,0.554409796
X130.534_6.086,0.554409796
X870.549_3.151,0.554409796
X203.007_0.309,0.008281722
X662.403_3.098,1
X127.98_0.372,0.554409796
X884.528_3.107,0.798265861
X704.449_3.104,1
X200.996_6.495,1
X774.564_3.587,0.554409796
X352.248_2.931,0.554409796
X154.991_6.397,1
X154.99_6.339,0.554409796
X154.99_6.076,1
X110.021_6.438,0.661696097
X643.138_2.521,0.554409796
X307.004_2.393,0.38367485
X128.118_4.242,0.727686425
X788.616_3.614,0.554409796
X152.995_6.44,0.984884448
X788.616_3.75,0.551876339
X131.975_6.684,0.803670077
X309_2.393,0.554409796
X131.975_6.925,0.554409796
X200.996_6.552,1
X200.996_6.663,0.551876339
X776.359_2.398,0.201626576
X921.611_2.399,0.349349634
X200.996_6.608,1
X819.433_2.399,0.301514508
X129.066_4.445,0.379006802
X152.118_4.54,0.554409796
X921.486_2.399,0.093544009
X152.995_5.959,1
X867.576_2.399,0.230601038
X111.969_6.564,0.73352908
X867.34_2.399,0.425825542
X344.229_2.208,0.554409796
X116.071_0.468,1
X819.489_2.399,0.291109533
X776.148_2.398,0.345469229
X114.092_0.517,0.859083414
X114.092_0.571,0.938590682
X121.064_5.008,0.551876339
X476.308_2.282,0.554409796
X819.211_2.398,0.492151147
X107.061_4.761,0.353513872
X114.092_0.429,0.898373091
X109.023_6.436,1
X114.092_0.859,1
X116.071_0.411,1
X114.092_1.158,0.968920524
X114.092_1.494,0.641909427
X921.674_2.399,0.22068692
X109.023_6.291,0.554409796
X118.087_0.476,0.124757667
X118.087_0.407,0.554409796
X806.57_3.909,0.73352908
X336.326_3.423,0.768455721
X782.569_3.961,0.333006064
X372.244_2.75,0.554409796
X830.569_3.703,0.551876339
X782.57_4.015,0.593847129
X834.601_4.341,0.768455721
X834.601_4.172,0.554409796
X764.522_3.72,1
X304.3_2.835,0.551876339
X760.586_5.601,0.551876339
X748.527_3.807,0.768455721
X834.601_4.227,0.554409796
X792.554_3.915,0.661696097
X424.342_2.865,0.554409796
X788.521_3.624,0.551876339
X498.289_2.582,0.554409796
X530.289_2.929,0.208187153
X832.584_3.929,0.554409796
X528.309_2.923,0.551876339
X329.248_3.235,0.099803502
X328.321_3.281,0.803670077
X768.553_4.057,0.554409796
X766.537_3.827,0.554409796
X734.57_5.605,0.73352908
X572.372_2.972,0.041267647
X305.248_3.26,0.166397569
X838.559_3.337,0.649870745
X438.298_2.957,0.798265861
X790.574_3.98,0.554409796
X814.559_3.371,0.554409796
X834.603_5.596,0.704934355
X300.29_3.145,0.379006802
X256.3_2.83,0.554409796
X1047.735_3.044,0.73352908
X784.584_4.164,0.554409796
X854.554_3.249,0.378002856
X480.345_2.967,0.540735411
X1111.672_2.893,0.551876339
X570.283_2.981,0.551876339
X1087.672_2.892,0.554409796
X530.325_2.96,0.768455721
X768.553_4.007,0.554409796
X548.372_2.99,0.349349634
X256.227_3.318,0.554409796
X572.335_2.938,0.899490361
X728.486_3.279,0.803670077
X792.553_3.906,0.565930283
X1135.672_2.89,0.265396987
X838.558_3.365,0.554409796
X620.437_2.993,0.768455721
X448.342_2.867,0.554409796
X854.554_3.321,0.554409796
X731.607_5.593,0.554409796
X546.356_2.933,0.097406233
X576.411_2.999,0.768455721
X256.191_2.844,1
X532.385_3.004,0.768455721
X740.522_3.791,0.554409796
X556.304_2.967,0.554409796
X804.553_3.688,0.554409796
X240.116_2.324,0.05018462
X822.564_3.588,0.913781831
X664.463_2.992,0.768455721
X822.564_3.498,0.955355159
X870.548_3.337,0.798265861
X415.14_2.768,0.04049528
X353.146_2.624,0.554409796
X1093.625_2.886,0.379006802
X880.569_3.352,0.068605869
X226.1_2.274,1
X608.227_2.768,0.048228896
X708.489_2.982,1
X364.252_2.923,0.768455721
X464.314_2.993,0.554409796
X1017.688_2.946,0.554409796
X1069.624_2.889,0.661696097
X377.195_2.868,0.786149473
X300.29_2.788,0.554409796
X1063.674_2.914,0.491080004
X838.558_3.491,0.379006802
X714.471_3.247,0.722380922
X375.21_2.633,0.73352908
X122.072_3.63,0.930711505
X538.388_3.104,0.819883408
X488.359_3.01,1
X866.59_3.576,1
X898.58_3.268,0.158906213
X385.274_2.874,0.999366536
X820.548_3.485,0.551876339
X766.501_3.29,0.73352908
X184.073_2.885,0.641982143
X319.299_3.424,1
X327.232_3.01,0.011793739
X385.165_2.771,0.551876339
X149.082_4.534,0.554409796
X550.388_3.072,0.379006802
X1051.578_2.882,1
X874.579_3.377,0.554409796
X506.288_2.93,0.491080004
X610.373_3.02,1
X874.579_3.277,0.768455721
X822.564_3.632,0.925539989
X776.558_4.042,0.554409796
X752.515_2.977,1
X852.538_3.349,0.816199913
X814.559_3.275,0.419067947
X836.543_3.281,0.391073881
X1049.619_2.93,0.551876339
X149.082_4.366,0.554409796
X836.543_3.349,0.554409796
X862.559_3.343,0.554409796
X171.15_2.504,0.176259532
X846.549_3.324,0.554409796
X518.325_2.837,0.010881885
X754.501_3.331,0.862670195
X149.082_4.427,0.7207001
X866.59_3.462,0.565930283
X149.082_4.314,0.554409796
X718.465_3.24,1
X548.335_2.94,0.554409796
X898.58_3.329,0.28867777
X638.402_3.085,0.554409796
X120.066_0.547,0.579938286
X1045.625_2.888,0.570803576
X798.563_3.515,0.554409796
X798.563_3.548,0.554409796
X638.403_2.987,1
X172.977_0.472,0.668429472
X828.551_3.874,0.73352908
X546.353_3.044,0.554409796
X844.546_3.366,0.768455721
X850.595_3.651,0.862670195
X584.335_2.79,0.201626576
X117.103_0.539,0.604843094
X305.133_2.339,0.565930283
X444.332_3.016,1
X858.584_3.285,0.554409796
X590.322_2.887,0.054985287
X820.548_3.59,0.554409796
X371.316_3.611,0.803670077
X161.092_0.327,0.7806305
X257.223_2.565,0.728463778
X312.633_2.891,0.133632032
X780.517_3.358,0.798265861
X149.082_4.27,0.894583365
X880.569_3.302,0.903294334
X866.59_3.505,1
X812.542_3.314,1
X812.542_3.362,1
X744.481_3.262,1
X850.595_3.71,0.551876339
X878.553_3.259,0.554409796
X862.558_3.288,0.524896988
X129.066_4.228,1
X874.58_3.338,1
X115.087_0.54,0.898373091
X646.408_3.15,0.554409796
X796.547_3.473,0.554409796
X862.558_3.346,1
X879.255_2.556,1
X249.112_2.768,0.001097838
X726.47_3.203,0.836909975
X383.367_3.962,0.554409796
X866.59_3.69,0.768455721
X307.173_2.826,0.925539989
X297.146_2.932,0.803670077
X730.465_3.236,1
X896.564_3.284,0.551876339
X184.073_2.94,1
X758.496_3.309,0.554409796
X559.385_2.999,0.554409796
X634.408_3.14,0.668429472
X879.004_2.556,0.943534845
X131.975_6.769,0.554409796
X131.975_6.581,1
X650.404_3.146,0.551876339
X343.227_3.017,0.554409796
X159.969_6.74,0.554409796
X686.439_3.257,1
X898.579_3.362,0.554409796
X700.454_3.163,0.862670195
X468.309_2.821,1
X796.512_3.324,1
X668.414_2.975,0.301514508
X716.485_3.266,1
X796.512_3.283,0.899328966
X343.227_2.907,0.037240362
X736.476_3.119,0.08641188
X796.547_3.404,0.554409796
X337.274_3.164,0.554409796
X111.044_2.768,0.00468956
X361.274_3.162,0.661696097
X566.322_2.893,0.73352908
X820.549_3.427,0.798265861
X361.274_3.093,0.554409796
X286.311_2.902,0.551876339
X798.527_3.266,0.554409796
X542.288_2.784,0.551876339
X319.227_3.081,0.137456472
X364.358_3.275,0.766886039
X604.362_3.028,0.554409796
X796.542_2.973,0.554409796
X780.517_3.481,0.554409796
X560.335_2.774,0.511618324
X558.283_2.723,0.551876339
X396.232_2.701,0.252725815
X824.542_3.528,0.554409796
X110.519_6.086,0.554409796
X600.33_2.731,0.156497614
X912.467_2.871,0.554409796
X136.076_0.402,0.554409796
X177.131_2.673,0.768455721
X930.57_3.138,0.340798088
X838.522_3.329,0.554409796
X321.893_0.303,0.554409796
X524.278_2.709,0.04139929
X202.109_4.475,1
X298.274_3.041,0.554409796
X115.965_6.382,0.551876339
X251.037_0.323,0.015512799
X782.531_3.376,0.554409796
X111.092_4.28,0.35836457
X301.075_2.705,0.554409796
X111.092_4.227,0.551876339
X111.092_3.973,0.903294334
X111.092_4.073,0.81661275
X217.12_4.595,1
X138.103_4.297,0.554409796
X128.118_3.817,0.798265861
X128.118_3.726,0.859083414
X128.118_3.774,1
X128.118_3.608,1
X192.125_4.414,0.73352908
X138.103_4.042,0.698197984
X122.072_3.691,0.984884448
X122.072_3.757,1
X192.125_4.643,1
X200.996_6.431,0.554409796
X211.001_2.403,0.554409796
X122.964_5.935,0.554409796
X129.066_3.792,0.551876339
X129.066_3.721,0.803670077
X759.637_3.774,1
X112.087_4.226,0.761024715
X111.092_4.434,0.554409796
X112.087_3.966,0.802965544
X151.098_4.037,1
X151.098_3.979,0.761024715
X328.916_5.87,0.554409796
X153.114_3.626,1
X921.548_2.4,0.145879822
X921.736_2.399,0.786149473
X819.155_2.399,0.554409796
X158.986_5.846,0.299583194
X777.095_2.39,0.602091812
X867.517_2.399,0.364033825
X983.051_2.4,1
X867.281_2.399,0.551876339
X810.601_3.669,0.840759773
X165.114_3.905,1
X150.103_5.311,0.716049325
X192.124_4.305,0.554409796
X524.371_3.05,0.554409796
X158.986_5.991,0.768455721
X136.087_3.719,0.938590682
X136.087_3.922,0.591441743
X810.601_3.809,0.554409796
X776.095_2.398,0.181647304
X737.441_2.398,0.551876339
X867.634_2.399,0.333006064
X137.082_3.903,0.903294334
X836.615_3.427,0.768455721
X737.491_2.399,0.031541201
X152.995_5.808,0.551876339
X180.022_5.741,0.554409796
X128.951_5.843,0.551876339
X172.957_6.084,0.554409796
X213.983_5.986,0.554409796
X112.087_5.529,0.554409796
X102.092_0.5,0.938590682
X151.098_5.54,0.252725815
X102.092_0.665,0.73352908
X102.092_0.844,0.554409796
X143.107_0.379,0.554409796
X143.107_0.575,1
X388.255_2.24,0.554409796
X145.979_4.183,1
X199.17_0.391,1
X123.044_2.031,0.696852278
X100.076_2.07,0.554409796
X199.17_0.44,0.554409796
X100.076_0.584,0.408692188
X109.102_0.994,0.768455721
X199.17_0.612,1
X143.04_6.076,0.676230142
X109.102_1.532,0.096947108
X109.102_1.852,0.355061145
X185.154_0.582,0.954029066
X141.091_1.354,0.379006802
X199.17_0.961,0.768455721
X109.102_1.247,0.81680712
X136.076_0.419,0.379006802
X199.17_0.757,0.551876339
X100.076_1.227,0.554409796
X199.17_1.061,0.677922504
X141.091_2.064,0.768455721
X141.091_1.54,1
X141.091_1.257,0.853059018
X135.079_5.134,0.554409796
X117.028_5.813,0.554409796
X185.154_0.732,0.519612697
X127.076_1.913,1
X127.076_1.547,1
X127.076_1.87,0.735597194
X515.359_3.003,0.554409796
X471.332_3.009,0.554409796
X603.411_2.992,0.554409796
X647.437_2.988,0.554409796
X113.964_6.036,1
X466.25_2.226,0.001441587
X380.993_2.164,0.001097838
X112.087_4.125,1
X458.23_2.165,0.001404069
X166.087_0.465,0.554409796
X596.356_3.046,0.554409796
X582.56_2.226,0.031541201
X706.399_2.251,0.00817703
X455.725_2.239,0.002265299
X449.738_2.229,0.031541201
X537.34_3.012,0.554409796
X426.484_2.164,0.003476579
X713.445_2.982,0.554409796
X510.584_2.174,0.054985287
X389.698_2.213,0.158906213
X443.633_2.199,0.252725815
X443.54_2.229,0.252725815
X420.899_2.103,0.004810184
X636.064_2.371,0.031541201
X436.472_2.165,0.017250374
X372.459_2.145,0.379006802
X153.114_3.835,0.467535369
X400.97_2.127,0.004176721
X636.387_3.051,0.554409796
X634.316_2.163,0.551876339
X635.813_2.371,0.158906213
X856.568_3.284,0.551876339
X643.532_2.226,0.096947108
X153.114_3.731,0.960128661
X309.242_3.027,0.215055262
X153.114_3.582,0.554409796
X220.098_2.367,0.554409796
X705.308_2.339,0.38367485
X534.291_2.126,0.054985287
X415.212_2.834,0.551876339
X650.978_2.339,0.22148413
X605.352_2.287,0.554409796
X651.054_2.339,0.192777265
X808.569_3.104,0.554409796
X705.058_2.339,0.436299452
X854.553_3.251,0.768455721
X651.132_2.339,0.379006802
X882.585_3.363,0.767950489
X366.785_2.164,0.551876339
X399.394_3.159,1
X375.21_2.641,0.379006802
X536.446_2.226,0.554409796
X769.153_2.339,0.271019609
X351.253_2.777,1
X409.725_2.21,0.031541201
X850.733_2.542,0.018247455
X769.244_2.339,0.230601038
X149.082_3.816,0.754540799
X277.216_2.921,0.928729292
X293.162_2.447,0.005944731
X650.901_2.339,0.22148413
X769.062_2.339,0.055280907
X852.539_3.253,0.551876339
X128.951_6.561,0.301514508
X769.335_2.339,0.252725815
X427.267_2.561,0.554409796
X806.555_3.652,0.554409796
X333.164_2.456,0.554409796
X672.424_3.094,0.819883408
X471.38_3.045,0.565930283
X914.576_3.148,0.238925729
X884.529_3.074,0.554409796
X902.538_3.013,0.938590682
X386.717_2.856,0.017334871
X427.095_0.317,0.379006802
X370.332_3.083,0.903294334
X826.558_3.367,0.803670077
X900.523_3.027,1
X177.114_5.515,0.554409796
X406.732_2.889,0.252725815
X868.534_3.116,0.551876339
X688.454_3.126,0.554409796
X664.418_3.004,0.238925729
X882.585_3.306,0.551876339
X108.069_4.938,0.829536828
X568.31_2.164,0.554409796
X634.371_2.921,0.554409796
X886.544_3.107,1
X291.146_2.393,0.554409796
X319.227_3.027,0.22068692
X912.559_3.197,0.798265861
X400.732_2.96,0.554409796
X852.539_3.208,0.882174463
X111.969_5.928,0.554409796
X928.555_3.093,0.065697303
X114.092_6.41,0.554409796
X137.082_4.236,0.808972431
X138.103_3.729,0.862670195
X165.114_3.752,0.923814976
X113.518_3.687,1
X131.975_6.939,0.746814632
X177.114_4.153,0.768455721
X117.103_0.478,0.407096825
X216.045_2.521,0.379006802
X203.015_2.391,0.379006802
X520.334_2.299,0.554409796
X212.02_2.391,0.554409796
X199.169_1.375,0.950024986
X199.169_1.536,1
X338.341_3.569,0.803670077
X172.977_6.331,1
X185.154_0.977,1
X185.154_0.869,0.938590682
X214.004_6.355,0.554409796
X127.076_1.363,0.81680712
X167.107_0.398,0.554409796
X185.154_1.29,0.551876339
X185.154_1.231,0.554409796
X171.138_0.904,1
X153.091_2.07,1
X167.107_0.836,0.554409796
X127.076_1.828,0.899490361
X155.107_6.981,0.448741878
X130.087_0.452,0.554409796
X143.04_2.217,0.322573126
X185.154_1.446,0.379006802
X125.071_0.362,0.00817703
X213.185_0.379,0.551876339
X172.977_0.421,0.554409796
X111.04_2.713,0.969808824
X115.076_0.943,0.586493753
X167.107_1.824,0.554409796
X167.107_1.768,0.554409796
X125.071_0.349,0.73352908
X115.076_0.738,0.828543034
X154.99_6.223,1
X154.99_5.998,0.803559052
X113.964_0.889,0.554409796
X113.964_5.942,1
X141.959_2.086,0.554409796
X103.956_3.65,0.554409796
X155.991_5.971,1
X105.954_3.647,1
X140.082_5.513,0.497099191
X145.979_4.408,1
X113.518_3.673,1
X190.004_6.217,0.554409796
X113.518_3.784,0.551876339
X146.98_5.481,0.59965439
X136.062_0.301,0.001943688
X225.135_0.478,0.747559946
X103.956_4.468,0.554409796
X157.122_1.516,0.379006802
X125.096_1.352,0.551876339
X111.056_1.049,1
X143.107_1.283,0.943534845
X115.076_1.45,0.801375721
X115.076_1.303,0.818254887
X143.107_1.396,1
X143.107_1.541,0.73352908
X125.096_1.412,0.554409796
X139.112_1.531,0.554409796
X115.076_1.714,0.924657381
X369.351_3.996,0.551876339
X115.076_1.212,0.132628088
X115.076_2.016,0.768455721
X115.076_1.561,0.554409796
X369.351_3.84,0.859083414
X115.076_1.94,1
X128.108_0.46,0.551876339
X127.112_0.415,0.554409796
X369.352_3.929,0.899490361
X149.024_3.081,0.164234625
X143.04_2.417,0.554409796
X149.024_2.698,0.554409796
X127.039_2.765,0.554409796
X158.154_2.735,0.252725815
X309.242_3.204,0.819883408
X749.39_2.868,0.73352908
X782.568_5.56,0.554409796
X325.237_3.099,1
X330.264_2.814,0.803670077
X758.571_5.594,0.551876339
X354.264_2.856,0.177312912
X293.211_2.8,0.35836457
X758.569_4.282,1
X431.237_2.603,0.73352908
X309.206_2.654,0.554409796
X377.146_2.225,0.158906213
X542.322_2.892,0.026459175
X335.222_2.771,0.554409796
X214.18_3.337,0.554409796
X323.258_3.124,0.554409796
X395.363_3.276,0.73352908
X500.277_2.717,0.554409796
X321.242_3.08,0.04049528
X758.568_4.495,0.554409796
X584.335_2.714,0.930711505
X391.194_2.829,0.554409796
X534.319_2.722,0.551876339
X331.177_2.552,0.554409796
X397.181_2.866,0.786149473
X351.217_2.843,0.215055262
X272.222_3.326,0.862670195
X810.527_3.351,0.554409796
X412.321_2.848,1
X335.222_2.829,0.04049528
X348.275_2.622,0.335806795
X850.984_2.542,0.031541201
X870.549_3.116,0.611373426
X268.227_3.253,0.73352908
X305.247_3.054,0.26304656
X266.212_3.251,0.768455721
X438.208_2.866,0.747559946
X846.549_3.166,0.903294334
X832.583_5.551,1
X238.217_3.258,0.73352908
X822.462_2.529,0.096566465
X301.216_2.934,0.379006802
X376.319_3.155,0.301514508
X307.084_0.336,0.458253723
X325.274_3.185,0.554409796
X534.284_2.699,1
X335.222_2.652,0.554409796
X669.941_2.258,0.386787896
X854.552_3.333,1
X317.211_2.822,1
X345.243_3.095,0.034285081
X434.197_2.398,0.803670077
X219.138_2.854,1
X884.528_3.041,0.59965439
X335.222_2.714,0.73352908
X822.713_2.529,0.068605869
X327.228_2.699,1
X240.196_3.136,0.379006802
X680.448_3.166,0.554409796
X523.3_2.941,0.554409796
X558.284_2.634,0.176259532
X550.315_2.658,0.819883408
X768.554_5.586,1
X560.335_2.722,0.73352908
X343.286_5.593,0.554409796
X509.288_3.027,0.554409796
X349.2_2.658,0.554409796
X1021.626_2.909,0.677922504
X226.216_3.571,0.554409796
X291.268_3.292,0.819883408
X245.186_2.243,0.252725815
X846.548_3.265,1
X535.94_2.186,0.524896988
X332.295_3.04,0.408692188
X261.221_3.104,0.38333773
X898.581_3.224,0.798265861
X440.338_3.277,0.766886039
X291.146_2.39,0.019435272
X238.18_3.13,0.554409796
X227.11_2.593,1
X850.482_2.542,0.028018703
X353.232_2.638,0.554409796
X604.362_3.06,0.694525374
X644.392_3.113,0.803670077
X316.213_2.226,0.554409796
X870.549_3.217,1
X270.207_2.907,0.841229109
X352.143_2.257,0.554409796
X359.222_2.857,0.022116406
X882.585_3.443,0.892245133
X602.344_2.992,0.215055262
X287.633_2.895,0.554409796
X748.475_3.074,0.551876339
X209.055_2.25,0.379006802
X428.205_2.248,0.096947108
X566.324_2.714,0.554409796
X574.278_2.577,0.301514508
X912.559_3.264,0.554409796
X372.347_3.021,0.554409796
X702.434_3.015,0.554409796
X179.063_2.255,0.554409796
X600.33_2.645,0.554409796
X391.211_2.621,1
X127.013_2.258,0.554409796
X652.332_2.327,0.268383952
X812.506_3.18,0.554409796
X834.601_5.608,0.928729292
X508.34_2.912,0.554409796
X576.33_2.713,0.554409796
X391.212_2.578,0.379006802
X828.502_3.06,0.903294334
X393.227_2.59,0.554409796
X506.255_3.172,0.158906213
X912.56_3.159,0.250869874
X538.352_2.737,0.554409796
X914.574_3.261,0.565930283
X391.211_2.639,0.096947108
X632.392_2.97,0.011793739
X359.222_2.813,0.215055262
X914.575_3.197,0.096947108
X746.46_3.062,0.35836457
X764.521_3.804,0.554409796
X574.278_2.793,0.158906213
X822.564_3.436,0.774687359
X511.375_3.109,0.732511774
X758.46_3.056,0.554409796
X934.528_2.986,0.925539989
X946.565_3.069,0.390053235
X930.569_3.182,0.73352908
X658.408_3.068,0.958569937
X776.411_2.398,0.364152258
X734.571_5.604,0.335806795
X737.541_2.399,0.116604424
X776.042_2.398,0.508964365
X737.591_2.4,0.158906213
X737.391_2.399,0.551876339
X703.574_3.965,0.554409796
X494.325_2.865,0.081413165
X921.861_2.4,0.73352908
X982.984_2.4,0.768455721
X1091.689_2.945,0.903294334
X776.937_2.392,0.554409796
X703.574_4.082,0.554409796
X195.994_5.715,0.379006802
X834.601_3.425,0.73352908
X680.412_2.954,0.551876339
X398.327_2.855,0.158906213
X536.335_2.7,0.238925729
X660.424_3.137,0.925539989
X758.459_2.977,0.554409796
X110.519_6.241,0.554409796
X834.601_3.517,0.902497824
X676.382_2.92,0.295692362
X440.242_2.435,0.554409796
X806.57_3.362,0.554409796
X845.967_2.338,0.096947108
X400.158_0.333,0.803670077
X683.846_2.364,0.252725815
X806.57_3.848,0.554409796
X782.568_3.34,0.234466523
X782.569_3.91,0.554409796
X846.067_2.339,1
X678.434_3.156,0.554409796
X634.408_3.056,0.551876339
X806.569_3.835,1
X366.3_3.034,0.554409796
X845.866_2.338,0.551876339
X782.569_3.275,1
X415.317_2.702,0.554409796
X370.226_2.542,0.554409796
X306.265_2.463,0.554409796
X362.327_2.694,0.768455721
X327.202_2.21,0.554409796
X415.254_2.264,0.554409796
X818.59_3.428,0.551876339
X440.337_2.772,1
X838.559_3.424,1
X838.559_3.537,0.115470642
X870.548_3.287,0.81661275
X902.54_3.008,1
X414.321_2.745,0.379006802
X408.952_0.314,0.440538851
X489.228_3.175,0.554409796
X886.545_3.051,0.407610522
X422.194_2.28,0.554409796
X708.443_3.029,0.252725815
X311.222_2.926,0.046656839
X902.539_3.116,0.554409796
X373.187_2.738,0.551876339
X220.089_2.262,1
X907.526_2.579,0.158461323
X370.984_0.312,0.540589762
X319.148_2.399,0.768455721
X907.276_2.579,0.176259532
X614.31_2.578,0.124158354
X896.565_3.259,0.48218171
X776.47_3.053,0.252725815
X614.31_2.529,0.554409796
X205.098_0.777,0.554409796
X414.009_0.301,0.803670077
X412.306_2.696,0.379006802
X103.055_0.484,0.35728327
X746.387_2.343,0.803670077
X761.402_2.875,0.554409796
X110.021_6.396,0.992343573
X814.559_3.446,0.938590682
X293.161_2.41,1
X235.09_2.641,0.727416158
X850.595_3.83,0.73352908
X709.936_2.18,0.554409796
X790.573_4.122,0.554409796
X710.079_2.18,0.661696097
X462.191_2.265,0.73352908
X746.471_2.343,0.768455721
X746.304_2.342,0.756713079
X732.445_3.057,0.938590682
X307.141_2.343,1
X540.273_2.812,0.551876339
X822.526_3.36,0.554409796
X400.158_0.426,0.48218171
X864.573_3.465,0.554409796
X331.177_2.552.1,0.010300448
X731.607_5.636,0.554409796
X846.563_3.452,0.554409796
X582.32_2.721,0.158461323
X670.408_3.011,0.057137905
X808.549_3.668,1
X930.569_3.259,0.565930283
X582.32_2.817,0.38367485
X141.959_6.543,1
X245.19_3.142,0.554409796
X808.548_3.613,0.554409796
X760.474_3.147,0.554409796
X824.542_3.439,1
X546.28_2.319,0.032371113
X258.28_2.809,0.02384446
X930.57_3.096,0.057996305
X796.511_3.34,0.554409796
X672.423_3.234,0.554409796
X900.523_3.093,0.554409796
X264.127_2.276,0.554409796
X630.376_3.081,1
X109.023_6.388,0.923188865
X444.181_2.262,0.554409796
X586.795_2.336,0.239251921
X319.227_2.7,1
X616.325_2.61,1
X900.484_2.874,1
X546.029_2.319,0.072904819
X894.548_3.278,0.554409796
X441.118_2.677,0.479349838
X678.397_3.062,1
X205.159_3.028,0.407096825
X812.506_3.271,1
X678.397_2.89,0.115470642
X804.553_3.651,0.554409796
X734.459_2.999,0.803670077
X856.532_3.358,0.554409796
X918.534_3.025,0.81661275
X828.501_3.1,0.551876339
X572.263_2.557,0.938590682
X658.407_3.012,1
X484.247_2.622,0.554409796
X268.983_0.335,0.554409796
X574.279_2.559,0.215055262
X537.17_0.427,0.333006064
X620.356_2.999,1
X427.133_2.772,0.554409796
X928.553_3.201,0.554409796
X820.211_2.39,0.414690915
X878.754_2.555,1
X832.585_3.861,0.554409796
X616.325_2.661,0.108609847
X560.3_2.643,1
X618.377_2.972,0.379006802
X808.584_4.204,0.554409796
X894.548_3.086,0.554409796
X271.104_0.42,0.124757667
X385.129_0.304,0.252725815
X806.569_5.586,0.554409796
X730.464_3.193,1
X138.043_0.325,0.054985287
X777.148_2.391,0.903294334
X770.496_3.311,0.554409796
X576.294_2.516,0.132628088
X856.583_5.546,0.554409796
X613.16_0.396,0.554409796
X806.57_4.101,0.744776575
X962.56_3.064,0.768455721
X500.277_2.797,0.554409796
X343.226_2.913,0.554409796
X894.548_3.257,0.551876339
X138.043_0.408,0.379006802
X409.257_2.779,1
X254.095_2.573,0.554409796
X962.559_3.094,0.554409796
X319.227_2.913,0.025811874
X572.262_2.707,0.803670077
X616.326_2.561,0.042663243
X194.007_0.33,0.252725815
X166.087_0.347,0.301514508
X812.543_3.297,0.554409796
X440.338_2.763,0.004545638
X442.353_2.819,0.001441587
X335.143_2.416,0.554409796
X777.043_2.391,0.327814308
X820.155_2.39,0.554409796
X820.378_2.391,0.551876339
X916.519_2.98,1
X820.1_2.391,0.094381663
X820.322_2.391,0.554409796
X263.146_0.316,0.554409796
X182.082_0.405,0.661696097
X776.99_2.391,0.158461323
X777.201_2.39,0.803670077
X868.399_2.391,1
X590.275_2.421,0.768455721
X868.458_2.39,0.73352908
X618.341_2.519,0.1180238
X820.267_2.391,0.938590682
X590.275_2.502,0.551876339
X850.594_3.601,1
X922.549_2.391,0.803670077
X590.273_2.56,0.551876339
X730.429_3.016,0.340798088
X868.34_2.391,0.72989417
X399.251_3.057,0.73352908
X934.529_2.963,1
X801.433_2.883,0.554409796
X614.309_2.711,0.1180238
X572.264_2.549,0.551876339
X632.322_2.44,0.554409796
X718.429_3.073,0.565930283
X470.384_2.9,0.551876339
X820.044_2.391,0.803670077
X588.259_2.41,1
X606.27_2.406,0.554409796
X244.093_0.305,1
X234.957_6.368,1
X194.155_2.386,0.554409796
X327.232_3.089,0.803670077
X234.957_6.408,0.554409796
X234.957_6.402,0.554409796
X341.211_2.823,0.554409796
X540.273_2.715,0.554409796
X801.815_2.767,0.020674195
X736.44_3.005,0.554409796
X268.104_0.302,0.554409796
X830.553_3.314,0.279207502
X746.554_2.343,0.717913566
X392.41_2.108,0.554409796
X814.148_2.344,0.803670077
X814.24_2.343,1
X666.399_3.04,1
X814.057_2.343,0.911097388
X130.534_6.153,0.554409796
X689.128_2.341,0.606000759
X758.46_3.114,0.554409796
X401.341_3.451,1
X760.585_5.61,0.554409796
X280.264_3.159,0.526646812
X366.373_3.76,1
X782.569_4.084,0.554409796
X340.357_3.666,0.554409796
X321.315_3.572,1
X782.569_4.138,0.554409796
X786.602_5.6,0.419067947
X758.569_4.338,0.73352908
X669.741_2.258,0.554409796
X782.569_4.198,0.554409796
X774.564_3.449,1
X660.547_2.42,0.716049325
X242.567_2.774,0.768455721
X236.163_2.635,0.554409796
X830.571_3.706,1
X218.985_0.327,0.554409796
X110.02_5.98,0.551876339
X182.985_6.327,0.847360888
X328.916_6.068,0.554409796
X328.915_6.123,0.554409796
X328.916_5.996,0.554409796
X328.916_5.92,0.554409796
X109.023_6.094,0.984884448
X109.023_5.81,0.803670077
X109.023_5.957,0.554409796
X224.012_5.946,0.554409796
X224.012_5.77,1
X224.012_6.075,0.554409796
X138.996_5.905,0.554409796
X138.996_5.988,0.768455721
X141.959_6.052,0.554409796
X138.996_6.184,0.768455721
X130.534_5.797,1
X138.996_6.425,0.551876339
X130.534_5.853,1
X312.326_3.533,0.063270992
X115.965_6.432,0.554409796
X110.519_6.297,0.554409796
X180.022_5.8,0.554409796
X110.519_6.131,0.554409796
X180.022_5.86,0.554409796
X110.519_6.042,0.554409796
X115.965_6.486,0.768455721
X169.978_5.921,1
X115.965_6.536,0.551876339
X122.964_6.019,0.554409796
X195.994_6.449,0.554409796
X312.326_3.494,0.181647304
X117.028_5.886,0.554409796
X324.326_3.461,0.158906213
X310.31_3.41,0.768455721
X324.327_3.455,0.002265299
X787.668_3.937,0.554409796
X705.37_2.412,0.554409796
X703.575_3.896,0.554409796
X512.756_2.233,0.034285081
X854.553_3.58,0.551876339
X502.257_2.547,0.642794855
X462.227_2.432,0.554409796
X870.55_3.096,0.780082717
X126.022_0.443,0.862670195
X790.56_3.318,0.551876339
X918.535_2.976,0.551876339
X309.206_2.858,0.554409796
X311.222_2.808,0.554409796
X610.335_2.957,0.551876339
X896.565_3.2,0.554409796
X184.17_2.63,0.379006802
X335.279_3.001,0.096947108
X790.537_3.75,1
X834.601_4.453,0.554409796
X822.564_3.545,1
X748.526_3.883,0.554409796
X790.537_3.877,1
X792.554_3.989,0.968920524
X792.554_4.114,0.677705324
X792.554_4.048,0.711164617
X748.527_3.925,0.803670077
X758.569_4.567,1
X748.527_3.963,1
X703.575_5.628,0.554409796
X792.554_4.169,1
X790.574_4.038,0.554409796
X907.025_2.577,0.551876339
X1015.672_2.923,0.73352908
X790.574_4.122,0.554409796
X621.445_2.18,1
X790.574_4.218,1
X539.022_0.304,0.551876339
X273.019_0.308,0.554409796
X832.584_4.057,0.554409796
X570.283_3.053,0.943534845
X828.551_3.962,0.768455721
X830.554_3.264,0.28867777
X424.342_2.894,0.379006802
X724.218_2.769,0.554409796
X599.241_2.765,0.003185516
X165.164_2.712,0.803670077
X806.57_3.972,0.853059018
X584.336_2.769,0.554409796
X173.133_3.319,0.847360888
X158.922_0.307,0.11491337
X570.282_2.995,0.554409796
X209.178_3.324,0.943534845
X558.285_2.261,0.201626576
X272.222_2.735,0.511618324
X576.295_2.614,0.554409796
X649.755_2.425,0.554409796
X331.263_3.1,0.120463908
X830.569_3.79,0.096947108
X613.16_0.32,0.223258488
X676.418_3.012,0.554409796
X429.221_2.564,0.554409796
X840.537_3.295,0.803670077
X627.734_2.411,0.115470642
X764.523_3.86,0.096947108
X660.346_2.421,0.395263851
X566.345_3.09,1
X343.227_3.095,0.142071846
X570.284_3.142,1
X359.222_2.756,0.554409796
X258.11_0.309,0.554409796
X301.114_0.419,1
X347.258_3.128,0.554409796
X353.191_2.187,0.064457678
X302.143_2.431,1
X301.216_2.905,0.554409796
X488.516_2.327,0.35836457
X618.341_2.632,0.379006802
X632.321_2.569,0.803670077
X672.94_2.228,0.554409796
X375.217_2.781,0.365388483
X407.957_2.12,0.554409796
X542.323_2.885,0.199026399
X566.325_2.709,0.158906213
X308.091_0.335,1
X142.949_0.309,0.398291219
X112.087_3.698,0.903294334
X884.528_3.162,0.379006802
X898.58_3.459,0.551876339
X747.719_2.337,0.554409796
X806.555_3.31,0.803670077
X307.084_0.436,0.798265861
X502.224_2.413,0.554409796
X151.098_3.764,0.738832236
X848.579_3.734,0.554409796
X694.428_3.078,0.551876339
X165.055_0.374,0.554409796
X180.033_0.392,0.252725815
X166.123_2.519,1
X320.154_2.385,0.554409796
X392.978_0.309,0.661696097
X685.393_3.003,0.554409796
X211.079_2.765,0.984884448
X205.098_0.721,0.554409796
X377.233_2.823,1
X122.082_0.379,1
X810.601_5.6,0.803670077
X300.199_2.264,0.554409796
X108.069_4.64,0.56492093
X944.55_3.076,0.798265861
X536.274_2.23,1
X822.212_2.529,0.050796762
X260.223_2.558,0.554409796
X553.328_2.259,0.554409796
X462.891_2.131,0.554409796
X288.253_2.791,0.554409796
X594.311_2.18,0.554409796
X305.248_3.146,0.768455721
X329.248_3.098,0.054985287
X578.317_2.257,0.096947108
X634.86_2.297,0.554409796
X692.412_2.962,0.73352908
X730.883_2.408,0.158906213
X292.162_0.316,0.551876339
X129.066_3.574,0.554409796
X752.391_2.819,0.747559946
X621.32_2.18,1
X361.201_3.016,0.802965544
X550.791_2.41,0.554409796
X429.264_3.217,0.803670077
X528.411_2.98,0.039573541
X600.33_2.804,0.161074355
X826.265_2.769,0.554409796
X572.437_2.978,0.554409796
X376.319_3.262,0.554409796
X621.303_3.147,0.554409796
X273.254_2.711,0.786149473
X542.289_2.643,0.554409796
X784.584_3.275,0.554409796
X688.454_3.212,0.73352908
X808.583_3.395,0.554409796
X285.083_0.446,0.554409796
X806.571_4.266,0.803670077
X784.585_5.595,0.768455721
X384.116_0.473,0.554409796
X128.018_0.344,0.000917852
X806.571_4.175,0.554409796
X293.211_2.694,0.554409796
X272.186_2.203,0.554409796
X135.079_4.526,0.478122803
X524.278_2.733,0.333006064
X768.553_4.271,0.554409796
X240.079_0.303,0.554409796
X792.554_4.226,0.971335925
X161.092_0.387,1
X420.472_2.151,0.551876339
X140.082_3.551,0.551876339
X518.323_2.92,0.999105834
X516.3_2.57,0.554409796
X258.207_2.775,0.001943688
X302.305_2.804,0.554409796
X668.378_2.923,0.938590682
X878.547_3.26,0.554409796
X341.211_2.838,0.554409796
X1075.695_2.976,0.554409796
X602.346_2.704,0.554409796
X630.306_2.441,0.554409796
X794.532_3.407,0.554409796
X347.172_2.535,0.554409796
X351.217_2.656,1
X513.269_2.294,0.554409796
X650.403_3.014,0.554409796
X372.347_2.911,0.554409796
X261.651_2.249,0.158906213
X928.554_3.072,0.551876339
X343.227_2.835,0.554409796
X150.058_0.359,0.554409796
X814.558_3.514,1
X856.569_3.179,0.554409796
X291.146_2.33,0.158906213
X293.109_2.737,0.554409796
X423.909_2.296,0.256431734
X1091.667_2.936,0.551876339
X311.633_2.893,1
X648.424_3.067,0.793346577
X808.584_4.337,0.554409796
X603.293_3.149,0.554409796
X675.677_3.534,0.554409796
X912.56_3.117,0.554409796
X827.271_2.769,0.554409796
X498.006_2.237,0.7207001
X290.61_2.88,0.554409796
X299.633_2.896,0.554409796
X665.853_2.416,0.379006802
X457.24_2.215,0.646500664
X650.438_3.126,0.554409796
X493.315_3.011,1
X612.815_2.332,0.551876339
X580.545_2.283,0.554409796
X902.538_3.238,0.554409796
X529.284_2.184,0.803670077
X103.055_0.486,0.551876339
X659.287_3.323,0.04670472
X548.275_2.874,0.618978786
X538.52_4.168,0.554409796
X558.283_2.791,0.524896988
X418.223_2.772,0.28867777
X400.159_0.337,0.040315138
X415.157_0.304,0.379006802
X880.571_3.378,0.554409796
X301.115_0.328,0.012627562
X632.321_2.535,0.369085307
X518.604_2.246,0.551876339
X301.115_0.413,0.010300448
X663.672_2.237,0.554409796
X674.439_3.237,0.340798088
X930.569_3.313,1
X590.274_2.559,0.930711505
X169.072_0.342,0.00817703
X639.976_2.342,1
X630.306_2.472,0.554409796
X590.273_2.68,0.938590682
X298.993_0.33,0.59965439
X834.528_3.349,1
X403.233_3.194,0.379006802
X408.309_3.31,0.73352908
X424.283_3.332,1
X264.078_2.788,0.554409796
X759.638_5.605,0.999105834
X288.29_2.69,0.551876339
X352.306_2.997,0.003853361
X198.186_2.605,1
X242.175_2.774,0.98738095
X778.284_2.453,0.554409796
X640.047_2.343,0.554409796
X293.139_2.771,0.554409796
X829.969_2.454,0.768455721
X834.6_4.663,0.554409796
X242.212_2.726,1
X349.21_2.695,0.786149473
X108.069_4.53,0.73352908
X368.279_2.763,0.554409796
X824.542_3.368,0.73352908
X332.219_2.219,0.119000081
X430.39_2.963,0.554409796
X846.562_3.417,0.554409796
X806.532_3.537,0.554409796
X782.532_3.34,0.551876339
X560.3_2.683,0.554409796
X810.527_3.324,0.554409796
X315.253_3.196,0.554409796
X934.529_3.044,0.551876339
X357.206_2.697,0.554409796
X602.346_2.773,0.554409796
X263.091_2.771,0.054985287
X377.232_2.775,1
X548.336_2.972,0.554409796
X469.252_2.661,0.554409796
X632.32_2.689,1
X361.89_2.144,0.554409796
X534.296_2.937,0.554409796
X876.537_3.262,0.551876339
X271.104_0.331,0.333006064
X686.438_3.138,0.554409796
X846.554_3.341,0.768455721
X846.559_3.356,0.73352908
X343.227_2.709,0.554409796
X766.5_3.304,0.554409796
X295.648_2.934,1
X182.588_2.711,0.554409796
X878.553_3.331,1
X776.558_4.123,0.554409796
X830.102_2.454,0.803670077
X830.169_2.454,1
X834.528_3.29,0.554409796
X149.095_5.377,0.551876339
X108.069_4.381,0.551876339
X758.569_4.65,1
X1063.671_2.922,0.554409796
X122.072_3.9,0.511618324
X759.637_3.27,0.819883408
X759.637_3.187,0.554409796
X153.041_0.4,1
X263.081_2.818,0.554409796
X263.081_2.774,0.031541201
X678.471_3.313,0.74336898
X462.319_3.281,0.674159505
X546.269_2.157,0.096947108
X374.303_3.249,0.703459444
X211.079_2.777,0.096947108
X688.455_3.234,0.938590682
X348.071_0.332,0.554409796
X255.142_2.716,1
X191.147_2.756,1
X788.618_5.596,1
X274.137_2.29,0.554409796
X632.393_3.035,0.554409796
X564.366_3.017,0.304380633
X211.079_2.93,0.767950489
X771.373_2.866,0.379006802
X427.096_0.313,0.279207502
X628.383_2.98,0.551876339
X276.603_2.867,0.554409796
X570.357_2.934,0.010300448
X664.418_3.08,0.554409796
X277.216_3.082,0.554409796
X242.284_2.725,0.554409796
X758.571_5.632,0.565930283
X1039.674_2.917,0.554409796
X741.069_2.572,0.554409796
X399.585_2.257,0.554409796
X566.324_2.875,0.554409796
X812.507_3.228,0.554409796
X798.527_3.326,1
X574.279_2.652,0.153636514
X425.137_2.77,0.043639288
X792.554_5.593,0.554409796
X834.602_3.204,0.712494687
X764.523_3.785,0.194237329
X495.221_2.995,0.554409796
X211.079_2.614,0.903294334
X276.02_2.431,0.649870745
X262.988_2.432,1
X234.993_2.429,0.554409796
X339.02_2.429,0.968920524
X211.079_2.691,0.554409796
X278.173_2.843,0.604763763
X325.183_2.735,0.554409796
X340.285_3.189,0.554409796
X922.611_2.391,0.379006802
X922.674_2.39,1
X788.522_3.689,1
X866.589_3.607,1
X776.559_5.587,0.554409796
X336.532_2.169,0.554409796
X590.793_2.315,0.554409796
X302.209_2.269,0.551876339
X703.575_3.835,0.554409796
X782.569_4.257,0.819883408
X834.601_4.284,1
X782.569_4.312,0.551876339
X468.39_3.123,0.554409796
X758.57_3.242,0.803670077
X205.098_0.627,0.551876339
X169.036_0.367,0.554409796
X241.126_2.655,0.554409796
X161.1_2.439,0.712494687
X350.305_2.96,0.031541201
X150.113_0.34,0.554409796
X205.098_0.5,0.554409796
X600.331_2.658,0.039543845
X397.22_2.071,0.007054968
X666.435_3.08,0.377443178
X609.318_2.215,0.803670077
X564.498_2.407,1
X143.118_0.441,0.304380633
X217.12_4.979,0.551876339
X217.12_4.904,0.554409796
X459.489_2.709,0.554409796
X510.32_2.768,0.554409796
X748.475_3.146,0.554409796
X418.244_2.829,0.554409796
X806.57_4.031,0.92231056
X340.358_3.708,0.638305745
X538.52_4.124,0.554409796
X108.069_4.559,0.859083414
X608.728_2.766,0.554409796
X482.324_3.036,0.554409796
X240.196_2.725,0.554409796
X293.284_3.382,0.969808824
X147.081_2.966,1
X349.136_2.965,1
X188.071_0.5,1
X228.269_2.773,0.554409796
X486.285_2.275,0.554409796
X748.528_4.033,1
X832.584_3.997,0.554409796
X808.584_3.334,1
X539.024_0.302,0.741740004
X261.099_2.462,0.554409796
X714.47_3.288,1
X119.049_2.765,0.005944731
X836.616_3.594,0.768455721
X824.543_3.604,0.803670077
X806.571_5.597,1
X790.539_3.785,0.554409796
X790.538_3.929,0.554409796
X286.996_0.312,0.336140117
X420.248_2.577,0.803670077
X406.154_2.765,0.002265299
X243.105_2.79,0.554409796
X302.112_2.27,0.803670077
X398.266_2.591,0.554409796
X582.411_2.991,0.554409796
X166.123_2.515,0.899490361
X834.601_5.541,0.554409796
X464.998_2.246,0.551876339
X309.157_2.415,0.554409796
X836.614_3.283,1
X836.615_3.699,0.554409796
X308.295_3.309,0.59965439
X782.57_5.591,0.554409796
X208.17_3.328.1,1
X191.143_3.328,1
X303.131_0.336,0.201626576
X374.327_2.794,0.554409796
X329.247_3.242,1
X588.259_2.46,0.554409796
X226.18_3.328,1
X244.191_3.34,0.551876339
X198.185_3.33,1
X175.148_3.329,0.554409796
X200.164_3.213,0.719768422
X198.149_3.215,1
X870.55_3.27,1
X190.109_3.821,0.554409796
X177.114_3.84,1
X290.27_2.644,0.554409796
X852.537_3.362,1
X792.552_4.231,0.554409796
X792.554_4.285,1
X786.601_5.631,1
X810.601_3.752,0.554409796
X580.362_2.984,0.003853361
X114.092_1.016,0.819883408
X217.12_4.242,0.73352908
X113.518_3.628,1
X113.518_3.883,1
X834.601_3.352,0.938590682
X808.584_3.271,0.554409796
X217.12_4.519,0.551876339
X776.559_3.987,0.554409796
X792.59_5.594,0.554409796
X336.326_3.178,0.554409796
X311.136_2.89,0.803670077
X284.163_5.628,0.554409796
X157.086_1.02,1
X660.503_2.888,0.554409796
X280.188_2.785,0.554409796
X282.279_3.281,0.928729292
X334.31_3.357,1
X261.033_2.464,0.661696097
X263.03_2.464,0.73352908
X265.027_2.466,0.554409796
X828.539_3.327,0.955355159
X279.205_2.564,0.158906213
X216.159_3.223,0.768455721
X792.329_2.764,0.002431167
X582.34_3.059,0.551876339
X914.574_3.162,0.554409796
X914.574_3.336,0.73352908
X523.049_0.301,0.73352908
X198.129_2.333,0.551876339
X110.021_3.734,0.554409796
X110.021_3.929,0.379006802
X115.076_1.044,1
X115.076_1.141,0.816199913
X115.076_0.991,0.554409796
X115.076_1.662,0.448741878
X316.66_2.948,0.554409796
X736.475_3.128,1
X354.337_3.264,1
X268.064_2.519,0.554409796
X328.321_3.261,0.554409796
X352.321_3.213,0.551876339
X528.311_2.928,0.345469229
X696.443_3.1,0.554409796
X398.265_2.62,0.554409796
X221.054_2.77,0.554409796
X354.112_2.768,0.554409796
X250.572_2.772,0.554409796
X792.829_2.765,0.297451012
X387.193_2.842,0.008720816
X542.289_2.779,0.156497614
X722.425_2.954,0.959262326
X367.335_3.413,0.554409796
X438.297_2.965,0.554409796
X306.279_3.229,1
X423.2_2.76,0.554409796
X272.259_2.618,0.554409796
X700.454_3.256,0.803670077
X334.311_3.093,0.551876339
X364.357_3.287,0.554409796
X278.186_2.23,0.554409796
X309.242_2.852,0.554409796
X748.529_3.775,0.524896988
X308.092_0.309,1
X428.204_2.18,0.551876339
X808.585_5.595,0.803670077
X376.318_3.198,1
X132.52_0.301,0.641982143
X536.336_2.744,0.313812281
X678.471_3.342,0.554409796
X307.217_2.716,0.554409796
X515.314_2.928,0.554409796
X292.162_0.309,0.675814161
X614.37_2.762,0.379006802
X288.161_2.924,0.938590682
X142.035_0.317,0.554409796
X233.581_2.766,0.524896988
X369.264_2.773,1
X860.541_3.347,0.803670077
X774.543_3.817,0.554409796
X302.233_2.51,0.554409796
X788.616_3.191,0.554409796
X415.158_0.412,0.554409796
X782.57_3.269,0.364033825
X121.065_6.962,0.642794855
X121.065_6.872,0.551876339
X834.602_3.269,0.58113855
X115.076_1.252,0.593847129
X758.57_3.585,0.379006802
X698.425_2.994,0.391073881
X270.316_2.855,0.554409796
X256.3_2.819,1
X145.098_0.583,0.554409796
X143.118_0.452,0.252725815
X136.097_0.524,0.73352908
X639.319_2.335,0.554409796
X134.118_0.492,0.054985287
X161.092_0.615,0.554409796
X158.129_0.49,1
X134.118_0.421,0.761024715
X161.129_0.497,0.554409796
X896.565_3.18,0.73352908
X495.998_0.312,0.554409796
X894.549_3.177,1
X377.232_2.707,0.554409796
X892.53_3.261,0.768455721
X115.076_0.843,0.924657381
X361.238_2.721,0.554409796
X370.259_2.889,0.554409796
X361.238_2.822,1
X616.326_2.812,0.565930283
X641.367_3.008,0.554409796
X837.619_3.538,0.554409796
X353.231_2.633,0.803670077
X866.591_3.658,0.644687568
X772.55_3.498,1
X832.585_4.11,1
X820.549_3.664,1
X347.148_2.481,0.554409796
X249.149_2.694,0.554409796
X169.072_0.348,0.379006802
X856.584_5.565,0.913675065
X524.593_2.203,0.554409796
X621.303_3.215,1
X618.342_2.623,1
X325.217_2.909,0.554409796
X249.149_2.63,0.554409796
X596.336_2.927,0.786149473
X726.47_3.259,0.554409796
X570.28_2.173,0.554409796
X136.048_3.57,0.551876339
X602.344_2.984,0.641909427
X343.227_3.015,0.199026399
X918.533_3.092,0.554409796
X844.546_3.44,0.554409796
X708.512_4.837,0.554409796
X391.212_2.608,0.565930283
X163.109_0.48,1
X323.097_0.307,0.554409796
X373.202_2.56,0.554409796
X774.543_3.912,0.551876339
X828.552_4.048,1
X790.574_4.314,0.554409796
X546.354_3.034,0.379006802
X300.29_3.137,0.554409796
X814.15_2.341,0.554409796
X508.341_2.908,0.551876339
X790.576_5.595,0.554409796
X408.309_3.341,0.554409796
X321.316_3.545,0.08584112
X812.508_3.167,1
X415.158_0.304,0.593847129
X449.288_3.013,0.554409796
X161.093_0.654,0.554409796
X792.555_4.362,0.554409796
X796.548_3.529,0.554409796
X280.189_2.775,0.012251792
X783.355_2.862,0.039543845
X792.556_5.59,0.565930283
X686.441_3.121,0.004176721
X780.553_5.568,0.73352908
X553.315_3.021,0.554409796
X638.404_3.065,0.244896057
X830.571_3.822,0.803670077
X898.581_3.359,0.554409796
X371.102_1.305,1
X371.102_6.961,0.554409796
X371.102_1.224,1
X371.102_1.501,1
X371.102_1.816,0.554409796
X371.102_1.38,1
X371.102_1.158,1
X771.647_3.321,0.855941823
X401.288_2.989,0.252725815
X806.57_4.375,0.554409796
X375.217_2.766,0.075716517
X170.154_3.24,0.551876339
X836.617_3.659,0.768455721
X760.586_3.367,0.554409796
X221.06_2.218,0.955355159
X221.06_2.264,0.929213022
X223.057_2.227,0.712494687
X223.057_2.253,0.554409796
X223.057_2.26,0.819883408
X285.013_2.461,0.554409796
X221.06_2.259,0.433617067
X174.602_2.709,0.679762208
X242.586_2.766,0.554409796
X205.615_2.62,0.819883408
X254.094_2.768,0.899490361
X303.648_2.884,0.110442095
X282.624_2.875,0.73352908
X119.119_0.445,0.999105834
X122.082_0.534,0.489947517
X515.552_2.801,0.554409796
X292.241_2.77,0.554409796
X228.269_3.372,0.554409796
X228.269_3.378,0.554409796
X228.269_3.313,0.554409796
X543.583_2.885,0.554409796
X571.615_2.898,0.554409796
X632.473_2.949,0.554409796
X274.238_2.487,0.554409796
X283.015_2.465,0.554409796
X232.192_2.319,0.554409796
X487.52_2.757,0.554409796
X246.208_2.38,0.554409796
X320.272_2.856,0.554409796
X218.176_2.268,0.554409796
X242.285_2.87,0.554409796
X523.056_2.466,0.554409796
X644.453_2.793,0.554409796
X549.513_2.765,0.554409796
X521.059_2.467,0.554409796
X240.269_2.789,0.554409796
X337.226_2.732,0.554409796
X302.27_2.577,0.554409796
X264.209_2.688,0.554409796
X521.482_2.753,0.554409796
X256.3_3.382,0.554409796
X614.443_2.769,0.554409796
X276.209_2.723,0.554409796
X304.25_2.379,0.554409796
X225.056_2.467,0.554409796
X781.644_2.924,0.554409796
X342.161_2.53,0.554409796
X757.472_2.974,0.554409796
X366.374_3.697,0.554409796
X385.347_3.403,0.819883408
X678.399_2.986,0.844405252
X170.129_0.487,0.551876339
X157.134_0.442,0.554409796
X427.307_3.008,0.554409796
X122.082_0.572,0.554409796
X878.555_3.262,0.882174463
X143.118_0.451,0.507264077
X143.118_0.561,0.768455721
X148.097_0.52,1
X203.007_0.316,0.050933792
X271.104_0.337,0.554409796
X161.093_0.696,0.798265861
X251.037_0.336,0.028147113
X182.6_2.61,0.551876339
X245.187_2.22,0.379006802
X296.259_2.971,0.002265299
X350.306_2.961,0.642794855
X368.317_3.315,0.271019609
X400.307_3.013,0.554409796
X307.084_0.362,0.039543845
X164.129_0.424,0.554409796
X764.524_3.729,0.009964174
X764.524_3.822,0.158906213
X830.571_3.799,0.395263851
X149.129_0.462,0.554409796
X163.145_0.427,0.554409796
X170.129_0.459,0.73352908
X682.364_3.313,0.002265299
X808.586_4.577,0.554409796
X930.572_3.157,0.280031669
X312.327_3.55,0.016810449
X100.012_5.6,0.252725815
X254.094_2.766,0.158906213
X136.097_0.551,0.004176721
X234.957_6.458,0.551876339
X247.17_2.74,0.554409796
X114.517_5.984,0.554409796
X348.071_0.342,0.252725815
X466.33_3.072,0.554409796
X436.779_5.727,0.554409796
X145.134_0.499,0.252725815
X834.612_5.491,0.554409796
X462.32_3.27,0.379006802
X266.152_2.71,0.554409796
X242.586_2.768,0.158906213
X659.288_3.313,0.096947108
X291.254_2.998,0.252725815
X828.54_3.256,0.054985287
X233.581_2.765,0.551876339
X143.118_0.616,0.554409796
X451.174_2.881,0.554409796
X301.115_0.33,0.551876339
X198.186_3.308,0.554409796
X208.17_3.306,0.554409796
X191.144_3.306,0.554409796
X205.159_3.027,0.551876339
X282.28_3.246,0.554409796
