"","fch","pval","pAdj"
"X137.046_0.35",2.48956781402752,1.28934500757877e-08,1.85665681091343e-05
"X269.088_0.35",2.38258573766849,2.65476137060469e-05,0.00224873904333574
"X338.342_3.533",0.141999342010764,0.15990093419154,0.420475453364099
"X387.181_2.767",0.7813714152652,0.0185537262328588,0.166778164926595
"X311.081_2.525",1.22284745919628,0.00864180912639655,0.102844670595133
"X228.196_2.71",1.52975264194894,5.80205253410446e-07,0.000278498521637014
"X404.207_2.768",0.849298573299699,0.115978749531323,0.420475453364099
"X496.341_2.926",1.07340185367943,0.65287003041307,0.757300330454633
"X310.31_3.391",0,0.164394222391658,0.420475453364099
"X228.196_3.321",0.72964012544684,0.288311619183355,0.479518481647123
"X285.022_2.394",1.20836494967483,0.0164317222193857,0.165981677748078
"X336.326_3.156",1.28973859627795,0.000478140702610511,0.0160121537618404
"X524.372_3.04",0.843947554754237,0.512486352283095,0.655982530922361
"X596.357_2.948",1.26588129727377,0.187268401403014,0.464141993150327
"X409.162_2.768",0.825919786660844,0.0612792417000994,0.372329569823389
"X244.191_2.61",1.35529811157037,0.0742044999172241,0.401413571936687
"X624.388_3.054",1.26952808618899,0.126147401015694,0.420475453364099
"X226.181_2.61",1.3121062468815,0.0612792417000994,0.372329569823389
"X238.1_2.259",0.791386233184425,0.366875192434742,0.496522816828975
"X226.181_3.32",0.938736772469192,0.539298539584697,0.668321770225442
"X244.191_3.324",0.902768019135664,0.436289427525659,0.572182855771356
"X638.403_3.073",1.073701308293,0.894198076450996,0.966700623190266
"X287.018_2.395",1.20774099457294,0.0185537262328588,0.166778164926595
"X489.228_2.768",0.497234225629619,1.55495007914e-05,0.0014927520759744
"X110.021_5.865",1.69071183090344,0.255313320250849,0.479518481647123
"X312.326_3.521",0,0.350647889704459,0.479518481647123
"X610.372_2.951",0.719940723906813,0.160685472537209,0.420475453364099
"X110.021_6.211",0.948162441431993,0.726329851980335,0.821614286607763
"X183.15_2.549",0.941600851626385,1,1
"X637.306_3.32",1.4643475432612,0.0036743109353476,0.0596512699508757
"X146.981_3.86",0.955424491923671,0.258256791633801,0.479518481647123
"X105.07_2.767",0.782344094594866,0.0234961466635103,0.200169858025997
"X352.321_3.187",1.38935655407647,7.12105247685755e-05,0.00410172622666995
"X432.238_2.769",1.06744458248662,0.345310897182987,0.479518481647123
"X200.165_3.207",1.78764580075296,0.000901068629373615,0.0244818646471322
"X267.123_2.767",0.801918350675535,0.0502223733334571,0.324305908520979
"X200.165_2.552",1.61757029938106,0.000996702371208616,0.0260954802643711
"X126.022_0.338",1.16465313632488,0.0969423357222676,0.420475453364099
"X608.393_3.098",1.39302371222711,0.0209023068445138,0.183532450342072
"X666.434_3.024",0.234408744128838,0.00738407533522359,0.0996985516241708
"X240.097_2.259",0.774629800204207,0.304590816047085,0.479518481647123
"X522.357_2.957",1.14544934837756,0.436289427525659,0.572182855771356
"X482.325_3.027",0.77511446268813,0.389233298727313,0.52116037782142
"X308.295_3.045",1.38715723227452,0.000140358097525025,0.00631611438862612
"X650.44_3.113",0.76901367031656,0.0612792417000994,0.372329569823389
"X333.063_2.524",1.26776339717319,0.0036743109353476,0.0596512699508757
"X594.377_3",0.911544283265412,0.566774494589651,0.696972905387786
"X282.279_3.26",0,0.350647889704459,0.479518481647123
"X285.133_2.768",0.785763689284335,0.0164317222193857,0.165981677748078
"X790.38_2.768",0.660935759304704,0.000834090178852782,0.0230978818759232
"X417.337_3.233",0.500354346508193,1,1
"X582.341_3.046",1.17979519053658,0.366875192434742,0.496522816828975
"X622.409_3.109",0.920732682388583,0.902462275054423,0.97417217097329
"X100.076_2.546",0.874341577612555,0.662833123156314,0.764195113967247
"X401.342_3.422",0.601481706360727,0.148583061170284,0.420475453364099
"X636.388_2.978",0.973614941356898,0.80633377841523,0.893857306326352
"X214.181_2.634",1.78714889761767,7.12105247685755e-05,0.00410172622666995
"X198.15_2.471",2.05038759689922,1.17717199191942e-05,0.00130394436027997
"X132.102_0.307",1.24103284302654,0.0453338990979227,0.298085911876752
"X113.964_6.456",1.28834467881458,0.631556494945504,0.737751905111418
"X678.478_3.062",Inf,0.0797251955374254,0.401413571936687
"X110.021_5.953",2.09514974971423,0.701503104397263,0.797918223011105
"X369.352_3.849",0.302104513624662,0.363555623381832,0.493421392714268
"X369.17_2.767",0.689511016931611,0.00196295041333822,0.0381979539892843
"X568.341_2.887",1.98520960879398,0.0112560077030628,0.126630086659457
"X221.111_2.312",0.971212582236781,0.838134776780856,0.919203410940162
"X321.315_3.533",0,0.0384143238141604,0.263412506154243
"X634.453_3.069",Inf,0.164394222391658,0.420475453364099
"X208.17_3.328",0,0.350647889704459,0.479518481647123
"X694.465_3.135",0,0.0797251955374254,0.401413571936687
"X216.196_2.567",1.6860068159162,0.0612792417000994,0.372329569823389
"X313.077_2.525",1.22604581324616,0.00754354504894096,0.0996985516241708
"X354.337_3.278",0,0.350647889704459,0.479518481647123
"X216.16_2.471",2.77118480138169,0.00043379389941271,0.0152356881744952
"X137.046_0.42",2.07961127065478,0.0950073993862305,0.420475453364099
"X111.092_5.384",0.632402687207052,0.522573829816786,0.656708498302231
"X520.341_2.89",1.29835126023425,0.232811909318818,0.479518481647123
"X425.136_2.773",0.842863649046958,0.972006675490599,1
"X795.335_2.768",0.732331016141033,0.0112560077030628,0.126630086659457
"X256.264_3.225",0,0.0797251955374254,0.401413571936687
"X198.186_3.331",0,0.0797251955374254,0.401413571936687
"X113.964_6.627",1.40433660403836,1,1
"X111.092_5.093",2.25393858323493,0.218416562806934,0.479518481647123
"X256.227_2.847",1.59391429197713,3.86803502273631e-07,0.000278498521637014
"X295.227_3.017",1.98606275260965,0.0234961466635103,0.200169858025997
"X111.092_4.634",1.78366061868568,0.609311635805372,0.724532415821417
"X454.294_2.917",0.8513235397321,0.623594278712037,0.737751905111418
"X122.072_5.438",1.00270855413719,0.884125261484153,0.957968680614884
"X722.505_3.058",Inf,0.350647889704459,0.479518481647123
"X432.238_2.839",0.852504854381116,1,1
"X590.427_3.075",Inf,0.164394222391658,0.420475453364099
"X554.31_2.942",1.17063717965515,0.588908461067292,0.708461306547118
"X544.34_2.89",1.44290320515848,0.136974224446085,0.420475453364099
"X766.53_3.05",Inf,0.164394222391658,0.420475453364099
"X103.956_5.525",0,0.350647889704459,0.479518481647123
"X646.408_3.051",1.33691544415448,0.216856638760083,0.479518481647123
"X232.191_2.63",1.56267644952483,0.0170673218820573,0.165981677748078
"X308.295_3.285",1.3207945950635,2.04103314699719e-05,0.00183692983229747
"X680.414_3.051",1.54199407284344,0.377287981047187,0.50822702779041
"X230.248_2.715",0.301759742832646,0.357561718346142,0.488046326462981
"X224.084_2.236",1.02446802828682,0.80633377841523,0.893857306326352
"X281.102_2.768",0.896260146508191,0.236633995163899,0.479518481647123
"X526.294_2.877",1.25788766683532,0.304590816047085,0.479518481647123
"X216.16_3.213",1.45160779004033,0.136974224446085,0.420475453364099
"X375.199_2.868",0.971695242694797,0.743702065375981,0.837318979000322
"X283.118_2.713",0.583046778866615,0.169357262919342,0.430113683604678
"X664.419_3.086",1.01643183304872,0.900037927832256,0.972284033067103
"X608.393_3.002",1.54213333648306,0.0870268376946802,0.416341017542656
"X550.351_3.01",0,0.0797251955374254,0.401413571936687
"X324.29_3.082",1.64550830963304,0.000695550057788443,0.0212552476758613
"X175.148_2.71",1.63140514936413,2.5142227647786e-06,0.000452560097660148
"X278.248_3.1",1.39728406836987,6.54987263850015e-06,0.00089058808901095
"X266.173_2.61",1.59212966426639,0.0742044999172241,0.401413571936687
"X250.178_2.71",1.44793684758653,0.000174138936723589,0.00759878996612023
"X198.149_3.205",1.66664928579273,0.00426618476107663,0.0651084948992214
"X566.346_3.087",0.928745154932327,0.712965124764759,0.808401401308073
"X607.227_2.771",0,0.0797251955374254,0.401413571936687
"X385.346_3.54",0.076064222760996,0.0335165782642333,0.259483186561806
"X546.401_3.081",Inf,0.164394222391658,0.420475453364099
"X272.222_2.957",1.29173989157878,0.00166521486418813,0.0346729880275365
"X272.222_2.809",1.96216714449027,0.729331668360244,0.824362325305143
"X340.285_3.14",0.796003370400807,0.569727601677239,0.698077023810706
"X734.57_3.377",1.59993297748064,0.109019138979615,0.420475453364099
"X622.408_3.044",0.933774920217176,0.851917755560635,0.932189641342944
"X113.964_6.749",Inf,0.350647889704459,0.479518481647123
"X324.326_3.469",1.71483630952381,1,1
"X568.361_2.947",2.11363674496644,0.232327784137692,0.479518481647123
"X319.3_3.156",1.341135352963,0.000834090178852782,0.0230978818759232
"X199.989_2.374",1.46832437552415,0.19750579719939,0.479518481647123
"X678.471_3.228",0.325917188141431,0.025818283888762,0.212447593141813
"X622.372_2.977",1.72403597175792,0.132942304784504,0.420475453364099
"X334.311_3.335",0.564108364969297,0.000775991697370193,0.0223485608842616
"X480.309_2.951",0.682459214846811,0.594883930583728,0.714456096781124
"X502.294_2.879",0.546504030986947,0.0502223733334571,0.324305908520979
"X786.601_3.279",Inf,0.0180966134767002,0.165981677748078
"X674.439_3.163",1.20762069871423,0.678167266576102,0.777516611361136
"X184.074_0.312",Inf,0.0797251955374254,0.401413571936687
"X175.148_3.322",0.696812397088469,0.253488197206034,0.479518481647123
"X810.557_3.053",Inf,0.350647889704459,0.479518481647123
"X387.192_2.843",Inf,0.0384143238141604,0.263412506154243
"X474.249_2.887",0.870402922967624,0.506069482458717,0.650525349948885
"X786.601_3.393",0.863559746941356,0.109019138979615,0.420475453364099
"X678.398_3.039",0.619246861924686,1,1
"X660.424_3.08",0.671605706690351,0.277828265041416,0.479518481647123
"X242.212_3.159",0.796858627129784,0.683854395974837,0.7834131505201
"X694.429_3.054",0,0.0797251955374254,0.401413571936687
"X654.332_3.32",1.54332191106231,0.00196295041333822,0.0381979539892843
"X416.337_2.79",0.0380593966121814,0.000215834242513107,0.00888003740625355
"X414.14_2.772",0,0.0797251955374254,0.401413571936687
"X400.342_2.89",0.0128293022338854,0.000259303468525693,0.0100918106669459
"X212.165_2.546",Inf,0.350647889704459,0.479518481647123
"X636.424_3.106",1.28276177041544,0.646142479412654,0.75096462498323
"X801.313_2.768",0.100796413373726,0.00024313129516344,0.00972525180653761
"X103.956_5.454",0,0.350647889704459,0.479518481647123
"X991.673_2.928",0.846966394898056,0.321925003726624,0.479518481647123
"X800.313_2.771",0,0.164394222391658,0.420475453364099
"X668.413_2.991",1.17817943166645,0.632724724175418,0.737751905111418
"X313.016_2.379",1.11318662748059,0.586217926285177,0.705814225627638
"X538.315_2.977",1.24165909835247,0.232811909318818,0.479518481647123
"X429.191_2.885",0.872789779686311,0.187268401403014,0.464141993150327
"X606.378_3.022",1.26281624670176,0.187268401403014,0.464141993150327
"X680.45_3.157",0.326725422084987,0.0300728532790114,0.244660501252974
"X692.414_2.985",1.7252168819329,0.333548821794879,0.479518481647123
"X256.227_3.448",0,0.0180966134767002,0.165981677748078
"X1022.625_3.326",0.43573209172006,0.311367697486114,0.479518481647123
"X230.175_2.591",0,0.350647889704459,0.479518481647123
"X180.175_2.611",1.22437971952535,0.972006675490599,1
"X446.218_2.884",0.969023135031136,0.774840301727361,0.868979777638162
"X620.393_3.029",1.01270544060324,0.50686766850184,0.650525349948885
"X692.412_3.038",0,0.350647889704459,0.479518481647123
"X313.144_3.062",0.851670737639255,0.345310897182987,0.479518481647123
"X683.433_3.063",Inf,0.350647889704459,0.479518481647123
"X152.995_6.215",1.41648942634367,0.297869746830314,0.479518481647123
"X397.379_3.191",1.62103660472252,0.0225160675380031,0.195320103944123
"X326.306_3.148",1.33687840750041,0.0112560077030628,0.126630086659457
"X205.017_5.778",0,0.0797251955374254,0.401413571936687
"X172.133_3.109",Inf,0.350647889704459,0.479518481647123
"X158.962_2.362",4.1181277764663,0.261466305877338,0.479518481647123
"X652.383_2.943",1.21665820373206,0.65287003041307,0.757300330454633
"X374.303_3.189",2.85853018642566,0.000547926923605638,0.0179321538634573
"X172.134_2.343",2.18960396243622,0.000323457982051286,0.0119430639526629
"X670.393_2.893",1.11052749719416,0.878026982220026,0.952794916651724
"X510.356_2.983",0.618493320544568,0.176945505088335,0.447020223381057
"X109.023_5.881",2.08953930398719,0.393930749066161,0.525727783739825
"X242.212_2.78",2.72984110907449,8.63861155077776e-07,0.000310990015827999
"X654.398_2.907",0.892099369288197,0.56057399575302,0.689937225542179
"X149.082_4.832",1.05870626743431,0.693755831748977,0.792863807713116
"X153.041_0.336",1.16672807565587,0.798575036394493,0.887990774060285
"X254.212_2.792",2.1019376146789,0.0838229112589926,0.407145445609038
"X221.06_2.396",1.13140790604324,0.216856638760083,0.479518481647123
"X650.403_3.074",1.31234407491378,0.329638126210561,0.479518481647123
"X476.24_2.164",0.955147285703847,0.787439197425723,0.879683820242856
"X688.455_3.179",0.389006454188178,0.557807611460975,0.688297309771897
"X123.079_4.851",1.4950901393825,0.155863473097972,0.420475453364099
"X156.011_2.395",0,0.350647889704459,0.479518481647123
"X622.372_3.037",1.50722749859495,0.262699945349632,0.479518481647123
"X705.225_2.339",2.76155891493427,0.0304945369657129,0.245886192298266
"X166.087_0.522",1.36587873303779,0.574127355910988,0.698077023810706
"X652.418_3.02",1.24045153145842,0.603619336895299,0.723137974317164
"X676.419_3.043",0.937013372865885,0.643741672601205,0.749384000441176
"X682.363_3.329",4.94494023904382,1,1
"X141.959_6.151",Inf,0.350647889704459,0.479518481647123
"X153.041_0.412",Inf,0.164394222391658,0.420475453364099
"X370.332_3.032",1.37161208405461,0.0234961466635103,0.200169858025997
"X277.216_3.018",2.24839231704698,0.119804835906325,0.420475453364099
"X306.279_2.989",1.88180956242588,3.43223641017469e-05,0.00260127391086923
"X475.989_2.164",0.879031366315335,0.53337373664199,0.663262677689521
"X705.141_2.339",3.28148270818835,0.00510876810574505,0.0750676129823763
"X652.418_3.078",0.411425094510887,0.0928851778368546,0.420475453364099
"X554.288_2.924",0.786504943270716,0.304590816047085,0.479518481647123
"X367.336_3.39",0.413822402081599,0.183537835852659,0.458844589631647
"X676.454_3.145",0.502792516851886,0.293701855750201,0.479518481647123
"X440.359_2.985",0.861149063708418,0.299220208893515,0.479518481647123
"X226.081_2.237",0.945333983669551,0.835343541746091,0.917539817020878
"X718.429_3.009",1.56301254680222,0.813624608753143,0.899170711131639
"X120.102_0.391",2.0917807657432,0.325821260421724,0.479518481647123
"X142.035_0.315",1.49633836742225,0.000996702371208616,0.0260954802643711
"X482.361_2.958",0.322995943195507,0.00546578404289354,0.078707290217667
"X426.358_2.916",0,0.350647889704459,0.479518481647123
"X119.049_2.77",0.512291902018565,1,1
"X149.082_4.735",1.54553742083799,0.4058166035769,0.539589943814161
"X566.382_3.018",1.69904436860068,0.435736735390248,0.572182855771356
"X285.217_3.322",0,0.0384143238141604,0.263412506154243
"X368.316_2.962",4.26996259929162,0.000109748902530707,0.00526794732147393
"X268.227_2.861",1.28488858344471,0.106445693561888,0.420475453364099
"X682.429_3.009",0.734273733263895,0.668854885880783,0.769904904610973
"X158.962_2.581",0.943752138104691,0.961707797472381,1
"X254.212_3.447",0,0.350647889704459,0.479518481647123
"X289.014_2.395",1.15171947376308,0.106445693561888,0.420475453364099
"X696.445_3.083",1.68910846268977,0.492822899008406,0.638187926773475
"X776.253_2.398",6.47965137518919,0.000317500789554233,0.0119430639526629
"X296.146_2.932",0,0.164394222391658,0.420475453364099
"X720.445_3.09",2.03518127883982,0.538307257772393,0.668321770225442
"X272.222_3.45",0,0.350647889704459,0.479518481647123
"X293.211_2.931",4.14305044868503,0.0928323128945194,0.420475453364099
"X192.125_4.749",Inf,0.0797251955374254,0.401413571936687
"X141.959_1.787",Inf,0.350647889704459,0.479518481647123
"X230.176_2.586",3.78309779859691,4.62275761040444e-05,0.00316989093284876
"X238.142_2.469",Inf,0.350647889704459,0.479518481647123
"X534.286_3.175",3.64204560088172,0.00601499617900781,0.0857583613640718
"X158.962_2.089",1.92070007046036,0.393930749066161,0.525727783739825
"X141.959_1.562",Inf,0.164394222391658,0.420475453364099
"X192.125_4.994",0,0.164394222391658,0.420475453364099
"X396.332_2.991",0.825921382431072,0.222749777724739,0.479518481647123
"X594.341_2.975",0,0.164394222391658,0.420475453364099
"X428.374_2.971",0,0.0797251955374254,0.401413571936687
"X652.419_3.146",0,0.164394222391658,0.420475453364099
"X141.959_1.379",Inf,0.164394222391658,0.420475453364099
"X502.374_3.089",Inf,0.350647889704459,0.479518481647123
"X303.232_3.023",0.854143542241293,0.662833123156314,0.764195113967247
"X141.959_1.2",Inf,0.164394222391658,0.420475453364099
"X478.294_2.879",0.791752040976384,0.870194456435353,0.94572076774861
"X141.959_1.295",Inf,0.164394222391658,0.420475453364099
"X114.092_2.075",1.4939957437546,0.319668824369701,0.479518481647123
"X254.212_3.319",0.140965854760621,0.012551449776289,0.139031443675817
"X141.959_1.101",Inf,0.164394222391658,0.420475453364099
"X694.428_3.006",0,0.350647889704459,0.479518481647123
"X632.393_3.152",0.262605995090072,0.298928681718801,0.479518481647123
"X810.601_3.479",0.232233097971741,0.916157686803492,0.981374912612299
"X186.15_2.46",3.79383886255924,0.292456088688432,0.479518481647123
"X484.385_2.982",0.53934450286516,0.0811922272601903,0.404543699916331
"X708.409_2.912",1.33445897930062,0.818683174136152,0.902177335134745
"X114.092_0.357",Inf,0.350647889704459,0.479518481647123
"X150.059_0.3",1.49927252415087,0.0929478533562106,0.420475453364099
"X776.2_2.398",4.78202111009097,0.00830821263534756,0.0996985516241708
"X245.175_3.33",0,0.0384143238141604,0.263412506154243
"X352.357_3.617",0,0.00152295328439113,0.0327321302913914
"X819.378_2.399",6.28279885168402,0.00276479115636592,0.0517051852619081
"X120.066_0.596",0.878228664467807,0.884125261484153,0.957968680614884
"X108.045_2.395",1.09016741929124,0.460958749211566,0.599621137185776
"X138.995_6.301",1.12826971311546,1,1
"X307.083_0.407",0,0.350647889704459,0.479518481647123
"X141.959_6.954",Inf,0.164394222391658,0.420475453364099
"X114.092_2.178",0.993910070819546,1,1
"X114.092_6.756",1.74349688373395,0.00321648146150239,0.057896666307043
"X125.016_2.257",0.633851753859324,0.222749777724739,0.479518481647123
"X114.092_0.768",1.04138143480141,0.851360938546326,0.932189641342944
"X620.356_2.913",4.65266055045872,0.0839198539589778,0.407145445609038
"X141.959_6.859",Inf,0.350647889704459,0.479518481647123
"X212.165_2.546.1",3.43048992951984,0.00984184764879946,0.115221631010335
"X867.458_2.398",4.29100250996604,0.0124619513702129,0.139031443675817
"X638.367_3.032",0.658441558441558,0.654481403615645,0.757300330454633
"X141.959_1.053",Inf,0.164394222391658,0.420475453364099
"X412.211_2.304",1.18190140243905,0.480242360986055,0.622456345472474
"X564.331_3.008",1.0763825807681,0.916631428794126,0.981374912612299
"X708.445_3.006",1.11469564237942,1,1
"X114.092_1.405",1.65858761634,0.0609548940975285,0.372329569823389
"X694.428_2.938",0.759163281907998,1,1
"X666.399_2.952",0.393695568605098,0.282690083225666,0.479518481647123
"X439.121_2.673",1.11583039493659,0.783249567078446,0.876698843774542
"X141.959_6.766",Inf,0.164394222391658,0.420475453364099
"X114.092_1.255",1.14149829660583,0.797036183569232,0.887990774060285
"X349.037_2.524",0.733397103033616,0.438462665565303,0.574509771077376
"X444.369_2.876",0,0.164394222391658,0.420475453364099
"X141.959_6.49",Inf,0.164394222391658,0.420475453364099
"X141.959_0.99",Inf,0.350647889704459,0.479518481647123
"X241.567_2.774",0,0.164394222391658,0.420475453364099
"X107.061_4.811",1.66037856368916,0.0462433187723103,0.302683541055122
"X114.092_1.976",1.60529511726838,0.0839737481568641,0.407145445609038
"X114.092_1.058",1.28662793430872,0.0811556228985746,0.404543699916331
"X432.281_2.268",Inf,0.350647889704459,0.479518481647123
"X716.45_3.129",0.327433628318584,0.325821260421724,0.479518481647123
"X114.092_1.761",1.04594783781674,0.966290662322026,1
"X818.59_3.473",0,0.350647889704459,0.479518481647123
"X149.082_4.686",1.53901327798387,0.582200335027086,0.702151157821611
"X441.136_2.721",0.980752609989985,0.632724724175418,0.737751905111418
"X648.422_3.047",2.84294994432526,0.502018022981651,0.647765190944066
"X350.305_3.132",1.26944646770817,0.506069482458717,0.650525349948885
"X690.434_3.14",1.31614355614842,0.569727601677239,0.698077023810706
"X819.267_2.398",4.64551280690958,0.00429535209404586,0.0651084948992214
"X648.423_3.138",0,0.350647889704459,0.479518481647123
"X192.125_4.795",0.179004112445621,0.577155449664142,0.698077023810706
"X141.959_0.935",Inf,0.350647889704459,0.479518481647123
"X430.223_2.769",0.901552246083829,0.86698877983567,0.944375070320246
"X283.019_0.327",0,0.00362535475873415,0.0596512699508757
"X704.45_3.153",0,0.164394222391658,0.420475453364099
"X856.569_3.369",0.0454730152352863,1,1
"X141.959_0.889",Inf,0.350647889704459,0.479518481647123
"X674.439_3.065",0.0752836844343294,0.00670162763074106,0.094611213610462
"X703.575_5.592",0,0.0180966134767002,0.165981677748078
"X788.544_3.358",0.207927566263124,0.577155449664142,0.698077023810706
"X776.306_2.398",4.07277069921116,0.0166706058180096,0.165981677748078
"X114.092_2.607",1.49506618487325,0.31295857609281,0.479518481647123
"X634.372_2.992",Inf,0.0797251955374254,0.401413571936687
"X102.092_0.355",Inf,0.164394222391658,0.420475453364099
"X277.216_2.857",4.35261372349253,0.104141601673986,0.420475453364099
"X306.279_3.212",1.79665620162234,4.80925687826881e-06,0.00076948110052301
"X819.322_2.398",6.00536123178058,0.000765899053647157,0.0223485608842616
"X289.945_0.301",1.20810259770222,0.929349970362524,0.992777416411005
"X207.058_2.248",0.765817588972179,0.367998068749511,0.497574853520465
"X169.978_2.574",1.35459837088655,0.645220144410001,0.750498390913087
"X810.602_5.596",0,0.0384143238141604,0.263412506154243
"X351.253_2.927",0,0.164394222391658,0.420475453364099
"X604.362_2.948",2.83038218194634,0.00368677987890829,0.0596512699508757
"X155.991_6.136",1.18087630306677,0.931042090258872,0.992887016994905
"X732.445_3.025",0.237841570708459,0.609311635805372,0.724532415821417
"X353.232_2.525",0,0.164394222391658,0.420475453364099
"X298.2_2.676",1.61838169097172,0.19131309171297,0.472540055002875
"X130.534_5.957",0,0.164394222391658,0.420475453364099
"X155.991_6.367",1.38639992303775,0.381557872765939,0.513498445591544
"X479.152_2.786",Inf,0.0384143238141604,0.263412506154243
"X748.439_2.944",4.89007898894155,0.384481806000131,0.516950327395134
"X816.574_3.495",0,0.350647889704459,0.479518481647123
"X114.092_2.659",2.02625220916664,0.333045264074364,0.479518481647123
"X202.109_5.277",0.995397533328564,0.949920416754731,1
"X263.08_2.779",0,0.350647889704459,0.479518481647123
"X159.969_1.167",0,0.164394222391658,0.420475453364099
"X487.105_2.774",0,0.164394222391658,0.420475453364099
"X705.621_2.412",0.441848765496012,0.0246693095352689,0.206533754248763
"X159.969_1.214",0,0.164394222391658,0.420475453364099
"X224.012_6.219",1.35806958473625,0.632724724175418,0.737751905111418
"X224.012_6.019",0,0.164394222391658,0.420475453364099
"X155.991_6.023",0,0.0797251955374254,0.401413571936687
"X224.012_6.146",0.18439606922591,0.573621189165499,0.698077023810706
"X125.071_5.026",1.84109543287733,0.242723573169619,0.479518481647123
"X708.481_3.277",0,0.350647889704459,0.479518481647123
"X158.986_6.121",1.37240833183853,1,1
"X159.969_1.264",0,0.164394222391658,0.420475453364099
"X177.114_5.324",Inf,0.164394222391658,0.420475453364099
"X294.243_2.915",Inf,0.350647889704459,0.479518481647123
"X445.303_2.334",0,0.350647889704459,0.479518481647123
"X130.534_5.896",0,0.350647889704459,0.479518481647123
"X170.154_3.329",0,0.350647889704459,0.479518481647123
"X486.097_2.773",0.105694047848455,0.609311635805372,0.724532415821417
"X811.309_2.773",25.4746444444444,5.46939665468319e-05,0.003579968719429
"X223.056_2.398",0,0.350647889704459,0.479518481647123
"X253.009_0.331",3.75596645518785,0.00190386852879641,0.0380773705759281
"X858.584_3.362",0,0.164394222391658,0.420475453364099
"X867.399_2.399",4.1460403299725,0.0192474291768134,0.171088259349452
"X339.032_2.412",0.771998435666797,0.614620907340603,0.729039626499562
"X399.089_2.527",4.41496886674969,0.522939793311869,0.656708498302231
"X335.059_2.522",1.20184812079264,0.105700400686023,0.420475453364099
"X538.52_4.059",0,0.350647889704459,0.479518481647123
"X222.147_2.554",1.79247868055631,0.00754354504894096,0.0996985516241708
"X159.969_1.313",0,0.164394222391658,0.420475453364099
"X102.092_0.611",3.0352759977943,0.522939793311869,0.656708498302231
"X790.559_3.436",0,0.164394222391658,0.420475453364099
"X552.331_2.608",Inf,0.350647889704459,0.479518481647123
"X111.969_6.387",1.05103837251834,0.783549591623496,0.876698843774542
"X258.111_0.302",2.33120675784393,0.916157686803492,0.981374912612299
"X662.404_3.01",1.86331104362553,0.375279708556083,0.505995112659887
"X382.295_2.86",1.92622682573502,0.525822182302047,0.658420819578215
"X902.539_3.065",1.15987622602303,1,1
"X900.524_2.999",3.05002988692099,0.311367697486114,0.479518481647123
"X155.991_6.411",1.65651308154332,0.269487428207807,0.479518481647123
"X102.092_0.737",0,0.350647889704459,0.479518481647123
"X367.248_2.847",Inf,0.350647889704459,0.479518481647123
"X123.045_0.997",1.1333038253358,0.79811705969647,0.887990774060285
"X130.534_6.034",0.462620054277793,0.783249567078446,0.876698843774542
"X156.011_2.394",1.20583922773425,0.0502223733334571,0.324305908520979
"X159.969_1.073",0,0.164394222391658,0.420475453364099
"X102.092_0.892",0,0.350647889704459,0.479518481647123
"X169.978_2.372",Inf,0.164394222391658,0.420475453364099
"X138.996_6.048",1.95202726404926,0.115244202179854,0.420475453364099
"X130.534_6.086",0.999299398897002,0.604621205380748,0.723736106191419
"X159.969_1.021",0,0.164394222391658,0.420475453364099
"X870.549_3.151",1.45832042346845,0.910913543929878,0.979623228722199
"X131.975_2.015",1.77028003613369,0.972006675490599,1
"X131.975_1.9",0,0.350647889704459,0.479518481647123
"X127.98_0.372",1.20146838329507,0.412375778055245,0.546918253299584
"X200.996_6.495",0.231232619481318,0.298928681718801,0.479518481647123
"X774.564_3.587",0,0.350647889704459,0.479518481647123
"X352.248_2.931",Inf,0.350647889704459,0.479518481647123
"X154.991_6.397",0.67708159235141,0.394969906186388,0.526626541581851
"X154.99_6.339",1.46213660707121,0.34942616499231,0.479518481647123
"X154.99_6.076",1.47939006822141,0.291654368264841,0.479518481647123
"X328.119_2.673",0,0.350647889704459,0.479518481647123
"X110.021_6.438",0.138005964672788,0.523998655936988,0.656708498302231
"X643.138_2.521",0.933507337021891,0.676359656928688,0.776680945755431
"X307.004_2.393",1.18639680921113,0.148479991170565,0.420475453364099
"X128.118_4.242",0,0.350647889704459,0.479518481647123
"X788.616_3.614",8.70767752429798,0.0851909853247758,0.408916729558924
"X156.991_6.033",0.222688069813212,0.523998655936988,0.656708498302231
"X152.995_6.44",0.435587738233774,0.263198506563755,0.479518481647123
"X788.616_3.75",Inf,0.0384143238141604,0.263412506154243
"X131.975_6.684",0.440433143291304,0.360471290802214,0.491185983226033
"X309_2.393",0.987111231101512,0.412467516030103,0.546918253299584
"X131.975_6.925",0.452117913705718,0.582200335027086,0.702151157821611
"X200.996_6.552",0.259571493748609,0.389422615649894,0.52116037782142
"X200.996_6.663",0,0.164394222391658,0.420475453364099
"X776.359_2.398",6.91947653855223,0.00103615844257921,0.0266440742377512
"X921.611_2.399",24.4370054945055,0.00155850638383085,0.033003664598771
"X200.996_6.608",0.205197112045959,0.292456088688432,0.479518481647123
"X819.433_2.399",4.07679712629084,0.0159938662131544,0.165981677748078
"X921.486_2.399",9.44633333333333,0.125234246135817,0.420475453364099
"X152.995_5.959",0,0.350647889704459,0.479518481647123
"X867.576_2.399",6.80462879276953,0.0307357740372832,0.245886192298266
"X111.969_6.564",0.264531514382403,0.198201427389004,0.479518481647123
"X867.34_2.399",5.61787698412698,0.0307357740372832,0.245886192298266
"X344.229_2.208",Inf,0.350647889704459,0.479518481647123
"X116.071_0.468",Inf,0.350647889704459,0.479518481647123
"X819.489_2.399",4.18497701149425,0.0836171453884432,0.407145445609038
"X776.148_2.398",9.50645470905819,0.000196220172017953,0.00831050140311332
"X114.092_0.517",0,0.0797251955374254,0.401413571936687
"X114.092_0.571",1.77117454024832,0.424157811426517,0.559328982100901
"X121.064_5.008",1.47310275148469,0.582200335027086,0.702151157821611
"X476.308_2.282",Inf,0.350647889704459,0.479518481647123
"X200.996_6.916",0,0.164394222391658,0.420475453364099
"X819.211_2.398",7.17864803579089,0.000461472988737847,0.0158219310424405
"X107.061_4.761",0.952020325349992,1,1
"X114.092_0.429",1.30716174159829,0.296729740818323,0.479518481647123
"X109.023_6.436",2.354918690118,0.577155449664142,0.698077023810706
"X114.092_0.859",1.53901428586662,0.622056842120607,0.736646260405982
"X116.071_0.411",0.87924426780971,1,1
"X111.969_6.705",0,0.164394222391658,0.420475453364099
"X114.092_1.158",1.68838079156378,0.0416538510808468,0.278983932820555
"X386.129_2.785",0,0.350647889704459,0.479518481647123
"X114.092_1.494",1.34470397992973,0.404951893972034,0.538937825618973
"X200.996_6.967",0,0.164394222391658,0.420475453364099
"X921.674_2.399",4.59979899497487,0.083333726357182,0.407145445609038
"X109.023_6.291",1.02694675962917,0.933471660406581,0.993124526678902
"X159.969_0.92",0,0.164394222391658,0.420475453364099
"X118.087_0.476",1.26640113505028,0.280306372635461,0.479518481647123
"X118.087_0.407",1.02840636356421,0.584451958817591,0.704276837403624
"X806.57_3.909",0.191562164823971,0.286587192008801,0.479518481647123
"X336.326_3.423",0,0.0384143238141604,0.263412506154243
"X782.569_3.961",0,0.0180966134767002,0.165981677748078
"X372.244_2.75",0.158193792007108,0.523998655936988,0.656708498302231
"X326.378_2.99",0.130073304325205,1,1
"X782.57_4.015",0,0.00825761248378455,0.0996985516241708
"X834.601_4.341",0,0.164394222391658,0.420475453364099
"X358.228_2.703",0,0.164394222391658,0.420475453364099
"X304.3_2.835",0.10184996961062,0.577155449664142,0.698077023810706
"X760.586_5.601",0.0362028573633246,0.0316667726904449,0.250550289418905
"X748.527_3.807",0,0.350647889704459,0.479518481647123
"X834.601_4.227",0,0.0797251955374254,0.401413571936687
"X792.554_3.915",0.460438858801751,0.409223800992886,0.543618333422284
"X530.289_2.929",0.111076295106434,7.7695241670791e-05,0.0043031210771515
"X329.248_3.235",Inf,0.00825761248378455,0.0996985516241708
"X703.574_3.778",0,0.350647889704459,0.479518481647123
"X768.553_4.057",0,0.350647889704459,0.479518481647123
"X766.537_3.827",0,0.0797251955374254,0.401413571936687
"X734.57_5.605",0,0.0384143238141604,0.263412506154243
"X572.372_2.972",Inf,0.164394222391658,0.420475453364099
"X838.559_3.337",0.296378800234657,0.573621189165499,0.698077023810706
"X438.298_2.957",0,0.350647889704459,0.479518481647123
"X810.601_4.511",0,0.350647889704459,0.479518481647123
"X814.559_3.371",0.0741459007519734,0.523998655936988,0.656708498302231
"X834.603_5.596",0,0.00825761248378455,0.0996985516241708
"X1047.735_3.044",0,0.350647889704459,0.479518481647123
"X784.584_4.164",0,0.350647889704459,0.479518481647123
"X854.554_3.249",0.928131998047598,0.713781355610994,0.808690127521504
"X480.345_2.967",Inf,0.350647889704459,0.479518481647123
"X570.283_2.981",Inf,0.350647889704459,0.479518481647123
"X530.325_2.96",0.116252240026305,0.0240394578698352,0.202437539956507
"X768.553_4.007",0,0.0180966134767002,0.165981677748078
"X256.227_3.318",0,0.00152295328439113,0.0327321302913914
"X572.335_2.938",0.16975943806423,0.0359550990191021,0.263412506154243
"X792.553_3.906",Inf,0.350647889704459,0.479518481647123
"X703.574_4.023",0,0.164394222391658,0.420475453364099
"X1135.672_2.89",Inf,0.350647889704459,0.479518481647123
"X620.437_2.993",Inf,0.350647889704459,0.479518481647123
"X448.342_2.867",Inf,0.350647889704459,0.479518481647123
"X854.554_3.321",0,0.0180966134767002,0.165981677748078
"X731.607_5.593",0,0.164394222391658,0.420475453364099
"X576.411_2.999",Inf,0.164394222391658,0.420475453364099
"X256.191_2.844",0.930473332717816,0.870194456435353,0.94572076774861
"X532.385_3.004",Inf,0.164394222391658,0.420475453364099
"X240.116_2.324",0.27241649455167,0.292456088688432,0.479518481647123
"X822.564_3.588",0,0.164394222391658,0.420475453364099
"X822.564_3.498",0,0.350647889704459,0.479518481647123
"X870.548_3.337",0,0.350647889704459,0.479518481647123
"X415.14_2.768",0.802931380098517,0.198455921455719,0.479518481647123
"X353.146_2.624",Inf,0.350647889704459,0.479518481647123
"X608.227_2.768",0.436858399678604,0.00355876638178536,0.0596512699508757
"X708.489_2.982",Inf,0.350647889704459,0.479518481647123
"X364.252_2.923",0.433790470165609,0.577155449664142,0.698077023810706
"X377.195_2.868",0.892548575332914,0.967417297543179,1
"X838.558_3.491",0,0.164394222391658,0.420475453364099
"X714.471_3.247",0,0.164394222391658,0.420475453364099
"X375.21_2.633",2.85758961681088,0.632724724175418,0.737751905111418
"X122.072_3.63",1.39740621147806,0.70091561702603,0.797918223011105
"X488.359_3.01",Inf,0.350647889704459,0.479518481647123
"X866.59_3.576",0,0.164394222391658,0.420475453364099
"X898.58_3.268",0,0.164394222391658,0.420475453364099
"X319.299_3.424",0,0.0797251955374254,0.401413571936687
"X327.232_3.01",8.32100148173174,0.0136550019588913,0.145653354228174
"X385.165_2.771",0,0.164394222391658,0.420475453364099
"X149.082_4.534",1.1192450825567,0.857079801255573,0.936414957365725
"X506.288_2.93",0,0.164394222391658,0.420475453364099
"X610.373_3.02",1.18784526574085,0.460958749211566,0.599621137185776
"X874.579_3.277",0,0.350647889704459,0.479518481647123
"X822.564_3.632",0,0.164394222391658,0.420475453364099
"X752.515_2.977",Inf,0.350647889704459,0.479518481647123
"X842.589_3.585",0,0.350647889704459,0.479518481647123
"X852.538_3.349",0,0.164394222391658,0.420475453364099
"X834.599_3.461",Inf,0.350647889704459,0.479518481647123
"X724.527_3.883",0,0.350647889704459,0.479518481647123
"X149.082_4.366",1.50528259917179,0.269997754764464,0.479518481647123
"X836.543_3.349",0,0.350647889704459,0.479518481647123
"X171.15_2.504",1.52188843723377,0.430134581694479,0.566173489616134
"X846.549_3.324",0,0.350647889704459,0.479518481647123
"X149.082_4.427",0.877312595433401,0.594742445635437,0.714456096781124
"X866.59_3.462",0,0.164394222391658,0.420475453364099
"X508.304_3.001",0,0.350647889704459,0.479518481647123
"X149.082_4.314",1.2925372387415,0.573621189165499,0.698077023810706
"X120.066_0.547",1.04631594605898,0.933812923002245,0.993124526678902
"X343.286_3.884",0,0.350647889704459,0.479518481647123
"X798.563_3.515",0,0.350647889704459,0.479518481647123
"X798.563_3.548",0,0.350647889704459,0.479518481647123
"X683.345_3.364",1.16916488222698,0.905503209365149,0.975991483148064
"X638.403_2.987",0.929485456428878,0.966464370074931,1
"X172.977_0.472",0.582202659712632,0.108899499580833,0.420475453364099
"X828.551_3.874",0,0.350647889704459,0.479518481647123
"X584.335_2.79",Inf,0.164394222391658,0.420475453364099
"X117.103_0.539",1.65071149680824,0.504571546297365,0.650477194868582
"X305.133_2.339",0.879275653923541,1,1
"X444.332_3.016",Inf,0.350647889704459,0.479518481647123
"X858.584_3.285",0,0.350647889704459,0.479518481647123
"X590.322_2.887",4.46757530066842,0.00737293584951442,0.0996985516241708
"X161.092_0.327",0.687473214924322,0.419028947823661,0.553579527400066
"X257.223_2.565",8.53424657534246,0.0252389031903955,0.208873681575687
"X780.517_3.358",0,0.350647889704459,0.479518481647123
"X149.082_4.27",0.783454370593625,0.736814931343811,0.831217230884447
"X866.59_3.505",0,0.350647889704459,0.479518481647123
"X701.558_3.565",0,0.350647889704459,0.479518481647123
"X371.317_3.604",Inf,0.350647889704459,0.479518481647123
"X874.58_3.338",0,0.350647889704459,0.479518481647123
"X115.087_0.54",1.44818414242251,0.274341288158242,0.479518481647123
"X879.255_2.556",1.85393174653069,0.180285454817825,0.453865480660259
"X249.112_2.768",0.245074241133112,1.01528153090464e-05,0.00121833783708557
"X307.173_2.826",0.781154966444728,0.539298539584697,0.668321770225442
"X477.181_2.949",3.37922689502745,0.0016854924735608,0.0346729880275365
"X728.405_3.36",3.24894050991501,0.0928323128945194,0.420475453364099
"X559.385_2.999",Inf,0.350647889704459,0.479518481647123
"X634.408_3.14",0,0.164394222391658,0.420475453364099
"X879.004_2.556",1.90981158796978,0.121325872705891,0.420475453364099
"X131.975_6.769",0.574151221043278,0.63639632236366,0.741432608579021
"X131.975_6.581",0.952944233767734,0.632724724175418,0.737751905111418
"X650.404_3.146",2.04180884307317,0.230036471088082,0.479518481647123
"X159.969_6.74",0,0.350647889704459,0.479518481647123
"X798.563_3.612",0,0.350647889704459,0.479518481647123
"X700.454_3.163",0,0.350647889704459,0.479518481647123
"X796.512_3.324",0,0.350647889704459,0.479518481647123
"X668.414_2.975",1.25957193541412,0.506725791775941,0.650525349948885
"X343.227_2.907",Inf,0.350647889704459,0.479518481647123
"X874.579_3.458",0,0.350647889704459,0.479518481647123
"X736.476_3.119",Inf,0.350647889704459,0.479518481647123
"X796.547_3.404",0,0.350647889704459,0.479518481647123
"X798.563_3.38",0,0.350647889704459,0.479518481647123
"X111.044_2.768",0.311769174781782,8.72881727225608e-05,0.00445853725213832
"X820.549_3.427",0,0.350647889704459,0.479518481647123
"X361.274_2.889",0,0.350647889704459,0.479518481647123
"X452.277_2.851",0,0.164394222391658,0.420475453364099
"X756.551_5.548",0,0.164394222391658,0.420475453364099
"X542.288_2.784",0.614167658124055,0.577155449664142,0.698077023810706
"X814.522_3.363",0,0.350647889704459,0.479518481647123
"X364.358_3.275",1.3780510379479,0.183432327642645,0.458844589631647
"X604.362_3.028",1.79893387893057,0.506024706177613,0.650525349948885
"X796.542_2.973",Inf,0.350647889704459,0.479518481647123
"X110.519_6.184",0,0.164394222391658,0.420475453364099
"X558.283_2.723",1.78622697263297,0.168996963420094,0.429956938736635
"X115.964_6.314",1.9311830665119,0.389422615649894,0.52116037782142
"X110.519_6.086",0,0.350647889704459,0.479518481647123
"X600.33_2.731",Inf,0.164394222391658,0.420475453364099
"X912.467_2.871",0,0.164394222391658,0.420475453364099
"X136.076_0.402",2.5366600320649,0.168996963420094,0.429956938736635
"X177.131_2.673",0.740309967179613,0.267097024243296,0.479518481647123
"X357.302_5.595",0,0.350647889704459,0.479518481647123
"X524.278_2.709",12.3370281124498,1,1
"X202.109_4.475",1.10918059071069,0.797036183569232,0.887990774060285
"X353.352_3.526",0,0.350647889704459,0.479518481647123
"X115.965_6.382",0.829761490138411,0.743045021786865,0.837233827365481
"X251.037_0.323",0,0.164394222391658,0.420475453364099
"X802.595_3.622",0,0.350647889704459,0.479518481647123
"X111.092_4.28",0.874222847082846,0.654749244038902,0.757300330454633
"X301.075_2.705",0,0.164394222391658,0.420475453364099
"X111.092_4.227",Inf,0.350647889704459,0.479518481647123
"X111.092_3.973",1.16476012277809,1,1
"X111.092_4.073",3.46955192190849,0.523998655936988,0.656708498302231
"X217.12_4.595",0.29157259138054,1,1
"X138.103_4.297",1.55873205466406,0.336948562692347,0.479518481647123
"X192.125_4.897",Inf,0.164394222391658,0.420475453364099
"X192.125_4.414",Inf,0.350647889704459,0.479518481647123
"X138.103_4.042",1.44964227659112,0.894031427602315,0.966700623190266
"X122.072_3.691",1.14798089319281,0.531260369655447,0.663262677689521
"X122.072_3.757",0.992141438657522,0.6741709046061,0.77478539715306
"X192.125_4.643",2.37206220729706,1,1
"X200.996_6.431",0,0.350647889704459,0.479518481647123
"X211.001_2.403",0,0.164394222391658,0.420475453364099
"X122.964_5.935",0,0.350647889704459,0.479518481647123
"X759.637_3.774",Inf,0.350647889704459,0.479518481647123
"X111.092_4.434",1.29399360082344,0.458116101646013,0.597001978615618
"X112.087_3.966",1.49888774080606,1,1
"X151.098_4.037",1.74694662141128,0.632724724175418,0.737751905111418
"X151.098_3.979",1.20284589915714,1,1
"X328.916_5.87",0,0.164394222391658,0.420475453364099
"X192.125_5.305",Inf,0.164394222391658,0.420475453364099
"X921.548_2.4",8.0136974789916,0.261466305877338,0.479518481647123
"X921.736_2.399",9.51212938005391,0.0575121060795365,0.364834505526575
"X192.125_4.696",0,0.350647889704459,0.479518481647123
"X819.155_2.399",6.73021121631464,0.0272103121177163,0.222629826417678
"X192.125_5.044",2.07392668728397,0.577155449664142,0.698077023810706
"X158.986_5.846",1.24840196950291,1,1
"X777.095_2.39",Inf,0.00825761248378455,0.0996985516241708
"X867.517_2.399",5.52115151515151,0.00455101443271579,0.0682652164907368
"X867.281_2.399",3.94963615023474,0.522939793311869,0.656708498302231
"X810.601_3.669",3.6037228298963,0.609311635805372,0.724532415821417
"X150.103_5.311",1.18075578387063,0.458116101646013,0.597001978615618
"X192.124_4.305",Inf,0.350647889704459,0.479518481647123
"X158.986_5.991",1.56890926950423,0.810509642084993,0.897105214913443
"X136.087_3.719",1.22922443318191,0.931042090258872,0.992887016994905
"X136.087_3.922",1.63757750543766,0.181665607619069,0.456541841136928
"X776.095_2.398",18.9561111111111,0.00417287109538258,0.0651084948992214
"X181.989_5.768",Inf,0.350647889704459,0.479518481647123
"X737.441_2.398",1.91919191919192,1,1
"X867.634_2.399",16.4613946587537,0.0105417903887955,0.121441425278924
"X159.969_0.964",0,0.164394222391658,0.420475453364099
"X137.082_3.903",Inf,0.350647889704459,0.479518481647123
"X737.491_2.399",Inf,0.0797251955374254,0.401413571936687
"X131.975_1.377",0,0.0797251955374254,0.401413571936687
"X180.022_5.741",0,0.164394222391658,0.420475453364099
"X172.957_6.084",1.33968003123675,0.45701257879651,0.596643801873956
"X213.983_5.986",0,0.0797251955374254,0.401413571936687
"X112.087_5.529",0,0.350647889704459,0.479518481647123
"X102.092_0.5",0.493582248533915,0.609311635805372,0.724532415821417
"X151.098_5.54",0,0.164394222391658,0.420475453364099
"X102.092_0.665",0,0.164394222391658,0.420475453364099
"X185.115_2.424",0,0.164394222391658,0.420475453364099
"X102.092_0.844",1.29846175016829,0.632724724175418,0.737751905111418
"X143.107_0.379",1.16987167160626,0.661947999523594,0.764195113967247
"X117.028_5.695",0,0.350647889704459,0.479518481647123
"X143.107_0.575",1.64641814770238,0.532537120225878,0.663262677689521
"X388.255_2.24",Inf,0.350647889704459,0.479518481647123
"X304.892_6.018",0,0.164394222391658,0.420475453364099
"X145.99_0.378",0,0.0797251955374254,0.401413571936687
"X199.17_0.391",1.89820143884892,0.632724724175418,0.737751905111418
"X123.044_2.031",0,0.164394222391658,0.420475453364099
"X199.17_0.44",Inf,0.350647889704459,0.479518481647123
"X100.076_0.584",1.25892859634859,0.736814931343811,0.831217230884447
"X109.102_0.994",2.02955993814447,0.036299439569255,0.263412506154243
"X199.17_0.612",Inf,0.350647889704459,0.479518481647123
"X143.04_6.076",0.961236603381001,0.737128058221832,0.831217230884447
"X109.102_1.532",1.41368742635273,0.164206178601001,0.420475453364099
"X109.102_1.852",0.922974843774213,0.603619336895299,0.723137974317164
"X185.154_0.582",Inf,0.350647889704459,0.479518481647123
"X141.091_1.354",2.2136264387435,0.00416778159273811,0.0651084948992214
"X109.102_1.247",0.986972716932637,0.785497119168068,0.878195536958088
"X157.006_5.772",0,0.350647889704459,0.479518481647123
"X199.17_0.757",0,0.350647889704459,0.479518481647123
"X141.091_1.54",1.05089692716361,0.861075002830391,0.940066720300047
"X141.091_1.257",Inf,0.00362535475873415,0.0596512699508757
"X135.079_5.134",1.26834397652713,0.244432813789826,0.479518481647123
"X117.028_5.813",0,0.164394222391658,0.420475453364099
"X185.154_0.732",Inf,0.350647889704459,0.479518481647123
"X127.076_1.913",1.0624293476279,1,1
"X127.076_1.547",0.730628616881225,0.271092231196035,0.479518481647123
"X127.076_1.87",1.51439651953949,0.952668397404915,1
"X603.411_2.992",Inf,0.350647889704459,0.479518481647123
"X113.964_6.036",0,0.350647889704459,0.479518481647123
"X466.25_2.226",1.19629014540139,0.854491090025088,0.934295497066155
"X380.993_2.164",0.567673948382075,0.138095630600323,0.420475453364099
"X112.087_4.125",0,0.164394222391658,0.420475453364099
"X458.23_2.165",0.43198785373496,0.0733746655045459,0.401413571936687
"X166.087_0.465",1.12185047024049,0.865762140283876,0.944375070320246
"X596.356_3.046",0,0.350647889704459,0.479518481647123
"X582.56_2.226",1.50988409272582,0.959200457818776,1
"X706.399_2.251",0.393189964157706,0.161939269130179,0.420475453364099
"X455.725_2.239",1.39952513202039,0.88547536669774,0.958710171462215
"X449.738_2.229",2.85456730769231,1,1
"X537.34_3.012",Inf,0.350647889704459,0.479518481647123
"X426.484_2.164",0.895662507427213,0.361567459874719,0.491185983226033
"X713.445_2.982",Inf,0.350647889704459,0.479518481647123
"X510.584_2.174",1.19871794871795,1,1
"X389.698_2.213",0,0.164394222391658,0.420475453364099
"X443.633_2.199",0.605018807420136,0.532537120225878,0.663262677689521
"X554.176_3.481",0,0.164394222391658,0.420475453364099
"X420.899_2.103",0.417835671342685,1,1
"X636.064_2.371",0.599004007134089,0.361567459874719,0.491185983226033
"X156.991_6.135",Inf,0.350647889704459,0.479518481647123
"X436.472_2.165",0,0.00825761248378455,0.0996985516241708
"X153.114_3.835",2.8617623325914,0.905503209365149,0.975991483148064
"X554.289_2.199",1.14512922465209,1,1
"X636.387_3.051",4.75593122559776,0.161939269130179,0.420475453364099
"X634.316_2.163",Inf,0.350647889704459,0.479518481647123
"X635.813_2.371",0.632911392405063,0.632724724175418,0.737751905111418
"X153.114_3.731",3.2596875,1,1
"X309.242_3.027",1.38184442909277,0.28781821622898,0.479518481647123
"X705.308_2.339",1.27160203053825,0.830297058570191,0.913390194301814
"X650.978_2.339",1.38181314981478,0.320645293048372,0.479518481647123
"X651.054_2.339",1.35464754178693,0.449184605285001,0.587489402007631
"X705.058_2.339",1.09865812527935,0.751276046025495,0.845185551778682
"X774.527_3.285",0,0.350647889704459,0.479518481647123
"X854.553_3.251",4.19901657501437,0.179389921132096,0.452401902679892
"X651.132_2.339",2.15251862388453,0.0556281040411367,0.356019865863275
"X882.585_3.363",0,0.350647889704459,0.479518481647123
"X399.394_3.159",4.6015657343804,0.000117754737410031,0.00546989747969174
"X769.153_2.339",1.16581487791028,0.957499496179369,1
"X850.733_2.542",2.44072699855475,0.0434286065145956,0.288189831248929
"X769.244_2.339",0.514828678376044,0.225802360004842,0.479518481647123
"X149.082_3.816",5.13285894659386,0.083333726357182,0.407145445609038
"X277.216_2.921",2.71704940973042,0.198201427389004,0.479518481647123
"X650.901_2.339",1.39954713051637,0.39357405857508,0.525727783739825
"X769.062_2.339",0,0.350647889704459,0.479518481647123
"X852.539_3.253",0.748336005697915,0.923503740576363,0.987998058268917
"X769.335_2.339",1.26511627906977,1,1
"X333.164_2.456",Inf,0.350647889704459,0.479518481647123
"X914.576_3.148",0,0.350647889704459,0.479518481647123
"X884.529_3.074",2.00332369952925,0.463214051444565,0.602011041588604
"X902.538_3.013",Inf,0.350647889704459,0.479518481647123
"X370.332_3.083",3.28817237262431,0.038974534342904,0.264732686102744
"X900.523_3.027",Inf,0.350647889704459,0.479518481647123
"X177.114_5.515",2.78533594906788,0.261027143928413,0.479518481647123
"X868.534_3.116",1.2370946448717,0.49486195954172,0.639677936930051
"X108.069_4.938",0,0.164394222391658,0.420475453364099
"X886.544_3.107",0.535885150888425,0.389422615649894,0.52116037782142
"X852.539_3.208",1.48609502328536,0.654749244038902,0.757300330454633
"X700.373_3.36",1.26117647058824,1,1
"X111.969_5.928",0,0.164394222391658,0.420475453364099
"X114.092_6.41",1.18273393330629,0.800841362965851,0.889823736628724
"X137.082_4.236",0.228429667798585,0.0851909853247758,0.408916729558924
"X138.103_3.729",Inf,0.350647889704459,0.479518481647123
"X131.975_6.939",0.412427402638208,0.218416562806934,0.479518481647123
"X177.114_4.153",Inf,0.350647889704459,0.479518481647123
"X131.975_1.437",0,0.0797251955374254,0.401413571936687
"X131.975_1.336",0,0.164394222391658,0.420475453364099
"X131.975_1.582",0,0.164394222391658,0.420475453364099
"X131.975_1.622",0,0.350647889704459,0.479518481647123
"X131.975_0.708",0,0.164394222391658,0.420475453364099
"X131.975_0.913",0,0.164394222391658,0.420475453364099
"X131.975_1.077",0,0.0797251955374254,0.401413571936687
"X131.975_0.799",0,0.0797251955374254,0.401413571936687
"X131.975_1.215",0,0.164394222391658,0.420475453364099
"X131.975_1.273",0,0.0797251955374254,0.401413571936687
"X200.996_6.105",0,0.350647889704459,0.479518481647123
"X131.975_1.032",0,0.0797251955374254,0.401413571936687
"X131.975_0.739",0,0.350647889704459,0.479518481647123
"X117.103_0.478",1.238959010393,0.528272061945924,0.660340077432405
"X216.045_2.521",0.363947909527073,0.161939269130179,0.420475453364099
"X203.015_2.391",1.03740548352573,1,1
"X271.917_5.793",0,0.164394222391658,0.420475453364099
"X174.999_5.806",0,0.164394222391658,0.420475453364099
"X287.889_5.818",0,0.164394222391658,0.420475453364099
"X212.02_2.391",0,0.350647889704459,0.479518481647123
"X338.341_3.569",0,0.350647889704459,0.479518481647123
"X172.977_6.331",0,0.350647889704459,0.479518481647123
"X214.004_6.355",0,0.350647889704459,0.479518481647123
"X127.076_1.363",1.52363064756596,0.18718881625133,0.464141993150327
"X127.076_1.828",0.778713682694014,0.522573829816786,0.656708498302231
"X155.107_6.981",Inf,0.0797251955374254,0.401413571936687
"X149.024_2.787",Inf,0.350647889704459,0.479518481647123
"X130.087_0.452",1.3465678102119,0.00426618476107663,0.0651084948992214
"X143.04_2.217",0.691034177061611,0.473531618824078,0.61431128928529
"X125.071_0.362",2.22535237359275,0.0913768218254664,0.420475453364099
"X172.977_0.421",0.933659815231205,0.8378629415439,0.919203410940162
"X170.096_1.127",0,0.350647889704459,0.479518481647123
"X111.04_2.713",0.656847736953699,0.191091958945977,0.472540055002875
"X115.076_0.943",1.31232760059291,0.421998809226164,0.556992012177521
"X125.071_0.349",Inf,0.350647889704459,0.479518481647123
"X115.076_0.738",1.63082156888064,0.155863473097972,0.420475453364099
"X154.99_6.223",2.06028463866509,0.0822720607396694,0.407119475825168
"X113.964_5.942",0,0.164394222391658,0.420475453364099
"X141.959_2.086",Inf,0.350647889704459,0.479518481647123
"X103.956_3.65",0,0.164394222391658,0.420475453364099
"X200.996_6.753",0,0.164394222391658,0.420475453364099
"X200.996_6.378",0,0.164394222391658,0.420475453364099
"X183.986_5.771",0,0.164394222391658,0.420475453364099
"X155.991_5.971",0,0.350647889704459,0.479518481647123
"X105.954_3.647",0,0.350647889704459,0.479518481647123
"X158.986_6.161",2.1608268886955,0.916157686803492,0.981374912612299
"X158.986_6.273",Inf,0.350647889704459,0.479518481647123
"X140.082_5.513",2.1370718794869,0.110123931882642,0.420475453364099
"X183.986_5.821",0,0.164394222391658,0.420475453364099
"X111.969_6.946",0,0.164394222391658,0.420475453364099
"X145.99_0.378.1",0,0.164394222391658,0.420475453364099
"X183.986_5.851",0,0.350647889704459,0.479518481647123
"X155.988_5.796",0,0.350647889704459,0.479518481647123
"X194.022_5.955",0,0.164394222391658,0.420475453364099
"X155.988_6.046",0,0.164394222391658,0.420475453364099
"X194.022_6.031",0,0.164394222391658,0.420475453364099
"X155.988_6.157",0,0.350647889704459,0.479518481647123
"X119.026_5.842",0,0.350647889704459,0.479518481647123
"X276.897_6.388",0,0.164394222391658,0.420475453364099
"X119.026_6",0,0.350647889704459,0.479518481647123
"X169.006_0.33",0,0.164394222391658,0.420475453364099
"X146.98_5.481",0,0.350647889704459,0.479518481647123
"X136.062_0.301",Inf,0.0180966134767002,0.165981677748078
"X225.135_0.478",0.909233791748527,0.710838617839326,0.807898665894735
"X235.168_5.638",Inf,0.164394222391658,0.420475453364099
"X111.056_1.049",Inf,0.350647889704459,0.479518481647123
"X143.107_1.283",4.50371428571428,0.523998655936988,0.656708498302231
"X115.076_1.45",1.31205909365363,0.146396325456471,0.420475453364099
"X115.076_1.303",1.15872328734184,0.418099098790292,0.552858312449973
"X143.107_1.396",1.71111111111111,1,1
"X115.076_1.714",1.37241373206367,0.677674186419313,0.777516611361136
"X115.076_1.212",0.97423474628501,0.701503104397263,0.797918223011105
"X115.076_1.561",1.10982363640079,0.818851234042438,0.902177335134745
"X115.076_1.94",0.149261944394767,0.15990093419154,0.420475453364099
"X128.108_0.46",1.31912740371213,0.843262040083741,0.924122783653414
"X369.352_3.929",0.0566424035160599,0.261466305877338,0.479518481647123
"X149.024_3.081",0.917329175319484,0.512486352283095,0.655982530922361
"X143.04_2.417",0.0852278668981239,0.0186467253841541,0.166778164926595
"X158.154_2.735",1.31998887018839,0.040839912860907,0.274810628596757
"X309.242_3.204",2.19472387971858,0.239351287498894,0.479518481647123
"X749.39_2.868",0.509376482869887,0.932210588178549,0.992887016994905
"X782.568_5.56",0,0.350647889704459,0.479518481647123
"X325.237_3.099",1.04584789311408,1,1
"X758.571_5.594",0,0.0180966134767002,0.165981677748078
"X395.363_3.276",0,0.350647889704459,0.479518481647123
"X500.277_2.717",0,0.164394222391658,0.420475453364099
"X832.569_3.326",0,0.350647889704459,0.479518481647123
"X584.335_2.714",0,0.350647889704459,0.479518481647123
"X391.194_2.829",Inf,0.350647889704459,0.479518481647123
"X397.181_2.866",0.983325610207466,0.966464370074931,1
"X716.522_3.838",0,0.350647889704459,0.479518481647123
"X335.222_2.829",Inf,0.350647889704459,0.479518481647123
"X850.984_2.542",2.17020566090662,0.066282157286016,0.397692943716096
"X870.549_3.116",Inf,0.350647889704459,0.479518481647123
"X438.208_2.866",0.885042967551129,0.906796763941729,0.976654704619364
"X846.549_3.166",0,0.164394222391658,0.420475453364099
"X822.462_2.529",2.68857589984351,0.522939793311869,0.656708498302231
"X376.319_3.155",1.26798502298635,0.201679436339622,0.479518481647123
"X307.084_0.336",2.28458442061974,0.689440584307458,0.788557935983113
"X772.511_3.33",0,0.350647889704459,0.479518481647123
"X534.284_2.699",0,0.350647889704459,0.479518481647123
"X669.941_2.258",Inf,0.350647889704459,0.479518481647123
"X210.185_3.15",Inf,0.350647889704459,0.479518481647123
"X219.138_2.854",0.41853793925621,0.916157686803492,0.981374912612299
"X884.528_3.041",Inf,0.350647889704459,0.479518481647123
"X254.248_3.555",0,0.350647889704459,0.479518481647123
"X822.713_2.529",3.89354838709677,0.523998655936988,0.656708498302231
"X327.228_2.699",0.286524909942566,0.0127264735636506,0.139894060546999
"X240.196_3.136",Inf,0.350647889704459,0.479518481647123
"X523.3_2.941",0,0.350647889704459,0.479518481647123
"X558.284_2.634",4.31168021244065,0.0932728855114769,0.420475453364099
"X742.538_3.842",0,0.350647889704459,0.479518481647123
"X550.315_2.658",Inf,0.350647889704459,0.479518481647123
"X343.286_5.593",0,0.350647889704459,0.479518481647123
"X846.548_3.265",0,0.350647889704459,0.479518481647123
"X332.295_3.04",2.02596599690881,0.0378189935085562,0.263412506154243
"X370.163_2.298",0,0.164394222391658,0.420475453364099
"X261.221_3.104",5.47370452039691,0.0071753757115298,0.0996985516241708
"X898.581_3.224",0.277409471827813,1,1
"X440.338_3.277",0.188281968074131,0.523998655936988,0.656708498302231
"X227.11_2.593",0,0.0797251955374254,0.401413571936687
"X850.482_2.542",4.09082926829268,0.0331012069433884,0.259052923904778
"X644.392_3.113",0,0.350647889704459,0.479518481647123
"X870.549_3.217",0,0.0384143238141604,0.263412506154243
"X270.207_2.907",0.155761309221317,0.523998655936988,0.656708498302231
"X882.585_3.443",0,0.350647889704459,0.479518481647123
"X509.336_2.847",0,0.350647889704459,0.479518481647123
"X683.346_3.414",1.55585707824514,0.414725473601569,0.548901362119724
"X287.633_2.895",0,0.350647889704459,0.479518481647123
"X209.055_2.25",0,0.350647889704459,0.479518481647123
"X372.347_3.021",9.3359388185654,0.0335165782642333,0.259483186561806
"X179.063_2.255",0,0.164394222391658,0.420475453364099
"X370.331_3.171",0,0.350647889704459,0.479518481647123
"X127.013_2.258",0,0.350647889704459,0.479518481647123
"X834.601_5.608",0,0.164394222391658,0.420475453364099
"X506.255_3.172",6.46943437671609,0.000390372407047812,0.0140534066537212
"X822.564_3.436",0,0.164394222391658,0.420475453364099
"X511.375_3.109",0.15333975368059,0.292456088688432,0.479518481647123
"X758.46_3.056",2,1,1
"X776.411_2.398",24.5508950086059,0.000652606925731832,0.0204294341968226
"X734.571_5.604",0.0306689411565969,0.0144123505190807,0.152601358437325
"X737.541_2.399",10.7500651465798,0.261466305877338,0.479518481647123
"X776.042_2.398",7.09318996415771,0.261466305877338,0.479518481647123
"X737.591_2.4",Inf,0.164394222391658,0.420475453364099
"X737.391_2.399",Inf,0.0797251955374254,0.401413571936687
"X703.574_3.965",0,0.0797251955374254,0.401413571936687
"X494.325_2.865",1.03164352468882,0.932210588178549,0.992887016994905
"X921.861_2.4",Inf,0.164394222391658,0.420475453364099
"X776.937_2.392",Inf,0.164394222391658,0.420475453364099
"X195.994_5.715",0.264685514724424,0.357561718346142,0.488046326462981
"X834.601_3.425",1.40405535914094,0.632724724175418,0.737751905111418
"X834.601_3.517",3.76749173726673,0.327393574183358,0.479518481647123
"X806.57_3.362",Inf,0.350647889704459,0.479518481647123
"X683.846_2.364",0.916548797736917,1,1
"X806.57_3.848",0.321231812660855,0.551160957942367,0.681263329988849
"X806.57_3.256",Inf,0.350647889704459,0.479518481647123
"X782.568_3.34",0.997827199909702,0.632724724175418,0.737751905111418
"X366.3_3.034",2.02559354484631,0.609311635805372,0.724532415821417
"X306.265_2.463",0,0.350647889704459,0.479518481647123
"X362.327_2.694",0.124268067834156,1,1
"X818.59_3.428",0,0.350647889704459,0.479518481647123
"X838.559_3.424",0,0.0384143238141604,0.263412506154243
"X838.559_3.537",0,0.350647889704459,0.479518481647123
"X818.59_3.603",0,0.350647889704459,0.479518481647123
"X902.54_3.008",1.61068114945575,0.399622442049128,0.532337018085795
"X489.228_3.175",Inf,0.350647889704459,0.479518481647123
"X886.545_3.051",2.37613115302114,0.231327384803159,0.479518481647123
"X343.286_4.002",0,0.350647889704459,0.479518481647123
"X311.222_2.926",3.68376098160181,0.0312190394013484,0.248372468165424
"X902.539_3.116",0,0.350647889704459,0.479518481647123
"X373.187_2.738",0,0.350647889704459,0.479518481647123
"X907.526_2.579",2.07753249836621,0.0236311637947358,0.200169858025997
"X370.984_0.312",4.42481823975444,0.198201427389004,0.479518481647123
"X907.276_2.579",2.28109885641378,0.0212837402760781,0.185749006045773
"X343.286_3.811",0,0.350647889704459,0.479518481647123
"X159.969_6.632",0,0.350647889704459,0.479518481647123
"X842.589_3.654",0,0.350647889704459,0.479518481647123
"X746.387_2.343",1.62583333333333,0.609311635805372,0.724532415821417
"X110.021_6.396",3.34824313470716,0.0583835327186555,0.36502798964213
"X814.559_3.446",0,0.164394222391658,0.420475453364099
"X235.09_2.641",0,0.350647889704459,0.479518481647123
"X709.936_2.18",0,0.00152295328439113,0.0327321302913914
"X710.079_2.18",0,0.00825761248378455,0.0996985516241708
"X746.471_2.343",3.49547277936963,0.325821260421724,0.479518481647123
"X746.304_2.342",1.78333333333333,1,1
"X732.445_3.057",2.34737715258397,0.523998655936988,0.656708498302231
"X141.959_6.543",Inf,0.164394222391658,0.420475453364099
"X546.28_2.319",1.50344827586207,1,1
"X258.28_2.809",1.35815207714707,0.760817337458886,0.855251339532238
"X109.023_6.388",1.20871957431455,0.620420203546457,0.735312833832838
"X546.029_2.319",0,0.350647889704459,0.479518481647123
"X918.534_3.025",0.826429980276134,1,1
"X574.279_2.559",Inf,0.350647889704459,0.479518481647123
"X427.133_2.772",0.562046805349183,0.263198506563755,0.479518481647123
"X820.211_2.39",3.80984952120383,0.523998655936988,0.656708498302231
"X878.754_2.555",2.91816629955947,0.0928851778368546,0.420475453364099
"X618.377_2.972",3.39799885648942,0.207495495256024,0.479518481647123
"X777.148_2.391",Inf,0.0384143238141604,0.263412506154243
"X856.583_5.546",0,0.350647889704459,0.479518481647123
"X806.57_4.101",0,0.164394222391658,0.420475453364099
"X500.277_2.797",0,0.350647889704459,0.479518481647123
"X409.257_2.779",1.04026845637584,1,1
"X194.007_0.33",3.62627101364908,0.0583835327186555,0.36502798964213
"X166.087_0.347",1.35110755299075,0.115978749531323,0.420475453364099
"X812.543_3.297",0,0.350647889704459,0.479518481647123
"X440.338_2.763",0,0.00152295328439113,0.0327321302913914
"X442.353_2.819",0,0.00825761248378455,0.0996985516241708
"X777.043_2.391",9.28603674540682,0.0575121060795365,0.364834505526575
"X820.155_2.39",5.41154562383613,0.14175499997159,0.420475453364099
"X916.519_2.98",2.73622648195218,0.502018022981651,0.647765190944066
"X820.1_2.391",Inf,0.0384143238141604,0.263412506154243
"X820.322_2.391",Inf,0.350647889704459,0.479518481647123
"X182.082_0.405",1.98861078098015,1,1
"X776.99_2.391",3.70643939393939,0.26131436780557,0.479518481647123
"X777.201_2.39",Inf,0.350647889704459,0.479518481647123
"X820.267_2.391",2.25958702064897,0.577155449664142,0.698077023810706
"X868.34_2.391",Inf,0.164394222391658,0.420475453364099
"X399.251_3.057",0.485089209291833,0.577155449664142,0.698077023810706
"X934.529_2.963",1.08024553571429,0.632724724175418,0.737751905111418
"X820.044_2.391",Inf,0.350647889704459,0.479518481647123
"X285.903_0.302",0,0.350647889704459,0.479518481647123
"X801.815_2.767",0.241805455030835,0.00343495138629145,0.0596512699508757
"X418.389_2.874",0,0.350647889704459,0.479518481647123
"X736.44_3.005",0,0.350647889704459,0.479518481647123
"X268.104_0.302",15.5713636837804,5.72613029609309e-05,0.00358505548972785
"X830.553_3.314",0,0.164394222391658,0.420475453364099
"X746.554_2.343",2.48872180451128,1,1
"X666.399_3.04",1.66375545851528,1,1
"X552.331_3.035",0,0.350647889704459,0.479518481647123
"X130.534_6.153",2.3097117305714,0.527235759913943,0.659617284340641
"X760.585_5.61",0,0.164394222391658,0.420475453364099
"X280.264_3.159",1.46391533846137,1.79218956053449e-06,0.000430125494528278
"X366.373_3.76",0,0.350647889704459,0.479518481647123
"X782.569_4.084",0,0.164394222391658,0.420475453364099
"X340.357_3.666",0,0.350647889704459,0.479518481647123
"X321.315_3.572",0,0.350647889704459,0.479518481647123
"X782.569_4.138",0,0.350647889704459,0.479518481647123
"X786.602_5.6",0.00792548866508353,0.0105417903887955,0.121441425278924
"X758.569_4.338",0,0.350647889704459,0.479518481647123
"X774.564_3.449",0,0.350647889704459,0.479518481647123
"X660.547_2.42",1.65631768953069,0.812327246433787,0.898426447668705
"X774.565_3.634",0,0.350647889704459,0.479518481647123
"X242.567_2.774",0,0.350647889704459,0.479518481647123
"X236.163_2.635",2.11482643071876,0.00745882692964873,0.0996985516241708
"X198.149_2.64",Inf,0.164394222391658,0.420475453364099
"X830.571_3.706",0,0.0797251955374254,0.401413571936687
"X218.985_0.327",1.65256634960646,1,1
"X110.02_5.98",0,0.350647889704459,0.479518481647123
"X182.985_6.327",0.372543103449882,0.116678183244493,0.420475453364099
"X328.916_6.068",0,0.350647889704459,0.479518481647123
"X328.915_6.123",0,0.350647889704459,0.479518481647123
"X328.916_5.996",0,0.164394222391658,0.420475453364099
"X326.342_3.543",0,0.350647889704459,0.479518481647123
"X109.023_6.094",0.715389633371771,0.657538962976714,0.759916618528465
"X109.023_5.81",0.0263449830647109,0.365045675511653,0.494977187134445
"X109.023_5.957",3.29649130291454,0.414397112455612,0.548901362119724
"X224.012_5.77",0,0.164394222391658,0.420475453364099
"X224.012_6.075",0.378914896513709,0.240072197101735,0.479518481647123
"X138.996_5.905",0,0.0384143238141604,0.263412506154243
"X138.996_5.988",0.929631105609162,1,1
"X141.959_6.052",Inf,0.350647889704459,0.479518481647123
"X138.996_6.184",1.47731672221053,0.220361283990779,0.479518481647123
"X287.889_5.749",0,0.164394222391658,0.420475453364099
"X287.889_5.906",0,0.164394222391658,0.420475453364099
"X158.986_6.213",1.72935981917094,1,1
"X130.534_5.797",0,0.350647889704459,0.479518481647123
"X138.996_6.425",0.137282045579173,0.261466305877338,0.479518481647123
"X326.921_5.763",0,0.350647889704459,0.479518481647123
"X158.986_6.327",Inf,0.350647889704459,0.479518481647123
"X130.534_5.853",0,0.164394222391658,0.420475453364099
"X312.326_3.533",0,0.350647889704459,0.479518481647123
"X115.964_6.221",Inf,0.350647889704459,0.479518481647123
"X115.965_6.432",2.023757976299,0.131742479028276,0.420475453364099
"X110.519_6.297",0,0.350647889704459,0.479518481647123
"X110.519_6.337",0,0.350647889704459,0.479518481647123
"X180.022_5.8",0,0.350647889704459,0.479518481647123
"X110.519_5.887",0,0.164394222391658,0.420475453364099
"X110.519_6.131",Inf,0.350647889704459,0.479518481647123
"X180.022_5.86",0,0.350647889704459,0.479518481647123
"X115.965_6.486",3.54037220843672,0.689440584307458,0.788557935983113
"X169.978_5.921",0.424010420450936,1,1
"X122.964_6.155",0,0.164394222391658,0.420475453364099
"X122.964_6.235",0,0.350647889704459,0.479518481647123
"X115.965_6.536",0,0.350647889704459,0.479518481647123
"X122.964_6.019",0,0.164394222391658,0.420475453364099
"X195.994_6.449",0,0.164394222391658,0.420475453364099
"X157.006_5.821",0,0.164394222391658,0.420475453364099
"X117.028_5.965",0,0.350647889704459,0.479518481647123
"X137_5.734",0,0.350647889704459,0.479518481647123
"X312.326_3.494",0.476923163463131,0.0036743109353476,0.0596512699508757
"X117.028_5.886",0,0.164394222391658,0.420475453364099
"X137_5.829",0,0.350647889704459,0.479518481647123
"X310.311_3.375",0.857819275177191,0.148479991170565,0.420475453364099
"X324.327_3.455",0.348034315254248,0.00227295751638617,0.0436407843146145
"X705.37_2.412",1.54901960784314,1,1
"X703.575_3.896",0,0.0797251955374254,0.401413571936687
"X512.756_2.233",0.35592221567472,0.201376126846215,0.479518481647123
"X854.553_3.58",0,0.350647889704459,0.479518481647123
"X502.257_2.547",2.71604938271605,1,1
"X462.227_2.432",Inf,0.350647889704459,0.479518481647123
"X870.55_3.096",1.98883817075576,0.214503100693807,0.479518481647123
"X790.56_3.318",0.438279878924173,0.198579460564095,0.479518481647123
"X918.535_2.976",1.53531948376546,0.833087225595233,0.915760003707737
"X816.573_3.512",0,0.350647889704459,0.479518481647123
"X335.279_3.001",0,0.0797251955374254,0.401413571936687
"X822.564_3.545",0,0.350647889704459,0.479518481647123
"X792.554_3.989",0,0.0797251955374254,0.401413571936687
"X792.554_4.114",0,0.350647889704459,0.479518481647123
"X792.554_4.048",0,0.350647889704459,0.479518481647123
"X792.554_4.169",0,0.350647889704459,0.479518481647123
"X907.025_2.577",5.23570045848192,0.0130613116748582,0.142487036452999
"X621.445_2.18",0,0.0180966134767002,0.165981677748078
"X273.019_0.308",0,0.350647889704459,0.479518481647123
"X830.554_3.264",0,0.164394222391658,0.420475453364099
"X724.218_2.769",0,0.164394222391658,0.420475453364099
"X599.241_2.765",0.472854578532865,1.55495007914e-05,0.0014927520759744
"X1273.605_3.33",Inf,0.350647889704459,0.479518481647123
"X806.57_3.972",0,0.164394222391658,0.420475453364099
"X584.336_2.769",10.4780450725292,0.00297605225027923,0.0549425030820781
"X173.133_3.319",0.800279610124757,0.232811909318818,0.479518481647123
"X158.922_0.307",1.27739033512496,0.965102508680264,1
"X209.178_3.324",3.01046570952135,0.337521243891521,0.479518481647123
"X272.222_2.735",1.89348025711662,0.522939793311869,0.656708498302231
"X627.734_2.411",Inf,0.350647889704459,0.479518481647123
"X660.346_2.421",Inf,0.350647889704459,0.479518481647123
"X268.105_0.418",Inf,0.00362535475873415,0.0596512699508757
"X353.191_2.187",3.40968275862069,0.0976835201556742,0.420475453364099
"X542.323_2.885",2.93720321576076,0.115993125541252,0.420475453364099
"X308.091_0.335",6.41175478094897,0.292456088688432,0.479518481647123
"X142.949_0.309",1.16734074010959,0.966785286890699,1
"X112.087_3.698",0,0.164394222391658,0.420475453364099
"X214.181_3.152",0,0.0384143238141604,0.263412506154243
"X399.395_3.27",0,0.350647889704459,0.479518481647123
"X898.58_3.459",0,0.350647889704459,0.479518481647123
"X307.084_0.436",0.0683265446869142,0.125234246135817,0.420475453364099
"X151.098_3.764",0.767391794996441,0.972006675490599,1
"X392.978_0.309",2.08690226051641,0.239351287498894,0.479518481647123
"X520.234_2.371",5.15203288490284,0.523998655936988,0.656708498302231
"X211.079_2.765",0,0.164394222391658,0.420475453364099
"X122.082_0.379",1.1723077266612,0.632724724175418,0.737751905111418
"X415.641_2.768",0,0.164394222391658,0.420475453364099
"X158.013_0.32",2.72330329611113,1,1
"X810.601_5.6",0,0.350647889704459,0.479518481647123
"X214.217_3",Inf,0.350647889704459,0.479518481647123
"X553.328_2.259",Inf,0.350647889704459,0.479518481647123
"X578.317_2.257",1.06038647342995,1,1
"X634.86_2.297",Inf,0.350647889704459,0.479518481647123
"X692.412_2.962",0,0.350647889704459,0.479518481647123
"X730.883_2.408",Inf,0.350647889704459,0.479518481647123
"X654.398_3.076",0,0.350647889704459,0.479518481647123
"X752.391_2.819",0,0.350647889704459,0.479518481647123
"X621.32_2.18",0,0.0180966134767002,0.165981677748078
"X361.201_3.016",8.66417910447761,0.125234246135817,0.420475453364099
"X429.264_3.217",Inf,0.350647889704459,0.479518481647123
"X528.411_2.98",2.00619170984456,0.798315205175224,0.887990774060285
"X826.265_2.769",0,0.164394222391658,0.420475453364099
"X572.437_2.978",Inf,0.350647889704459,0.479518481647123
"X376.319_3.262",1.40856271515848,0.058139747078503,0.36502798964213
"X273.254_2.711",2.65101380318089,0.218416562806934,0.479518481647123
"X542.289_2.643",Inf,0.350647889704459,0.479518481647123
"X806.571_4.266",0,0.350647889704459,0.479518481647123
"X784.585_5.595",0,0.164394222391658,0.420475453364099
"X128.018_0.344",1.21118115029182,0.665255262841228,0.766374062793095
"X806.571_4.175",0,0.350647889704459,0.479518481647123
"X705.329_3.357",9.46197624190065,0.130924733738324,0.420475453364099
"X135.079_4.526",3.22788100942145,0.00304201112119897,0.0554493166395762
"X524.278_2.733",1.95900516994267,0.444037004684855,0.581284806132901
"X161.092_0.387",0.942088183016675,0.551160957942367,0.681263329988849
"X140.082_3.551",0.713698118631774,0.49486195954172,0.639677936930051
"X621.571_2.18",0,0.350647889704459,0.479518481647123
"X828.258_2.181",0,0.350647889704459,0.479518481647123
"X518.323_2.92",1.07063294671603,0.870194456435353,0.94572076774861
"X740.522_3.75",0,0.350647889704459,0.479518481647123
"X258.207_2.775",1.99945916452839,2.5142227647786e-06,0.000452560097660148
"X650.403_3.014",0,0.0797251955374254,0.401413571936687
"X311.633_2.893",0,0.164394222391658,0.420475453364099
"X648.424_3.067",1.14720848526381,0.814860973930213,0.899846474278763
"X675.677_3.534",0,0.164394222391658,0.420475453364099
"X827.271_2.769",0,0.164394222391658,0.420475453364099
"X290.61_2.88",0,0.164394222391658,0.420475453364099
"X493.315_3.011",Inf,0.350647889704459,0.479518481647123
"X548.275_2.874",Inf,0.350647889704459,0.479518481647123
"X558.283_2.791",0,0.164394222391658,0.420475453364099
"X418.223_2.772",0.562517772369087,0.31314178453002,0.479518481647123
"X400.159_0.337",Inf,0.164394222391658,0.420475453364099
"X880.571_3.378",0,0.164394222391658,0.420475453364099
"X301.115_0.413",Inf,0.350647889704459,0.479518481647123
"X252.157_2.632",Inf,0.00825761248378455,0.0996985516241708
"X408.309_3.31",0.813192845881645,0.828727023366859,0.912360025724983
"X759.638_5.605",0,0.350647889704459,0.479518481647123
"X352.306_2.997",0.183565275016567,0.0657620337602737,0.396223132279473
"X198.186_2.605",2.92580783167995,0.183491705200314,0.458844589631647
"X242.175_2.774",0,0.164394222391658,0.420475453364099
"X386.961_0.313",1.3097229296119,0.972006675490599,1
"X242.212_2.726",1.19151443724219,0.614620907340603,0.729039626499562
"X349.21_2.695",0.359767339728633,0.0160581670472279,0.165981677748078
"X332.219_2.219",0.654004862574135,0.374820378674669,0.505849433262909
"X269.137_2.454",0.451361443996147,0.260397188646331,0.479518481647123
"X263.091_2.771",0,0.00152295328439113,0.0327321302913914
"X385.167_2.655",0,0.350647889704459,0.479518481647123
"X458.348_3.097",Inf,0.350647889704459,0.479518481647123
"X295.648_2.934",0,0.164394222391658,0.420475453364099
"X182.588_2.711",0,0.164394222391658,0.420475453364099
"X277.603_2.868",0,0.350647889704459,0.479518481647123
"X122.072_3.9",1.8435268931892,0.198579460564095,0.479518481647123
"X153.041_0.4",0.978581689414862,0.983435397962285,1
"X263.081_2.818",0.221754317042551,0.0518997919127944,0.333641519439392
"X263.081_2.774",1.53473067010354,0.0886625026440084,0.420475453364099
"X756.55_5.552",0,0.350647889704459,0.479518481647123
"X888.466_2.881",0,0.350647889704459,0.479518481647123
"X374.303_3.249",2.67014976851303,0.08147060623315,0.404543699916331
"X211.079_2.777",0,0.350647889704459,0.479518481647123
"X688.455_3.234",0,0.0797251955374254,0.401413571936687
"X348.071_0.332",0.708031223967172,0.972006675490599,1
"X255.142_2.716",0,0.350647889704459,0.479518481647123
"X191.147_2.756",0,0.164394222391658,0.420475453364099
"X788.618_5.596",0,0.164394222391658,0.420475453364099
"X632.393_3.035",1.3603631192449,0.554758380466147,0.685121842085121
"X564.366_3.017",Inf,0.164394222391658,0.420475453364099
"X211.079_2.93",0.176466867660391,0.523998655936988,0.656708498302231
"X771.373_2.866",0.26071734515252,0.577155449664142,0.698077023810706
"X427.096_0.313",0,0.350647889704459,0.479518481647123
"X276.603_2.867",0,0.350647889704459,0.479518481647123
"X570.357_2.934",3.3203107904623,0.016650816955183,0.165981677748078
"X758.571_5.632",0,0.350647889704459,0.479518481647123
"X302.973_0.311",1.5609345925464,0.389422615649894,0.52116037782142
"X566.324_2.875",Inf,0.350647889704459,0.479518481647123
"X798.527_3.326",0,0.350647889704459,0.479518481647123
"X425.137_2.77",1.00772828635116,0.712965124764759,0.808401401308073
"X417.337_3.296",0,0.350647889704459,0.479518481647123
"X834.602_3.204",0,0.164394222391658,0.420475453364099
"X211.079_2.614",0,0.164394222391658,0.420475453364099
"X276.02_2.431",1.33708402404106,0.222749777724739,0.479518481647123
"X262.988_2.432",0,0.164394222391658,0.420475453364099
"X234.993_2.429",0.713387415670877,0.210509235166439,0.479518481647123
"X339.02_2.429",0,0.164394222391658,0.420475453364099
"X211.079_2.691",0,0.164394222391658,0.420475453364099
"X278.173_2.843",0.304127473322776,0.916157686803492,0.981374912612299
"X425.136_3.511",0,0.164394222391658,0.420475453364099
"X397.379_3.337",Inf,0.350647889704459,0.479518481647123
"X922.674_2.39",Inf,0.350647889704459,0.479518481647123
"X703.575_3.835",0,0.0384143238141604,0.263412506154243
"X834.601_4.284",0,0.164394222391658,0.420475453364099
"X758.57_3.242",0.715425700249768,0.577155449664142,0.698077023810706
"X161.1_2.439",0,0.164394222391658,0.420475453364099
"X600.331_2.658",Inf,0.0384143238141604,0.263412506154243
"X666.435_3.08",0.692830574212468,0.551160957942367,0.681263329988849
"X143.118_0.441",2.03129234091948,0.282690083225666,0.479518481647123
"X217.12_4.979",0,0.164394222391658,0.420475453364099
"X217.12_4.904",1.48905592518013,0.632724724175418,0.737751905111418
"X318.241_2.972",Inf,0.350647889704459,0.479518481647123
"X348.288_3.044",1.6434710472235,0.608952353533702,0.724532415821417
"X209.984_0.329",1.55025256060747,0.325821260421724,0.479518481647123
"X195.969_0.321",Inf,0.164394222391658,0.420475453364099
"X806.57_4.031",0,0.164394222391658,0.420475453364099
"X340.358_3.708",0.074447316432005,0.292456088688432,0.479518481647123
"X303.232_3.087",Inf,0.164394222391658,0.420475453364099
"X608.728_2.766",0.671637495978768,0.936298600136668,0.995033198669227
"X240.196_2.725",1.4650511396059,0.0185537262328588,0.166778164926595
"X293.284_3.382",0.433322489716453,0.120758587462435,0.420475453364099
"X275.935_0.337",0.846116172494615,1,1
"X119.049_2.765",0.41530446098365,0.00136979923410844,0.0327321302913914
"X806.571_5.597",0,0.350647889704459,0.479518481647123
"X790.539_3.785",0,0.0180966134767002,0.165981677748078
"X286.996_0.312",4.07910611303345,0.266056422422401,0.479518481647123
"X406.154_2.765",0.785594358211979,0.0453338990979227,0.298085911876752
"X302.112_2.27",0,0.350647889704459,0.479518481647123
"X166.123_2.515",0.122951273051388,0.15990093419154,0.420475453364099
"X834.601_5.541",0,0.350647889704459,0.479518481647123
"X782.57_5.591",0,0.0180966134767002,0.165981677748078
"X177.958_0.325",1.86251210051681,0.0928323128945194,0.420475453364099
"X116.987_0.321",Inf,0.164394222391658,0.420475453364099
"X200.984_0.333",0,0.350647889704459,0.479518481647123
"X244.191_3.34",0,0.350647889704459,0.479518481647123
"X354.285_2.925",Inf,0.350647889704459,0.479518481647123
"X870.55_3.27",0,0.0797251955374254,0.401413571936687
"X190.109_3.821",Inf,0.350647889704459,0.479518481647123
"X340.358_2.809",0,0.350647889704459,0.479518481647123
"X455.218_2.769",0,0.164394222391658,0.420475453364099
"X786.601_5.631",0,0.0384143238141604,0.263412506154243
"X810.601_3.752",Inf,0.350647889704459,0.479518481647123
"X580.362_2.984",1.25718755874376,0.0814293446671917,0.404543699916331
"X114.092_1.016",2.82742185622857,0.27216530785468,0.479518481647123
"X834.601_3.352",Inf,0.164394222391658,0.420475453364099
"X834.601_3.632",7.58943352010696,0.523998655936988,0.656708498302231
"X217.12_4.519",Inf,0.164394222391658,0.420475453364099
"X551.356_3.082",Inf,0.350647889704459,0.479518481647123
"X325.189_4.706",0,0.350647889704459,0.479518481647123
"X325.189_4.51",Inf,0.350647889704459,0.479518481647123
"X311.136_2.89",0,0.350647889704459,0.479518481647123
"X284.163_5.628",6.26372916956246,0.467066037266936,0.606469877064371
"X652.382_3.047",0,0.164394222391658,0.420475453364099
"X157.086_1.02",4.23587179487179,0.577155449664142,0.698077023810706
"X226.18_2.783",Inf,0.0797251955374254,0.401413571936687
"X259.19_2.795",Inf,0.350647889704459,0.479518481647123
"X429.17_3.322",Inf,0.350647889704459,0.479518481647123
"X334.31_3.357",0,0.350647889704459,0.479518481647123
"X261.033_2.464",1.07119454876868,0.304590816047085,0.479518481647123
"X263.03_2.464",1.0536422312014,0.304590816047085,0.479518481647123
"X828.539_3.327",0,0.164394222391658,0.420475453364099
"X279.205_2.564",2.62945368171021,0.523998655936988,0.656708498302231
"X792.329_2.764",0.325294242406853,3.22361889033998e-05,0.00257889511227198
"X257.152_5.623",5.81396103896104,0.522939793311869,0.656708498302231
"X115.076_1.044",1.44068564152033,0.0851544542212796,0.408916729558924
"X115.076_1.141",1.31725234812116,0.34942616499231,0.479518481647123
"X115.076_0.991",1.14340203860193,0.575085375710953,0.698077023810706
"X115.076_1.662",1.06663403802583,0.86698877983567,0.944375070320246
"X316.66_2.948",0,0.350647889704459,0.479518481647123
"X354.337_3.264",1.06563836018057,0.512486352283095,0.655982530922361
"X268.064_2.519",0,0.164394222391658,0.420475453364099
"X528.311_2.928",1.2689963718028,0.6741709046061,0.77478539715306
"X221.054_2.77",0,0.164394222391658,0.420475453364099
"X354.112_2.768",0,0.164394222391658,0.420475453364099
"X285.067_2.511",Inf,0.350647889704459,0.479518481647123
"X234.957_0.346",0,0.350647889704459,0.479518481647123
"X250.572_2.772",0,0.350647889704459,0.479518481647123
"X792.829_2.765",0.648051401709151,0.810289182639067,0.897105214913443
"X542.289_2.779",1.76138291400805,0.325375739718876,0.479518481647123
"X305.132_2.346",Inf,0.350647889704459,0.479518481647123
"X334.311_3.093",1.40984799550858,8.97899863277855e-05,0.00445853725213832
"X748.529_3.775",0,0.0384143238141604,0.263412506154243
"X308.092_0.309",0.727311512260018,0.240072197101735,0.479518481647123
"X808.585_5.595",0,0.164394222391658,0.420475453364099
"X425.137_2.847",0.622708049061563,0.324914872399088,0.479518481647123
"X132.52_0.301",Inf,0.350647889704459,0.479518481647123
"X536.336_2.744",Inf,0.350647889704459,0.479518481647123
"X678.471_3.342",0,0.350647889704459,0.479518481647123
"X118.98_0.372",0,0.350647889704459,0.479518481647123
"X292.162_0.309",0.595913147262645,0.436095076213988,0.572182855771356
"X837.619_3.415",0,0.350647889704459,0.479518481647123
"X614.37_2.762",0,0.350647889704459,0.479518481647123
"X288.161_2.924",0.521571098460326,0.194284942164641,0.479058761501855
"X131.501_0.339",0,0.350647889704459,0.479518481647123
"X233.581_2.766",0.265042382592162,0.00896661426551896,0.105835447068421
"X430.223_2.768",0,0.00152295328439113,0.0327321302913914
"X782.57_3.269",8.7876660341556,1,1
"X806.57_3.303",Inf,0.350647889704459,0.479518481647123
"X121.065_6.962",0.366389129580285,0.0666670766603757,0.398342698717597
"X121.065_6.872",0.0367536064476327,0.00184486753899316,0.0374170317767627
"X834.602_3.269",0,0.164394222391658,0.420475453364099
"X806.57_3.157",Inf,0.350647889704459,0.479518481647123
"X115.076_1.252",1.18401125900161,0.56057399575302,0.689937225542179
"X758.57_3.585",9.47871932725262,0.292456088688432,0.479518481647123
"X142.071_2.429",0,0.164394222391658,0.420475453364099
"X256.3_2.819",6.53197129909366,0.361567459874719,0.491185983226033
"X145.098_0.583",1.30274385538171,0.770681561355988,0.865664156281297
"X136.097_0.524",7.44855488020152,0.261466305877338,0.479518481647123
"X134.118_0.492",1.21326338907369,0.878026982220026,0.952794916651724
"X161.092_0.615",2.15385810750109,0.174245224153765,0.440972096276664
"X158.129_0.49",0.520777789692826,0.558345179380385,0.688370769099105
"X134.118_0.421",0.872144838675676,0.654749244038902,0.757300330454633
"X161.129_0.497",1.99118296890898,0.373569533753466,0.504634266984044
"X490.819_5.635",Inf,0.164394222391658,0.420475453364099
"X115.076_0.843",1.56486238377348,0.261689162782447,0.479518481647123
"X837.619_3.538",0,0.350647889704459,0.479518481647123
"X866.591_3.658",0,0.164394222391658,0.420475453364099
"X746.461_3.116",0.873381294964029,0.632724724175418,0.737751905111418
"X772.55_3.498",0,0.350647889704459,0.479518481647123
"X856.584_5.565",0,0.350647889704459,0.479518481647123
"X596.336_2.927",0.886539022986966,0.724386238120784,0.820059892212208
"X374.304_3.316",0.951806285128069,0.533126741430852,0.663262677689521
"X136.048_3.57",1.62047794117647,0.632724724175418,0.737751905111418
"X602.344_2.984",1.5242784918585,0.0145191723023937,0.152610278214941
"X343.227_3.015",Inf,0.350647889704459,0.479518481647123
"X163.109_0.48",Inf,0.350647889704459,0.479518481647123
"X828.552_3.896",0,0.164394222391658,0.420475453364099
"X546.354_3.034",0.486238656544211,0.120758587462435,0.420475453364099
"X300.29_3.137",0,0.350647889704459,0.479518481647123
"X814.15_2.341",0,0.350647889704459,0.479518481647123
"X408.309_3.341",5.28920138888889,1,1
"X321.316_3.545",0.468009248515573,0.0201775294760962,0.178255475126249
"X415.158_0.304",10.5137425506555,0.27216530785468,0.479518481647123
"X449.288_3.013",Inf,0.350647889704459,0.479518481647123
"X303.305_3.529",0,0.00152295328439113,0.0327321302913914
"X161.093_0.654",7.18867459182163,0.0053591378881628,0.0779510965550953
"X806.556_3.702",0,0.350647889704459,0.479518481647123
"X834.601_3.709",9.03629343629344,1,1
"X280.189_2.775",9.84529653318895,0.000708508255862044,0.0212552476758613
"X783.355_2.862",0.749310232666297,0.170878752639544,0.433213739086169
"X686.441_3.121",1.19437327025018,0.577367871776771,0.698077023810706
"X638.404_3.065",0.893646187971221,0.774840301727361,0.868979777638162
"X898.581_3.359",0,0.164394222391658,0.420475453364099
"X771.647_3.321",0,0.164394222391658,0.420475453364099
"X270.168_2.537",1.16640625,1,1
"X261.946_0.314",0.653903195362006,1,1
"X401.288_2.989",0,0.350647889704459,0.479518481647123
"X170.154_3.24",0,0.0384143238141604,0.263412506154243
"X760.586_3.367",0.434765114998756,0.818683174136152,0.902177335134745
"X221.06_2.218",1.38976828035541,0.701503104397263,0.797918223011105
"X221.06_2.264",1.55280556820454,0.31314178453002,0.479518481647123
"X223.057_2.227",1.44553658384245,0.96343156245751,1
"X223.057_2.253",0,0.164394222391658,0.420475453364099
"X223.057_2.26",1.61686290666135,0.230063487563745,0.479518481647123
"X221.06_2.259",1.43598257625756,0.219298817681722,0.479518481647123
"X174.602_2.709",1.50006485544207,0.00118667446462527,0.0299791443694806
"X242.586_2.766",0.334032041085946,0.102845562325802,0.420475453364099
"X254.094_2.768",0.306063147369222,0.0132945086962557,0.143940545282768
"X303.648_2.884",6.62080158337457,0.00257375993551669,0.0487659777255793
"X282.624_2.875",0.721035351783774,0.695352222477702,0.794058049459073
"X119.119_0.445",2.36393749723961,0.0691850028200593,0.401413571936687
"X122.082_0.534",2.59238544580844,0.0134259390912235,0.144278748442999
"X366.374_3.697",0.390559316559892,0.0049396225519851,0.073330479122253
"X385.347_3.403",0.0749606852068469,0.0252389031903955,0.208873681575687
"X678.399_2.986",0.828473088319278,0.978746106063679,1
"X157.134_0.442",1.64700510855683,0.910913543929878,0.979623228722199
"X122.082_0.572",0.874120717614548,0.965809851317864,1
"X143.118_0.451",1.39063587168721,0.061940600627052,0.374766659256113
"X143.118_0.561",0.239428780306146,0.337521243891521,0.479518481647123
"X148.097_0.52",4.26473846509974,0.038974534342904,0.264732686102744
"X203.007_0.316",2.03691197952203,0.0877736443785988,0.418523337434379
"X228.125_5.568",Inf,0.164394222391658,0.420475453364099
"X287.174_5.612",Inf,0.164394222391658,0.420475453364099
"X336.169_5.622",Inf,0.164394222391658,0.420475453364099
"X273.147_5.62",Inf,0.164394222391658,0.420475453364099
"X277.142_5.61",Inf,0.164394222391658,0.420475453364099
"X263.163_5.608",Inf,0.164394222391658,0.420475453364099
"X315.205_5.607",Inf,0.350647889704459,0.479518481647123
"X161.093_0.696",4.08629560000115,0.145801595990808,0.420475453364099
"X251.037_0.336",1.57977441087513,0.151975681514272,0.420475453364099
"X182.6_2.61",1.44383561643836,1,1
"X296.259_2.971",1.84662402294993,1.79218956053449e-06,0.000430125494528278
"X350.306_2.961",2.06360038189172,0.167112241621048,0.426669553075015
"X368.317_3.315",0,0.00152295328439113,0.0327321302913914
"X400.307_3.013",Inf,0.350647889704459,0.479518481647123
"X307.084_0.362",0.965473552329693,0.712965124764759,0.808401401308073
"X164.129_0.424",5.66666666666667,0.261466305877338,0.479518481647123
"X764.524_3.729",0.106566986050921,0.058556573338425,0.36502798964213
"X764.524_3.822",0,0.164394222391658,0.420475453364099
"X312.158_5.646",Inf,0.164394222391658,0.420475453364099
"X364.2_5.646",Inf,0.350647889704459,0.479518481647123
"X341.185_5.648",Inf,0.164394222391658,0.420475453364099
"X830.571_3.799",0,0.0797251955374254,0.401413571936687
"X149.129_0.462",1.18527791373317,0.455699559027818,0.595469478221468
"X160.109_6.635",Inf,0.164394222391658,0.420475453364099
"X682.364_3.313",1.52159970249675,0.0612792417000994,0.372329569823389
"X312.327_3.55",0.341315446303261,0.1136994644256,0.420475453364099
"X399.771_5.729",0,0.350647889704459,0.479518481647123
"X100.012_5.6",0,0.350647889704459,0.479518481647123
"X254.094_2.766",2.01647915146349,0.0752625633340215,0.401413571936687
"X136.097_0.551",1.23241819141642,0.929349970362524,0.992777416411005
"X114.517_5.984",0,0.350647889704459,0.479518481647123
"X348.071_0.342",2.85660407540483,0.327393574183358,0.479518481647123
"X145.134_0.499",1.00198150255827,0.533126741430852,0.663262677689521
"X462.32_3.27",0.813631522896699,0.632724724175418,0.737751905111418
"X368.39_3.869",0,0.00825761248378455,0.0996985516241708
"X242.586_2.768",1.19936264317548,0.613898300354678,0.729039626499562
"X659.288_3.313",1.92813936324664,0.0170673218820573,0.165981677748078
"X511.21_3.171",Inf,0.164394222391658,0.420475453364099
"X828.54_3.256",0.236964868975491,0.523998655936988,0.656708498302231
"X254.212_3.434",0,0.00825761248378455,0.0996985516241708
"X233.581_2.765",2.38225261647709,0.0419975684743921,0.279983789829281
"X218.985_0.461",Inf,0.350647889704459,0.479518481647123
"X143.118_0.616",1.4194467040683,0.79811705969647,0.887990774060285
"X218.985_0.323",1.66553032323168,0.0403979298444079,0.273112765145293
"X158.013_0.317",1.50305704347593,0.336948562692347,0.479518481647123
"X451.174_2.881",0.182217782217782,0.00397467446452765,0.0635947914324424
"X664.465_2.982",Inf,0.350647889704459,0.479518481647123
"X301.115_0.33",Inf,0.164394222391658,0.420475453364099
"X198.186_3.308",0.961649880911983,0.803441156656163,0.892024106079317
"X208.17_3.306",0.914533428496359,0.539298539584697,0.668321770225442
"X191.144_3.306",0.768802666463322,0.187268401403014,0.464141993150327
"X282.28_3.246",1.38535627495747,4.40440254588908e-05,0.00316989093284876
"X175.145_0.441",0,0.164394222391658,0.420475453364099
"X262.08_2.77",0,0.164394222391658,0.420475453364099
"X147.113_0.484",0.459265776279704,0.124455236649706,0.420475453364099
"X223.057_2.391",1.22813947485059,0.600703360866196,0.720844033039435
"X221.06_2.19",1.03364647800866,0.361567459874719,0.491185983226033
"X122.082_0.599",0.727328311387296,0.701503104397263,0.797918223011105
"X209.178_3.301",0.468719228414455,0.0327260337346187,0.257516331026507
"X705.331_3.345",0.967654948253394,0.427785861874327,0.563597109880175
"X293.973_0.324",0,0.350647889704459,0.479518481647123
"X136.035_0.331",Inf,0.350647889704459,0.479518481647123
"X811.31_2.767",0.114707548862321,6.80310345772253e-06,0.00089058808901095
"X374.304_3.197",0,0.00060913156875028,0.019492210200009
"X195.969_0.326",0,0.350647889704459,0.479518481647123
"X276.02_2.431.1",0,0.00152295328439113,0.0327321302913914
"X234.994_2.476",0,0.350647889704459,0.479518481647123
"X399.395_3.152",0,8.25516685187575e-05,0.00440275565433374
"X237.163_3.548",0,0.350647889704459,0.479518481647123
"X224.949_0.411",0,0.350647889704459,0.479518481647123
"X705.142_2.34",0,0.00825761248378455,0.0996985516241708
"X705.226_2.339",0,0.0384143238141604,0.263412506154243
"X226.181_3.394",0,0.350647889704459,0.479518481647123
"X173.133_3.381",0,0.350647889704459,0.479518481647123
"X270.91_2.538",0,0.350647889704459,0.479518481647123
"X211.079_2.769",0,0.350647889704459,0.479518481647123
