filename,RVT_142DPI
X137.046_0.35,1.86E-05
X269.088_0.35,0.002248739
X338.342_3.533,0.420475453
X387.181_2.767,0.166778165
X311.081_2.525,0.102844671
X228.196_2.71,0.000278499
X404.207_2.768,0.420475453
X496.341_2.926,0.75730033
X310.31_3.391,0.420475453
X228.196_3.321,0.479518482
X285.022_2.394,0.165981678
X336.326_3.156,0.016012154
X524.372_3.04,0.655982531
X596.357_2.948,0.464141993
X409.162_2.768,0.37232957
X244.191_2.61,0.401413572
X624.388_3.054,0.420475453
X226.181_2.61,0.37232957
X238.1_2.259,0.496522817
X226.181_3.32,0.66832177
X244.191_3.324,0.572182856
X638.403_3.073,0.966700623
X287.018_2.395,0.166778165
X489.228_2.768,0.001492752
X110.021_5.865,0.479518482
X312.326_3.521,0.479518482
X610.372_2.951,0.420475453
X110.021_6.211,0.821614287
X183.15_2.549,1
X637.306_3.32,0.05965127
X146.981_3.86,0.479518482
X105.07_2.767,0.200169858
X352.321_3.187,0.004101726
X432.238_2.769,0.479518482
X200.165_3.207,0.024481865
X267.123_2.767,0.324305909
X200.165_2.552,0.02609548
X126.022_0.338,0.420475453
X608.393_3.098,0.18353245
X666.434_3.024,0.099698552
X240.097_2.259,0.479518482
X522.357_2.957,0.572182856
X482.325_3.027,0.521160378
X308.295_3.045,0.006316114
X650.44_3.113,0.37232957
X333.063_2.524,0.05965127
X594.377_3,0.696972905
X282.279_3.26,0.479518482
X285.133_2.768,0.165981678
X790.38_2.768,0.023097882
X417.337_3.233,1
X582.341_3.046,0.496522817
X622.409_3.109,0.974172171
X100.076_2.546,0.764195114
X401.342_3.422,0.420475453
X636.388_2.978,0.893857306
X214.181_2.634,0.004101726
X198.15_2.471,0.001303944
X132.102_0.307,0.298085912
X113.964_6.456,0.737751905
X678.478_3.062,0.401413572
X110.021_5.953,0.797918223
X369.352_3.849,0.493421393
X369.17_2.767,0.038197954
X568.341_2.887,0.126630087
X221.111_2.312,0.919203411
X321.315_3.533,0.263412506
X634.453_3.069,0.420475453
X208.17_3.328,0.479518482
X694.465_3.135,0.401413572
X216.196_2.567,0.37232957
X313.077_2.525,0.099698552
X354.337_3.278,0.479518482
X216.16_2.471,0.015235688
X137.046_0.42,0.420475453
X111.092_5.384,0.656708498
X520.341_2.89,0.479518482
X425.136_2.773,1
X795.335_2.768,0.126630087
X256.264_3.225,0.401413572
X198.186_3.331,0.401413572
X113.964_6.627,1
X111.092_5.093,0.479518482
X256.227_2.847,0.000278499
X295.227_3.017,0.200169858
X111.092_4.634,0.724532416
X454.294_2.917,0.737751905
X122.072_5.438,0.957968681
X722.505_3.058,0.479518482
X432.238_2.839,1
X590.427_3.075,0.420475453
X554.31_2.942,0.708461307
X544.34_2.89,0.420475453
X766.53_3.05,0.420475453
X103.956_5.525,0.479518482
X646.408_3.051,0.479518482
X232.191_2.63,0.165981678
X308.295_3.285,0.00183693
X680.414_3.051,0.508227028
X230.248_2.715,0.488046326
X224.084_2.236,0.893857306
X281.102_2.768,0.479518482
X526.294_2.877,0.479518482
X216.16_3.213,0.420475453
X375.199_2.868,0.837318979
X283.118_2.713,0.430113684
X664.419_3.086,0.972284033
X608.393_3.002,0.416341018
X550.351_3.01,0.401413572
X324.29_3.082,0.021255248
X175.148_2.71,0.00045256
X278.248_3.1,0.000890588
X266.173_2.61,0.401413572
X250.178_2.71,0.00759879
X198.149_3.205,0.065108495
X566.346_3.087,0.808401401
X607.227_2.771,0.401413572
X385.346_3.54,0.259483187
X546.401_3.081,0.420475453
X272.222_2.957,0.034672988
X272.222_2.809,0.824362325
X340.285_3.14,0.698077024
X734.57_3.377,0.420475453
X622.408_3.044,0.932189641
X113.964_6.749,0.479518482
X324.326_3.469,1
X568.361_2.947,0.479518482
X319.3_3.156,0.023097882
X199.989_2.374,0.479518482
X678.471_3.228,0.212447593
X622.372_2.977,0.420475453
X334.311_3.335,0.022348561
X480.309_2.951,0.714456097
X502.294_2.879,0.324305909
X786.601_3.279,0.165981678
X674.439_3.163,0.777516611
X184.074_0.312,0.401413572
X175.148_3.322,0.479518482
X810.557_3.053,0.479518482
X387.192_2.843,0.263412506
X474.249_2.887,0.65052535
X786.601_3.393,0.420475453
X678.398_3.039,1
X660.424_3.08,0.479518482
X242.212_3.159,0.783413151
X694.429_3.054,0.401413572
X654.332_3.32,0.038197954
X416.337_2.79,0.008880037
X414.14_2.772,0.401413572
X400.342_2.89,0.010091811
X212.165_2.546,0.479518482
X636.424_3.106,0.750964625
X801.313_2.768,0.009725252
X103.956_5.454,0.479518482
X991.673_2.928,0.479518482
X800.313_2.771,0.420475453
X668.413_2.991,0.737751905
X313.016_2.379,0.705814226
X538.315_2.977,0.479518482
X429.191_2.885,0.464141993
X606.378_3.022,0.464141993
X680.45_3.157,0.244660501
X692.414_2.985,0.479518482
X256.227_3.448,0.165981678
X1022.625_3.326,0.479518482
X230.175_2.591,0.479518482
X180.175_2.611,1
X446.218_2.884,0.868979778
X620.393_3.029,0.65052535
X692.412_3.038,0.479518482
X313.144_3.062,0.479518482
X683.433_3.063,0.479518482
X152.995_6.215,0.479518482
X397.379_3.191,0.195320104
X326.306_3.148,0.126630087
X205.017_5.778,0.401413572
X172.133_3.109,0.479518482
X158.962_2.362,0.479518482
X652.383_2.943,0.75730033
X374.303_3.189,0.017932154
X172.134_2.343,0.011943064
X670.393_2.893,0.952794917
X510.356_2.983,0.447020223
X109.023_5.881,0.525727784
X242.212_2.78,0.00031099
X654.398_2.907,0.689937226
X149.082_4.832,0.792863808
X153.041_0.336,0.887990774
X254.212_2.792,0.407145446
X221.06_2.396,0.479518482
X650.403_3.074,0.479518482
X476.24_2.164,0.87968382
X688.455_3.179,0.68829731
X123.079_4.851,0.420475453
X156.011_2.395,0.479518482
X622.372_3.037,0.479518482
X705.225_2.339,0.245886192
X166.087_0.522,0.698077024
X652.418_3.02,0.723137974
X676.419_3.043,0.749384
X682.363_3.329,1
X141.959_6.151,0.479518482
X153.041_0.412,0.420475453
X370.332_3.032,0.200169858
X277.216_3.018,0.420475453
X306.279_2.989,0.002601274
X475.989_2.164,0.663262678
X705.141_2.339,0.075067613
X652.418_3.078,0.420475453
X554.288_2.924,0.479518482
X367.336_3.39,0.45884459
X676.454_3.145,0.479518482
X440.359_2.985,0.479518482
X226.081_2.237,0.917539817
X718.429_3.009,0.899170711
X120.102_0.391,0.479518482
X142.035_0.315,0.02609548
X482.361_2.958,0.07870729
X426.358_2.916,0.479518482
X119.049_2.77,1
X149.082_4.735,0.539589944
X566.382_3.018,0.572182856
X285.217_3.322,0.263412506
X368.316_2.962,0.005267947
X268.227_2.861,0.420475453
X682.429_3.009,0.769904905
X158.962_2.581,1
X254.212_3.447,0.479518482
X289.014_2.395,0.420475453
X696.445_3.083,0.638187927
X776.253_2.398,0.011943064
X296.146_2.932,0.420475453
X720.445_3.09,0.66832177
X272.222_3.45,0.479518482
X293.211_2.931,0.420475453
X192.125_4.749,0.401413572
X141.959_1.787,0.479518482
X230.176_2.586,0.003169891
X238.142_2.469,0.479518482
X534.286_3.175,0.085758361
X158.962_2.089,0.525727784
X141.959_1.562,0.420475453
X192.125_4.994,0.420475453
X396.332_2.991,0.479518482
X594.341_2.975,0.420475453
X428.374_2.971,0.401413572
X652.419_3.146,0.420475453
X141.959_1.379,0.420475453
X502.374_3.089,0.479518482
X303.232_3.023,0.764195114
X141.959_1.2,0.420475453
X478.294_2.879,0.945720768
X141.959_1.295,0.420475453
X114.092_2.075,0.479518482
X254.212_3.319,0.139031444
X141.959_1.101,0.420475453
X694.428_3.006,0.479518482
X632.393_3.152,0.479518482
X810.601_3.479,0.981374913
X186.15_2.46,0.479518482
X484.385_2.982,0.4045437
X708.409_2.912,0.902177335
X114.092_0.357,0.479518482
X150.059_0.3,0.420475453
X776.2_2.398,0.099698552
X245.175_3.33,0.263412506
X352.357_3.617,0.03273213
X819.378_2.399,0.051705185
X120.066_0.596,0.957968681
X108.045_2.395,0.599621137
X138.995_6.301,1
X307.083_0.407,0.479518482
X141.959_6.954,0.420475453
X114.092_2.178,1
X114.092_6.756,0.057896666
X125.016_2.257,0.479518482
X114.092_0.768,0.932189641
X620.356_2.913,0.407145446
X141.959_6.859,0.479518482
X212.165_2.546.1,0.115221631
X867.458_2.398,0.139031444
X638.367_3.032,0.75730033
X141.959_1.053,0.420475453
X412.211_2.304,0.622456345
X564.331_3.008,0.981374913
X708.445_3.006,1
X114.092_1.405,0.37232957
X694.428_2.938,1
X666.399_2.952,0.479518482
X439.121_2.673,0.876698844
X141.959_6.766,0.420475453
X114.092_1.255,0.887990774
X349.037_2.524,0.574509771
X444.369_2.876,0.420475453
X141.959_6.49,0.420475453
X141.959_0.99,0.479518482
X241.567_2.774,0.420475453
X107.061_4.811,0.302683541
X114.092_1.976,0.407145446
X114.092_1.058,0.4045437
X432.281_2.268,0.479518482
X716.45_3.129,0.479518482
X114.092_1.761,1
X818.59_3.473,0.479518482
X149.082_4.686,0.702151158
X441.136_2.721,0.737751905
X648.422_3.047,0.647765191
X350.305_3.132,0.65052535
X690.434_3.14,0.698077024
X819.267_2.398,0.065108495
X648.423_3.138,0.479518482
X192.125_4.795,0.698077024
X141.959_0.935,0.479518482
X430.223_2.769,0.94437507
X283.019_0.327,0.05965127
X704.45_3.153,0.420475453
X856.569_3.369,1
X141.959_0.889,0.479518482
X674.439_3.065,0.094611214
X703.575_5.592,0.165981678
X788.544_3.358,0.698077024
X776.306_2.398,0.165981678
X114.092_2.607,0.479518482
X634.372_2.992,0.401413572
X102.092_0.355,0.420475453
X277.216_2.857,0.420475453
X306.279_3.212,0.000769481
X819.322_2.398,0.022348561
X289.945_0.301,0.992777416
X207.058_2.248,0.497574854
X169.978_2.574,0.750498391
X810.602_5.596,0.263412506
X351.253_2.927,0.420475453
X604.362_2.948,0.05965127
X155.991_6.136,0.992887017
X732.445_3.025,0.724532416
X353.232_2.525,0.420475453
X298.2_2.676,0.472540055
X130.534_5.957,0.420475453
X155.991_6.367,0.513498446
X479.152_2.786,0.263412506
X748.439_2.944,0.516950327
X816.574_3.495,0.479518482
X114.092_2.659,0.479518482
X202.109_5.277,1
X263.08_2.779,0.479518482
X159.969_1.167,0.420475453
X487.105_2.774,0.420475453
X705.621_2.412,0.206533754
X159.969_1.214,0.420475453
X224.012_6.219,0.737751905
X224.012_6.019,0.420475453
X155.991_6.023,0.401413572
X224.012_6.146,0.698077024
X125.071_5.026,0.479518482
X708.481_3.277,0.479518482
X158.986_6.121,1
X159.969_1.264,0.420475453
X177.114_5.324,0.420475453
X294.243_2.915,0.479518482
X445.303_2.334,0.479518482
X130.534_5.896,0.479518482
X170.154_3.329,0.479518482
X486.097_2.773,0.724532416
X811.309_2.773,0.003579969
X223.056_2.398,0.479518482
X253.009_0.331,0.038077371
X858.584_3.362,0.420475453
X867.399_2.399,0.171088259
X339.032_2.412,0.729039626
X399.089_2.527,0.656708498
X335.059_2.522,0.420475453
X538.52_4.059,0.479518482
X222.147_2.554,0.099698552
X159.969_1.313,0.420475453
X102.092_0.611,0.656708498
X790.559_3.436,0.420475453
X552.331_2.608,0.479518482
X111.969_6.387,0.876698844
X258.111_0.302,0.981374913
X662.404_3.01,0.505995113
X382.295_2.86,0.65842082
X902.539_3.065,1
X900.524_2.999,0.479518482
X155.991_6.411,0.479518482
X102.092_0.737,0.479518482
X367.248_2.847,0.479518482
X123.045_0.997,0.887990774
X130.534_6.034,0.876698844
X156.011_2.394,0.324305909
X159.969_1.073,0.420475453
X102.092_0.892,0.479518482
X169.978_2.372,0.420475453
X138.996_6.048,0.420475453
X130.534_6.086,0.723736106
X159.969_1.021,0.420475453
X870.549_3.151,0.979623229
X131.975_2.015,1
X131.975_1.9,0.479518482
X127.98_0.372,0.546918253
X200.996_6.495,0.479518482
X774.564_3.587,0.479518482
X352.248_2.931,0.479518482
X154.991_6.397,0.526626542
X154.99_6.339,0.479518482
X154.99_6.076,0.479518482
X328.119_2.673,0.479518482
X110.021_6.438,0.656708498
X643.138_2.521,0.776680946
X307.004_2.393,0.420475453
X128.118_4.242,0.479518482
X788.616_3.614,0.40891673
X156.991_6.033,0.656708498
X152.995_6.44,0.479518482
X788.616_3.75,0.263412506
X131.975_6.684,0.491185983
X309_2.393,0.546918253
X131.975_6.925,0.702151158
X200.996_6.552,0.521160378
X200.996_6.663,0.420475453
X776.359_2.398,0.026644074
X921.611_2.399,0.033003665
X200.996_6.608,0.479518482
X819.433_2.399,0.165981678
X921.486_2.399,0.420475453
X152.995_5.959,0.479518482
X867.576_2.399,0.245886192
X111.969_6.564,0.479518482
X867.34_2.399,0.245886192
X344.229_2.208,0.479518482
X116.071_0.468,0.479518482
X819.489_2.399,0.407145446
X776.148_2.398,0.008310501
X114.092_0.517,0.401413572
X114.092_0.571,0.559328982
X121.064_5.008,0.702151158
X476.308_2.282,0.479518482
X200.996_6.916,0.420475453
X819.211_2.398,0.015821931
X107.061_4.761,1
X114.092_0.429,0.479518482
X109.023_6.436,0.698077024
X114.092_0.859,0.73664626
X116.071_0.411,1
X111.969_6.705,0.420475453
X114.092_1.158,0.278983933
X386.129_2.785,0.479518482
X114.092_1.494,0.538937826
X200.996_6.967,0.420475453
X921.674_2.399,0.407145446
X109.023_6.291,0.993124527
X159.969_0.92,0.420475453
X118.087_0.476,0.479518482
X118.087_0.407,0.704276837
X806.57_3.909,0.479518482
X336.326_3.423,0.263412506
X782.569_3.961,0.165981678
X372.244_2.75,0.656708498
X326.378_2.99,1
X782.57_4.015,0.099698552
X834.601_4.341,0.420475453
X358.228_2.703,0.420475453
X304.3_2.835,0.698077024
X760.586_5.601,0.250550289
X748.527_3.807,0.479518482
X834.601_4.227,0.401413572
X792.554_3.915,0.543618333
X530.289_2.929,0.004303121
X329.248_3.235,0.099698552
X703.574_3.778,0.479518482
X768.553_4.057,0.479518482
X766.537_3.827,0.401413572
X734.57_5.605,0.263412506
X572.372_2.972,0.420475453
X838.559_3.337,0.698077024
X438.298_2.957,0.479518482
X810.601_4.511,0.479518482
X814.559_3.371,0.656708498
X834.603_5.596,0.099698552
X1047.735_3.044,0.479518482
X784.584_4.164,0.479518482
X854.554_3.249,0.808690128
X480.345_2.967,0.479518482
X570.283_2.981,0.479518482
X530.325_2.96,0.20243754
X768.553_4.007,0.165981678
X256.227_3.318,0.03273213
X572.335_2.938,0.263412506
X792.553_3.906,0.479518482
X703.574_4.023,0.420475453
X1135.672_2.89,0.479518482
X620.437_2.993,0.479518482
X448.342_2.867,0.479518482
X854.554_3.321,0.165981678
X731.607_5.593,0.420475453
X576.411_2.999,0.420475453
X256.191_2.844,0.945720768
X532.385_3.004,0.420475453
X240.116_2.324,0.479518482
X822.564_3.588,0.420475453
X822.564_3.498,0.479518482
X870.548_3.337,0.479518482
X415.14_2.768,0.479518482
X353.146_2.624,0.479518482
X608.227_2.768,0.05965127
X708.489_2.982,0.479518482
X364.252_2.923,0.698077024
X377.195_2.868,1
X838.558_3.491,0.420475453
X714.471_3.247,0.420475453
X375.21_2.633,0.737751905
X122.072_3.63,0.797918223
X488.359_3.01,0.479518482
X866.59_3.576,0.420475453
X898.58_3.268,0.420475453
X319.299_3.424,0.401413572
X327.232_3.01,0.145653354
X385.165_2.771,0.420475453
X149.082_4.534,0.936414957
X506.288_2.93,0.420475453
X610.373_3.02,0.599621137
X874.579_3.277,0.479518482
X822.564_3.632,0.420475453
X752.515_2.977,0.479518482
X842.589_3.585,0.479518482
X852.538_3.349,0.420475453
X834.599_3.461,0.479518482
X724.527_3.883,0.479518482
X149.082_4.366,0.479518482
X836.543_3.349,0.479518482
X171.15_2.504,0.56617349
X846.549_3.324,0.479518482
X149.082_4.427,0.714456097
X866.59_3.462,0.420475453
X508.304_3.001,0.479518482
X149.082_4.314,0.698077024
X120.066_0.547,0.993124527
X343.286_3.884,0.479518482
X798.563_3.515,0.479518482
X798.563_3.548,0.479518482
X683.345_3.364,0.975991483
X638.403_2.987,1
X172.977_0.472,0.420475453
X828.551_3.874,0.479518482
X584.335_2.79,0.420475453
X117.103_0.539,0.650477195
X305.133_2.339,1
X444.332_3.016,0.479518482
X858.584_3.285,0.479518482
X590.322_2.887,0.099698552
X161.092_0.327,0.553579527
X257.223_2.565,0.208873682
X780.517_3.358,0.479518482
X149.082_4.27,0.831217231
X866.59_3.505,0.479518482
X701.558_3.565,0.479518482
X371.317_3.604,0.479518482
X874.58_3.338,0.479518482
X115.087_0.54,0.479518482
X879.255_2.556,0.453865481
X249.112_2.768,0.001218338
X307.173_2.826,0.66832177
X477.181_2.949,0.034672988
X728.405_3.36,0.420475453
X559.385_2.999,0.479518482
X634.408_3.14,0.420475453
X879.004_2.556,0.420475453
X131.975_6.769,0.741432609
X131.975_6.581,0.737751905
X650.404_3.146,0.479518482
X159.969_6.74,0.479518482
X798.563_3.612,0.479518482
X700.454_3.163,0.479518482
X796.512_3.324,0.479518482
X668.414_2.975,0.65052535
X343.227_2.907,0.479518482
X874.579_3.458,0.479518482
X736.476_3.119,0.479518482
X796.547_3.404,0.479518482
X798.563_3.38,0.479518482
X111.044_2.768,0.004458537
X820.549_3.427,0.479518482
X361.274_2.889,0.479518482
X452.277_2.851,0.420475453
X756.551_5.548,0.420475453
X542.288_2.784,0.698077024
X814.522_3.363,0.479518482
X364.358_3.275,0.45884459
X604.362_3.028,0.65052535
X796.542_2.973,0.479518482
X110.519_6.184,0.420475453
X558.283_2.723,0.429956939
X115.964_6.314,0.521160378
X110.519_6.086,0.479518482
X600.33_2.731,0.420475453
X912.467_2.871,0.420475453
X136.076_0.402,0.429956939
X177.131_2.673,0.479518482
X357.302_5.595,0.479518482
X524.278_2.709,1
X202.109_4.475,0.887990774
X353.352_3.526,0.479518482
X115.965_6.382,0.837233827
X251.037_0.323,0.420475453
X802.595_3.622,0.479518482
X111.092_4.28,0.75730033
X301.075_2.705,0.420475453
X111.092_4.227,0.479518482
X111.092_3.973,1
X111.092_4.073,0.656708498
X217.12_4.595,1
X138.103_4.297,0.479518482
X192.125_4.897,0.420475453
X192.125_4.414,0.479518482
X138.103_4.042,0.966700623
X122.072_3.691,0.663262678
X122.072_3.757,0.774785397
X192.125_4.643,1
X200.996_6.431,0.479518482
X211.001_2.403,0.420475453
X122.964_5.935,0.479518482
X759.637_3.774,0.479518482
X111.092_4.434,0.597001979
X112.087_3.966,1
X151.098_4.037,0.737751905
X151.098_3.979,1
X328.916_5.87,0.420475453
X192.125_5.305,0.420475453
X921.548_2.4,0.479518482
X921.736_2.399,0.364834506
X192.125_4.696,0.479518482
X819.155_2.399,0.222629826
X192.125_5.044,0.698077024
X158.986_5.846,1
X777.095_2.39,0.099698552
X867.517_2.399,0.068265216
X867.281_2.399,0.656708498
X810.601_3.669,0.724532416
X150.103_5.311,0.597001979
X192.124_4.305,0.479518482
X158.986_5.991,0.897105215
X136.087_3.719,0.992887017
X136.087_3.922,0.456541841
X776.095_2.398,0.065108495
X181.989_5.768,0.479518482
X737.441_2.398,1
X867.634_2.399,0.121441425
X159.969_0.964,0.420475453
X137.082_3.903,0.479518482
X737.491_2.399,0.401413572
X131.975_1.377,0.401413572
X180.022_5.741,0.420475453
X172.957_6.084,0.596643802
X213.983_5.986,0.401413572
X112.087_5.529,0.479518482
X102.092_0.5,0.724532416
X151.098_5.54,0.420475453
X102.092_0.665,0.420475453
X185.115_2.424,0.420475453
X102.092_0.844,0.737751905
X143.107_0.379,0.764195114
X117.028_5.695,0.479518482
X143.107_0.575,0.663262678
X388.255_2.24,0.479518482
X304.892_6.018,0.420475453
X145.99_0.378,0.401413572
X199.17_0.391,0.737751905
X123.044_2.031,0.420475453
X199.17_0.44,0.479518482
X100.076_0.584,0.831217231
X109.102_0.994,0.263412506
X199.17_0.612,0.479518482
X143.04_6.076,0.831217231
X109.102_1.532,0.420475453
X109.102_1.852,0.723137974
X185.154_0.582,0.479518482
X141.091_1.354,0.065108495
X109.102_1.247,0.878195537
X157.006_5.772,0.479518482
X199.17_0.757,0.479518482
X141.091_1.54,0.94006672
X141.091_1.257,0.05965127
X135.079_5.134,0.479518482
X117.028_5.813,0.420475453
X185.154_0.732,0.479518482
X127.076_1.913,1
X127.076_1.547,0.479518482
X127.076_1.87,1
X603.411_2.992,0.479518482
X113.964_6.036,0.479518482
X466.25_2.226,0.934295497
X380.993_2.164,0.420475453
X112.087_4.125,0.420475453
X458.23_2.165,0.401413572
X166.087_0.465,0.94437507
X596.356_3.046,0.479518482
X582.56_2.226,1
X706.399_2.251,0.420475453
X455.725_2.239,0.958710171
X449.738_2.229,1
X537.34_3.012,0.479518482
X426.484_2.164,0.491185983
X713.445_2.982,0.479518482
X510.584_2.174,1
X389.698_2.213,0.420475453
X443.633_2.199,0.663262678
X554.176_3.481,0.420475453
X420.899_2.103,1
X636.064_2.371,0.491185983
X156.991_6.135,0.479518482
X436.472_2.165,0.099698552
X153.114_3.835,0.975991483
X554.289_2.199,1
X636.387_3.051,0.420475453
X634.316_2.163,0.479518482
X635.813_2.371,0.737751905
X153.114_3.731,1
X309.242_3.027,0.479518482
X705.308_2.339,0.913390194
X650.978_2.339,0.479518482
X651.054_2.339,0.587489402
X705.058_2.339,0.845185552
X774.527_3.285,0.479518482
X854.553_3.251,0.452401903
X651.132_2.339,0.356019866
X882.585_3.363,0.479518482
X399.394_3.159,0.005469897
X769.153_2.339,1
X850.733_2.542,0.288189831
X769.244_2.339,0.479518482
X149.082_3.816,0.407145446
X277.216_2.921,0.479518482
X650.901_2.339,0.525727784
X769.062_2.339,0.479518482
X852.539_3.253,0.987998058
X769.335_2.339,1
X333.164_2.456,0.479518482
X914.576_3.148,0.479518482
X884.529_3.074,0.602011042
X902.538_3.013,0.479518482
X370.332_3.083,0.264732686
X900.523_3.027,0.479518482
X177.114_5.515,0.479518482
X868.534_3.116,0.639677937
X108.069_4.938,0.420475453
X886.544_3.107,0.521160378
X852.539_3.208,0.75730033
X700.373_3.36,1
X111.969_5.928,0.420475453
X114.092_6.41,0.889823737
X137.082_4.236,0.40891673
X138.103_3.729,0.479518482
X131.975_6.939,0.479518482
X177.114_4.153,0.479518482
X131.975_1.437,0.401413572
X131.975_1.336,0.420475453
X131.975_1.582,0.420475453
X131.975_1.622,0.479518482
X131.975_0.708,0.420475453
X131.975_0.913,0.420475453
X131.975_1.077,0.401413572
X131.975_0.799,0.401413572
X131.975_1.215,0.420475453
X131.975_1.273,0.401413572
X200.996_6.105,0.479518482
X131.975_1.032,0.401413572
X131.975_0.739,0.479518482
X117.103_0.478,0.660340077
X216.045_2.521,0.420475453
X203.015_2.391,1
X271.917_5.793,0.420475453
X174.999_5.806,0.420475453
X287.889_5.818,0.420475453
X212.02_2.391,0.479518482
X338.341_3.569,0.479518482
X172.977_6.331,0.479518482
X214.004_6.355,0.479518482
X127.076_1.363,0.464141993
X127.076_1.828,0.656708498
X155.107_6.981,0.401413572
X149.024_2.787,0.479518482
X130.087_0.452,0.065108495
X143.04_2.217,0.614311289
X125.071_0.362,0.420475453
X172.977_0.421,0.919203411
X170.096_1.127,0.479518482
X111.04_2.713,0.472540055
X115.076_0.943,0.556992012
X125.071_0.349,0.479518482
X115.076_0.738,0.420475453
X154.99_6.223,0.407119476
X113.964_5.942,0.420475453
X141.959_2.086,0.479518482
X103.956_3.65,0.420475453
X200.996_6.753,0.420475453
X200.996_6.378,0.420475453
X183.986_5.771,0.420475453
X155.991_5.971,0.479518482
X105.954_3.647,0.479518482
X158.986_6.161,0.981374913
X158.986_6.273,0.479518482
X140.082_5.513,0.420475453
X183.986_5.821,0.420475453
X111.969_6.946,0.420475453
X145.99_0.378.1,0.420475453
X183.986_5.851,0.479518482
X155.988_5.796,0.479518482
X194.022_5.955,0.420475453
X155.988_6.046,0.420475453
X194.022_6.031,0.420475453
X155.988_6.157,0.479518482
X119.026_5.842,0.479518482
X276.897_6.388,0.420475453
X119.026_6,0.479518482
X169.006_0.33,0.420475453
X146.98_5.481,0.479518482
X136.062_0.301,0.165981678
X225.135_0.478,0.807898666
X235.168_5.638,0.420475453
X111.056_1.049,0.479518482
X143.107_1.283,0.656708498
X115.076_1.45,0.420475453
X115.076_1.303,0.552858312
X143.107_1.396,1
X115.076_1.714,0.777516611
X115.076_1.212,0.797918223
X115.076_1.561,0.902177335
X115.076_1.94,0.420475453
X128.108_0.46,0.924122784
X369.352_3.929,0.479518482
X149.024_3.081,0.655982531
X143.04_2.417,0.166778165
X158.154_2.735,0.274810629
X309.242_3.204,0.479518482
X749.39_2.868,0.992887017
X782.568_5.56,0.479518482
X325.237_3.099,1
X758.571_5.594,0.165981678
X395.363_3.276,0.479518482
X500.277_2.717,0.420475453
X832.569_3.326,0.479518482
X584.335_2.714,0.479518482
X391.194_2.829,0.479518482
X397.181_2.866,1
X716.522_3.838,0.479518482
X335.222_2.829,0.479518482
X850.984_2.542,0.397692944
X870.549_3.116,0.479518482
X438.208_2.866,0.976654705
X846.549_3.166,0.420475453
X822.462_2.529,0.656708498
X376.319_3.155,0.479518482
X307.084_0.336,0.788557936
X772.511_3.33,0.479518482
X534.284_2.699,0.479518482
X669.941_2.258,0.479518482
X210.185_3.15,0.479518482
X219.138_2.854,0.981374913
X884.528_3.041,0.479518482
X254.248_3.555,0.479518482
X822.713_2.529,0.656708498
X327.228_2.699,0.139894061
X240.196_3.136,0.479518482
X523.3_2.941,0.479518482
X558.284_2.634,0.420475453
X742.538_3.842,0.479518482
X550.315_2.658,0.479518482
X343.286_5.593,0.479518482
X846.548_3.265,0.479518482
X332.295_3.04,0.263412506
X370.163_2.298,0.420475453
X261.221_3.104,0.099698552
X898.581_3.224,1
X440.338_3.277,0.656708498
X227.11_2.593,0.401413572
X850.482_2.542,0.259052924
X644.392_3.113,0.479518482
X870.549_3.217,0.263412506
X270.207_2.907,0.656708498
X882.585_3.443,0.479518482
X509.336_2.847,0.479518482
X683.346_3.414,0.548901362
X287.633_2.895,0.479518482
X209.055_2.25,0.479518482
X372.347_3.021,0.259483187
X179.063_2.255,0.420475453
X370.331_3.171,0.479518482
X127.013_2.258,0.479518482
X834.601_5.608,0.420475453
X506.255_3.172,0.014053407
X822.564_3.436,0.420475453
X511.375_3.109,0.479518482
X758.46_3.056,1
X776.411_2.398,0.020429434
X734.571_5.604,0.152601358
X737.541_2.399,0.479518482
X776.042_2.398,0.479518482
X737.591_2.4,0.420475453
X737.391_2.399,0.401413572
X703.574_3.965,0.401413572
X494.325_2.865,0.992887017
X921.861_2.4,0.420475453
X776.937_2.392,0.420475453
X195.994_5.715,0.488046326
X834.601_3.425,0.737751905
X834.601_3.517,0.479518482
X806.57_3.362,0.479518482
X683.846_2.364,1
X806.57_3.848,0.68126333
X806.57_3.256,0.479518482
X782.568_3.34,0.737751905
X366.3_3.034,0.724532416
X306.265_2.463,0.479518482
X362.327_2.694,1
X818.59_3.428,0.479518482
X838.559_3.424,0.263412506
X838.559_3.537,0.479518482
X818.59_3.603,0.479518482
X902.54_3.008,0.532337018
X489.228_3.175,0.479518482
X886.545_3.051,0.479518482
X343.286_4.002,0.479518482
X311.222_2.926,0.248372468
X902.539_3.116,0.479518482
X373.187_2.738,0.479518482
X907.526_2.579,0.200169858
X370.984_0.312,0.479518482
X907.276_2.579,0.185749006
X343.286_3.811,0.479518482
X159.969_6.632,0.479518482
X842.589_3.654,0.479518482
X746.387_2.343,0.724532416
X110.021_6.396,0.36502799
X814.559_3.446,0.420475453
X235.09_2.641,0.479518482
X709.936_2.18,0.03273213
X710.079_2.18,0.099698552
X746.471_2.343,0.479518482
X746.304_2.342,1
X732.445_3.057,0.656708498
X141.959_6.543,0.420475453
X546.28_2.319,1
X258.28_2.809,0.85525134
X109.023_6.388,0.735312834
X546.029_2.319,0.479518482
X918.534_3.025,1
X574.279_2.559,0.479518482
X427.133_2.772,0.479518482
X820.211_2.39,0.656708498
X878.754_2.555,0.420475453
X618.377_2.972,0.479518482
X777.148_2.391,0.263412506
X856.583_5.546,0.479518482
X806.57_4.101,0.420475453
X500.277_2.797,0.479518482
X409.257_2.779,1
X194.007_0.33,0.36502799
X166.087_0.347,0.420475453
X812.543_3.297,0.479518482
X440.338_2.763,0.03273213
X442.353_2.819,0.099698552
X777.043_2.391,0.364834506
X820.155_2.39,0.420475453
X916.519_2.98,0.647765191
X820.1_2.391,0.263412506
X820.322_2.391,0.479518482
X182.082_0.405,1
X776.99_2.391,0.479518482
X777.201_2.39,0.479518482
X820.267_2.391,0.698077024
X868.34_2.391,0.420475453
X399.251_3.057,0.698077024
X934.529_2.963,0.737751905
X820.044_2.391,0.479518482
X285.903_0.302,0.479518482
X801.815_2.767,0.05965127
X418.389_2.874,0.479518482
X736.44_3.005,0.479518482
X268.104_0.302,0.003585055
X830.553_3.314,0.420475453
X746.554_2.343,1
X666.399_3.04,1
X552.331_3.035,0.479518482
X130.534_6.153,0.659617284
X760.585_5.61,0.420475453
X280.264_3.159,0.000430125
X366.373_3.76,0.479518482
X782.569_4.084,0.420475453
X340.357_3.666,0.479518482
X321.315_3.572,0.479518482
X782.569_4.138,0.479518482
X786.602_5.6,0.121441425
X758.569_4.338,0.479518482
X774.564_3.449,0.479518482
X660.547_2.42,0.898426448
X774.565_3.634,0.479518482
X242.567_2.774,0.479518482
X236.163_2.635,0.099698552
X198.149_2.64,0.420475453
X830.571_3.706,0.401413572
X218.985_0.327,1
X110.02_5.98,0.479518482
X182.985_6.327,0.420475453
X328.916_6.068,0.479518482
X328.915_6.123,0.479518482
X328.916_5.996,0.420475453
X326.342_3.543,0.479518482
X109.023_6.094,0.759916619
X109.023_5.81,0.494977187
X109.023_5.957,0.548901362
X224.012_5.77,0.420475453
X224.012_6.075,0.479518482
X138.996_5.905,0.263412506
X138.996_5.988,1
X141.959_6.052,0.479518482
X138.996_6.184,0.479518482
X287.889_5.749,0.420475453
X287.889_5.906,0.420475453
X158.986_6.213,1
X130.534_5.797,0.479518482
X138.996_6.425,0.479518482
X326.921_5.763,0.479518482
X158.986_6.327,0.479518482
X130.534_5.853,0.420475453
X312.326_3.533,0.479518482
X115.964_6.221,0.479518482
X115.965_6.432,0.420475453
X110.519_6.297,0.479518482
X110.519_6.337,0.479518482
X180.022_5.8,0.479518482
X110.519_5.887,0.420475453
X110.519_6.131,0.479518482
X180.022_5.86,0.479518482
X115.965_6.486,0.788557936
X169.978_5.921,1
X122.964_6.155,0.420475453
X122.964_6.235,0.479518482
X115.965_6.536,0.479518482
X122.964_6.019,0.420475453
X195.994_6.449,0.420475453
X157.006_5.821,0.420475453
X117.028_5.965,0.479518482
X137_5.734,0.479518482
X312.326_3.494,0.05965127
X117.028_5.886,0.420475453
X137_5.829,0.479518482
X310.311_3.375,0.420475453
X324.327_3.455,0.043640784
X705.37_2.412,1
X703.575_3.896,0.401413572
X512.756_2.233,0.479518482
X854.553_3.58,0.479518482
X502.257_2.547,1
X462.227_2.432,0.479518482
X870.55_3.096,0.479518482
X790.56_3.318,0.479518482
X918.535_2.976,0.915760004
X816.573_3.512,0.479518482
X335.279_3.001,0.401413572
X822.564_3.545,0.479518482
X792.554_3.989,0.401413572
X792.554_4.114,0.479518482
X792.554_4.048,0.479518482
X792.554_4.169,0.479518482
X907.025_2.577,0.142487036
X621.445_2.18,0.165981678
X273.019_0.308,0.479518482
X830.554_3.264,0.420475453
X724.218_2.769,0.420475453
X599.241_2.765,0.001492752
X1273.605_3.33,0.479518482
X806.57_3.972,0.420475453
X584.336_2.769,0.054942503
X173.133_3.319,0.479518482
X158.922_0.307,1
X209.178_3.324,0.479518482
X272.222_2.735,0.656708498
X627.734_2.411,0.479518482
X660.346_2.421,0.479518482
X268.105_0.418,0.05965127
X353.191_2.187,0.420475453
X542.323_2.885,0.420475453
X308.091_0.335,0.479518482
X142.949_0.309,1
X112.087_3.698,0.420475453
X214.181_3.152,0.263412506
X399.395_3.27,0.479518482
X898.58_3.459,0.479518482
X307.084_0.436,0.420475453
X151.098_3.764,1
X392.978_0.309,0.479518482
X520.234_2.371,0.656708498
X211.079_2.765,0.420475453
X122.082_0.379,0.737751905
X415.641_2.768,0.420475453
X158.013_0.32,1
X810.601_5.6,0.479518482
X214.217_3,0.479518482
X553.328_2.259,0.479518482
X578.317_2.257,1
X634.86_2.297,0.479518482
X692.412_2.962,0.479518482
X730.883_2.408,0.479518482
X654.398_3.076,0.479518482
X752.391_2.819,0.479518482
X621.32_2.18,0.165981678
X361.201_3.016,0.420475453
X429.264_3.217,0.479518482
X528.411_2.98,0.887990774
X826.265_2.769,0.420475453
X572.437_2.978,0.479518482
X376.319_3.262,0.36502799
X273.254_2.711,0.479518482
X542.289_2.643,0.479518482
X806.571_4.266,0.479518482
X784.585_5.595,0.420475453
X128.018_0.344,0.766374063
X806.571_4.175,0.479518482
X705.329_3.357,0.420475453
X135.079_4.526,0.055449317
X524.278_2.733,0.581284806
X161.092_0.387,0.68126333
X140.082_3.551,0.639677937
X621.571_2.18,0.479518482
X828.258_2.181,0.479518482
X518.323_2.92,0.945720768
X740.522_3.75,0.479518482
X258.207_2.775,0.00045256
X650.403_3.014,0.401413572
X311.633_2.893,0.420475453
X648.424_3.067,0.899846474
X675.677_3.534,0.420475453
X827.271_2.769,0.420475453
X290.61_2.88,0.420475453
X493.315_3.011,0.479518482
X548.275_2.874,0.479518482
X558.283_2.791,0.420475453
X418.223_2.772,0.479518482
X400.159_0.337,0.420475453
X880.571_3.378,0.420475453
X301.115_0.413,0.479518482
X252.157_2.632,0.099698552
X408.309_3.31,0.912360026
X759.638_5.605,0.479518482
X352.306_2.997,0.396223132
X198.186_2.605,0.45884459
X242.175_2.774,0.420475453
X386.961_0.313,1
X242.212_2.726,0.729039626
X349.21_2.695,0.165981678
X332.219_2.219,0.505849433
X269.137_2.454,0.479518482
X263.091_2.771,0.03273213
X385.167_2.655,0.479518482
X458.348_3.097,0.479518482
X295.648_2.934,0.420475453
X182.588_2.711,0.420475453
X277.603_2.868,0.479518482
X122.072_3.9,0.479518482
X153.041_0.4,1
X263.081_2.818,0.333641519
X263.081_2.774,0.420475453
X756.55_5.552,0.479518482
X888.466_2.881,0.479518482
X374.303_3.249,0.4045437
X211.079_2.777,0.479518482
X688.455_3.234,0.401413572
X348.071_0.332,1
X255.142_2.716,0.479518482
X191.147_2.756,0.420475453
X788.618_5.596,0.420475453
X632.393_3.035,0.685121842
X564.366_3.017,0.420475453
X211.079_2.93,0.656708498
X771.373_2.866,0.698077024
X427.096_0.313,0.479518482
X276.603_2.867,0.479518482
X570.357_2.934,0.165981678
X758.571_5.632,0.479518482
X302.973_0.311,0.521160378
X566.324_2.875,0.479518482
X798.527_3.326,0.479518482
X425.137_2.77,0.808401401
X417.337_3.296,0.479518482
X834.602_3.204,0.420475453
X211.079_2.614,0.420475453
X276.02_2.431,0.479518482
X262.988_2.432,0.420475453
X234.993_2.429,0.479518482
X339.02_2.429,0.420475453
X211.079_2.691,0.420475453
X278.173_2.843,0.981374913
X425.136_3.511,0.420475453
X397.379_3.337,0.479518482
X922.674_2.39,0.479518482
X703.575_3.835,0.263412506
X834.601_4.284,0.420475453
X758.57_3.242,0.698077024
X161.1_2.439,0.420475453
X600.331_2.658,0.263412506
X666.435_3.08,0.68126333
X143.118_0.441,0.479518482
X217.12_4.979,0.420475453
X217.12_4.904,0.737751905
X318.241_2.972,0.479518482
X348.288_3.044,0.724532416
X209.984_0.329,0.479518482
X195.969_0.321,0.420475453
X806.57_4.031,0.420475453
X340.358_3.708,0.479518482
X303.232_3.087,0.420475453
X608.728_2.766,0.995033199
X240.196_2.725,0.166778165
X293.284_3.382,0.420475453
X275.935_0.337,1
X119.049_2.765,0.03273213
X806.571_5.597,0.479518482
X790.539_3.785,0.165981678
X286.996_0.312,0.479518482
X406.154_2.765,0.298085912
X302.112_2.27,0.479518482
X166.123_2.515,0.420475453
X834.601_5.541,0.479518482
X782.57_5.591,0.165981678
X177.958_0.325,0.420475453
X116.987_0.321,0.420475453
X200.984_0.333,0.479518482
X244.191_3.34,0.479518482
X354.285_2.925,0.479518482
X870.55_3.27,0.401413572
X190.109_3.821,0.479518482
X340.358_2.809,0.479518482
X455.218_2.769,0.420475453
X786.601_5.631,0.263412506
X810.601_3.752,0.479518482
X580.362_2.984,0.4045437
X114.092_1.016,0.479518482
X834.601_3.352,0.420475453
X834.601_3.632,0.656708498
X217.12_4.519,0.420475453
X551.356_3.082,0.479518482
X325.189_4.706,0.479518482
X325.189_4.51,0.479518482
X311.136_2.89,0.479518482
X284.163_5.628,0.606469877
X652.382_3.047,0.420475453
X157.086_1.02,0.698077024
X226.18_2.783,0.401413572
X259.19_2.795,0.479518482
X429.17_3.322,0.479518482
X334.31_3.357,0.479518482
X261.033_2.464,0.479518482
X263.03_2.464,0.479518482
X828.539_3.327,0.420475453
X279.205_2.564,0.656708498
X792.329_2.764,0.002578895
X257.152_5.623,0.656708498
X115.076_1.044,0.40891673
X115.076_1.141,0.479518482
X115.076_0.991,0.698077024
X115.076_1.662,0.94437507
X316.66_2.948,0.479518482
X354.337_3.264,0.655982531
X268.064_2.519,0.420475453
X528.311_2.928,0.774785397
X221.054_2.77,0.420475453
X354.112_2.768,0.420475453
X285.067_2.511,0.479518482
X234.957_0.346,0.479518482
X250.572_2.772,0.479518482
X792.829_2.765,0.897105215
X542.289_2.779,0.479518482
X305.132_2.346,0.479518482
X334.311_3.093,0.004458537
X748.529_3.775,0.263412506
X308.092_0.309,0.479518482
X808.585_5.595,0.420475453
X425.137_2.847,0.479518482
X132.52_0.301,0.479518482
X536.336_2.744,0.479518482
X678.471_3.342,0.479518482
X118.98_0.372,0.479518482
X292.162_0.309,0.572182856
X837.619_3.415,0.479518482
X614.37_2.762,0.479518482
X288.161_2.924,0.479058762
X131.501_0.339,0.479518482
X233.581_2.766,0.105835447
X430.223_2.768,0.03273213
X782.57_3.269,1
X806.57_3.303,0.479518482
X121.065_6.962,0.398342699
X121.065_6.872,0.037417032
X834.602_3.269,0.420475453
X806.57_3.157,0.479518482
X115.076_1.252,0.689937226
X758.57_3.585,0.479518482
X142.071_2.429,0.420475453
X256.3_2.819,0.491185983
X145.098_0.583,0.865664156
X136.097_0.524,0.479518482
X134.118_0.492,0.952794917
X161.092_0.615,0.440972096
X158.129_0.49,0.688370769
X134.118_0.421,0.75730033
X161.129_0.497,0.504634267
X490.819_5.635,0.420475453
X115.076_0.843,0.479518482
X837.619_3.538,0.479518482
X866.591_3.658,0.420475453
X746.461_3.116,0.737751905
X772.55_3.498,0.479518482
X856.584_5.565,0.479518482
X596.336_2.927,0.820059892
X374.304_3.316,0.663262678
X136.048_3.57,0.737751905
X602.344_2.984,0.152610278
X343.227_3.015,0.479518482
X163.109_0.48,0.479518482
X828.552_3.896,0.420475453
X546.354_3.034,0.420475453
X300.29_3.137,0.479518482
X814.15_2.341,0.479518482
X408.309_3.341,1
X321.316_3.545,0.178255475
X415.158_0.304,0.479518482
X449.288_3.013,0.479518482
X303.305_3.529,0.03273213
X161.093_0.654,0.077951097
X806.556_3.702,0.479518482
X834.601_3.709,1
X280.189_2.775,0.021255248
X783.355_2.862,0.433213739
X686.441_3.121,0.698077024
X638.404_3.065,0.868979778
X898.581_3.359,0.420475453
X771.647_3.321,0.420475453
X270.168_2.537,1
X261.946_0.314,1
X401.288_2.989,0.479518482
X170.154_3.24,0.263412506
X760.586_3.367,0.902177335
X221.06_2.218,0.797918223
X221.06_2.264,0.479518482
X223.057_2.227,1
X223.057_2.253,0.420475453
X223.057_2.26,0.479518482
X221.06_2.259,0.479518482
X174.602_2.709,0.029979144
X242.586_2.766,0.420475453
X254.094_2.768,0.143940545
X303.648_2.884,0.048765978
X282.624_2.875,0.794058049
X119.119_0.445,0.401413572
X122.082_0.534,0.144278748
X366.374_3.697,0.073330479
X385.347_3.403,0.208873682
X678.399_2.986,1
X157.134_0.442,0.979623229
X122.082_0.572,1
X143.118_0.451,0.374766659
X143.118_0.561,0.479518482
X148.097_0.52,0.264732686
X203.007_0.316,0.418523337
X228.125_5.568,0.420475453
X287.174_5.612,0.420475453
X336.169_5.622,0.420475453
X273.147_5.62,0.420475453
X277.142_5.61,0.420475453
X263.163_5.608,0.420475453
X315.205_5.607,0.479518482
X161.093_0.696,0.420475453
X251.037_0.336,0.420475453
X182.6_2.61,1
X296.259_2.971,0.000430125
X350.306_2.961,0.426669553
X368.317_3.315,0.03273213
X400.307_3.013,0.479518482
X307.084_0.362,0.808401401
X164.129_0.424,0.479518482
X764.524_3.729,0.36502799
X764.524_3.822,0.420475453
X312.158_5.646,0.420475453
X364.2_5.646,0.479518482
X341.185_5.648,0.420475453
X830.571_3.799,0.401413572
X149.129_0.462,0.595469478
X160.109_6.635,0.420475453
X682.364_3.313,0.37232957
X312.327_3.55,0.420475453
X399.771_5.729,0.479518482
X100.012_5.6,0.479518482
X254.094_2.766,0.401413572
X136.097_0.551,0.992777416
X114.517_5.984,0.479518482
X348.071_0.342,0.479518482
X145.134_0.499,0.663262678
X462.32_3.27,0.737751905
X368.39_3.869,0.099698552
X242.586_2.768,0.729039626
X659.288_3.313,0.165981678
X511.21_3.171,0.420475453
X828.54_3.256,0.656708498
X254.212_3.434,0.099698552
X233.581_2.765,0.27998379
X218.985_0.461,0.479518482
X143.118_0.616,0.887990774
X218.985_0.323,0.273112765
X158.013_0.317,0.479518482
X451.174_2.881,0.063594791
X664.465_2.982,0.479518482
X301.115_0.33,0.420475453
X198.186_3.308,0.892024106
X208.17_3.306,0.66832177
X191.144_3.306,0.464141993
X282.28_3.246,0.003169891
X175.145_0.441,0.420475453
X262.08_2.77,0.420475453
X147.113_0.484,0.420475453
X223.057_2.391,0.720844033
X221.06_2.19,0.491185983
X122.082_0.599,0.797918223
X209.178_3.301,0.257516331
X705.331_3.345,0.56359711
X293.973_0.324,0.479518482
X136.035_0.331,0.479518482
X811.31_2.767,0.000890588
X374.304_3.197,0.01949221
X195.969_0.326,0.479518482
X276.02_2.431.1,0.03273213
X234.994_2.476,0.479518482
X399.395_3.152,0.004402756
X237.163_3.548,0.479518482
X224.949_0.411,0.479518482
X705.142_2.34,0.099698552
X705.226_2.339,0.263412506
X226.181_3.394,0.479518482
X173.133_3.381,0.479518482
X270.91_2.538,0.479518482
X211.079_2.769,0.479518482
