"filename","MouseID","Treatmentgroup","DPI","organ","well_position","plate","X102.092_0.611","X105.07_2.767","X111.044_2.768","X114.092_1.761","X119.049_2.765","X122.082_0.534","X128.018_0.344","X130.087_0.452","X132.102_0.307","X136.062_0.301","X136.097_0.551","X137.046_0.35","X137.046_0.42","X141.091_1.54","X141.959_6.859","X142.027_0.328","X142.035_0.315","X150.059_0.3","X166.053_0.305","X172.134_2.343","X175.148_2.71","X192.125_4.643","X198.15_2.471","X200.165_3.207","X203.007_0.309","X214.181_2.634","X216.16_2.471","X226.181_2.61","X228.196_2.71","X230.176_2.586","X232.191_2.63","X236.163_2.635","X240.116_2.324","X242.212_2.78","X242.586_2.766","X249.112_2.768","X251.037_0.323","X256.227_2.847","X256.227_3.318","X256.264_3.225","X258.111_0.302","X258.207_2.775","X263.091_2.771","X263.2_2.895","X267.123_2.767","X272.222_2.957","X276.02_2.431","X277.216_3.018","X278.186_2.23","X278.248_3.1","X280.189_2.775","X280.263_3.169","X280.264_3.159","X281.102_2.768","X282.28_3.246","X285.133_2.768","X291.146_2.39","X295.227_3.017","X296.258_2.976","X296.259_2.971","X298.2_2.676","X300.199_2.264","X301.115_0.328","X301.115_0.413","X303.305_3.529","X303.648_2.884","X305.248_3.26","X306.279_2.989","X306.279_3.212","X308.295_3.045","X308.295_3.285","X311.221_2.932","X324.29_3.082","X324.327_3.455","X327.232_3.01","X333.063_2.524","X334.311_3.335","X345.243_3.095","X348.288_3.044","X351.217_2.741","X352.306_2.997","X352.321_3.187","X366.373_3.699","X368.316_2.962","X368.317_3.315","X369.17_2.767","X377.146_2.225","X380.993_2.164","X385.165_2.771","X386.717_2.856","X387.181_2.767","X387.192_2.843","X387.193_2.842","X396.332_2.991","X397.22_2.071","X399.394_3.159","X399.395_3.152","X400.342_2.89","X400.97_2.127","X404.207_2.768","X406.154_2.765","X409.162_2.768","X415.14_2.768","X416.337_2.79","X420.899_2.103","X425.136_2.773","X426.484_2.164","X428.205_2.248","X430.223_2.768","X430.223_2.769","X440.359_2.985","X444.332_3.016","X446.218_2.884","X448.342_2.867","X458.23_2.165","X466.25_2.226","X472.363_3.023","X475.989_2.164","X476.24_2.164","X484.385_2.982","X486.098_2.765","X488.359_3.01","X489.228_2.768","X494.325_2.865","X502.294_2.879","X506.255_3.172","X511.21_3.171","X516.39_3.018","X522.357_2.957","X528.311_2.928","X530.289_2.929","X532.385_3.004","X538.315_2.977","X544.34_2.89","X546.029_2.319","X560.416_3.006","X568.341_2.887","X570.357_2.934","X576.411_2.999","X580.362_2.984","X590.322_2.887","X596.357_2.948","X599.241_2.765","X602.344_2.984","X604.362_2.948","X604.442_3.001","X607.227_2.771","X608.227_2.768","X608.393_3.098","X616.308_2.766","X620.356_2.913","X620.437_2.993","X637.306_3.32","X648.468_2.995","X650.403_3.014","X650.978_2.339","X654.332_3.32","X664.419_3.086","X664.463_2.992","X666.433_3.092","X666.434_3.024","X668.414_2.975","X679.068_2.179","X682.363_3.329","X682.364_3.313","X690.434_3.14","X692.414_2.985","X696.443_3.1","X696.445_3.083","X705.141_2.339","X708.445_3.006","X708.489_2.982","X709.936_2.18","X720.445_3.09","X737.391_2.399","X748.439_2.944","X752.515_2.977","X764.524_3.729","X776.042_2.398","X776.095_2.398","X776.148_2.398","X776.253_2.398","X776.359_2.398","X776.411_2.398","X790.38_2.768","X792.329_2.764","X795.335_2.768","X801.313_2.768","X801.815_2.767","X811.309_2.773","X811.31_2.767","X819.211_2.398","X819.322_2.398","X819.378_2.399","X819.433_2.399","X867.281_2.399","X898.581_3.224","X268.105_0.35","X269.088_0.35","X293.211_2.933","X368.389_3.90","X440.337_2.765","X442.353_2.823"
"X631_Group15_142dpi_RA_191_G_C7_P124.mzXML",631,"Group15","142dpi","RA","C7","P124",0,0.005073863,5.44e-05,0.000178335,0,0,0,0,0.003121065,0,0,0.002771438,0.002843922,0,0.00057987,0,0.000265799,0.000350001,0,0.000148915,0.000631035,0,4.62e-05,0,0,0,4.02e-05,0.001986908,0.03146648,0,5.8e-05,0,7.17e-05,0.000146381,0,7.84e-05,0,0.000963608,0.000241637,0.001087256,0,0,3.92e-05,0.00019066,0,0.007077826,6.36e-05,0.000133185,0,0.001714028,0,0.002907878,0,0.000528705,0,0.001961325,0,0,0,0,0,0,0,0,0,0,7.95e-05,9.4e-05,0.00018056,0.003057109,0.002208623,0.000129094,0.000933761,0,0,0.000631035,0.001070201,0,3.02e-05,0,5.49e-05,0,0,0,0,0.001078729,0,7.65e-05,5.52e-05,0,0,0.000103632,0,7.58e-05,0,6.91e-05,0,0.001040355,0,0.025667779,3.75e-05,0.012791252,0,0.000460485,0,0.001240751,5.58e-05,0,0,0,8.09e-05,0,7.75e-05,8.47e-05,0,0.000154803,0,0.000275954,0.000379342,0.000141511,0,0,0.003990871,0,0,0,0,0,0,0,0,0,0,0.003385418,0,0,0.004690126,0,0,0,0,0,7.09e-05,0,0.000207512,0,0.00018418,0.000330624,0.005841338,0,0,0,0.002907878,0,0,0.000275364,0.000377497,0.000635299,0,0.000401065,0.001019036,0,0,0.000293959,0,0,0.000212486,0,0.000425274,0.000348825,0,0,0.000100021,0.000376689,0,0.000210854,0,0,0,0,0,6.5e-05,4.91e-05,0,0.00146673,4.49e-05,0.000831431,0.000209801,0,4.52e-05,0,0,5.89e-05,0,6.23e-05,0,0,0,3.65e-05,5.74e-05,0.000244055,8.5e-05,0.000110093
"X632_Group15_142dpi_RA_192_G_C8_P124.mzXML",632,"Group15","142dpi","RA","C8","P124",0.000106637,0.003574259,6.97e-05,0,0,0,0,9.32e-05,0.002640245,0,0,0.002096016,0,0,0.000437589,0,0.000332789,0.000360682,0,9.49e-05,0.000282359,0,6.46e-05,0.001290705,0,0,6.16e-05,0.001386313,0.019342186,0.000179822,6.27e-05,0,0,0.000120901,0,3.88e-05,0,0.000739122,0.000247026,0.001040654,0,0,0,6.44e-05,0.002927068,0.002357099,4.97e-05,8.45e-05,0,0.001651073,0,0.002533606,0,0.00059571,0,0.001603269,0,0.000514811,0.000386108,0,0,0,0,0,0,0,0.000111676,0.000126225,0.000175204,0.002695403,0.002430643,4.14e-05,0.000680286,0,0.000328507,0.001941573,0.001117875,0,0,0,3.95e-05,0.00415526,0.002625536,0.000145061,0,0.001022268,0,3.54e-05,0.000137607,0,0.07317671,7.81e-05,0,0.000101122,0,4.49e-05,0,0.002588764,0,0.023092952,0,0.005883555,0.000786925,0.000581001,0,0.000959755,0,0,0,0.002165884,5.72e-05,0,9.63e-05,0.000100878,0,8.68e-05,0,0.000247615,0.000238553,5.11e-05,0,0,0.002585087,0,0.002842492,0,0,0,0.003669867,0,0.000175653,0,0.000577324,0.003250664,0,0,0.004780388,0,0,0,0,0.003412462,0,0,0.000237924,0,7.7e-05,0.000470684,0.00481716,0,7.52e-05,0,0.003092543,0,0.000470684,0.000211575,0.000313392,0.000599387,0,0.00042288,0.000654545,0.000518488,0,0.000411849,0,0.000354607,0.00052952,0,0.00026785,0.000219089,0.000275505,0,4.78e-05,0.000316348,0,0.000312047,0,0,0,4.09e-05,4.11e-05,7.02e-05,5.71e-05,3.89e-05,0.001437794,0,0.000251153,0.000281101,0,0,0,5.3e-05,6.54e-05,4.63e-05,4.94e-05,0,0,0,6.01e-05,3.41e-05,8.78e-05,0.000196322,0.000187572
"X633_Group15_142dpi_RA_193_G_C9_P124.mzXML",633,"Group15","142dpi","RA","C9","P124",0.000338052,0.002872049,2.97e-05,8.21e-05,0,0,0,0,0.004857999,0,0,0.004197311,0,0,0.000236922,0,0.000470254,0.000575187,0,0,0.000349976,0.000222043,0,0,0,0,0,0.001368013,0.013446942,0,0,0,0.000310569,3.55e-05,0,3.7e-05,0,0.000435277,0,0,0,0,0,0,0,0.001904336,0,0.000594619,0,0.001675038,0,0.002343499,0,0.000489686,0,0.00091719,0,0,0,0,4.69e-05,0,0,0,0,0,0.000360297,0.000101989,0,0.001570105,0,0.000248229,0.000210231,0,0,0.000959941,0,0,0,9.78e-05,2.85e-05,0,0.001426309,0,0,0.000882213,0,7.02e-05,0,0,0,0.000156359,0,4.21e-05,0,3.77e-05,0,0.000858894,0,0.015817645,0,0.007306431,0,0.000699552,0,0.00111151,0,0,0,0,9.96e-05,0,0,0.000248654,0,7.21e-05,0,0.000200557,0.000293499,5.45e-05,0,0,0.001989836,0,0,0,0,0,0,0,0,0,0,0.009094174,5.12e-05,0,0.011464878,0,0,0,9.04e-05,0,0,0,0.000193401,0,5.02e-05,8.3e-05,0.003548283,0,0,0,0,0,0,0.000286033,0.000232873,0,0,0.000365202,0.000699552,0,0,0.0003347,0,0,0,0.000450822,0,0.000289185,0.000138896,0,0,0.000203429,0,0,0,0,0,0,0,0,0,0,0.001154261,0,0.000575187,6.37e-05,0,3.52e-05,0,0,0,0,0,0,0,0,0.000249958,0.000232965,0,0.000183272,0.000223563
"X634_Group15_142dpi_RA_194_G_C10_P124.mzXML",634,"Group15","142dpi","RA","C10","P124",0,0.003031433,0,0.000262292,0,0,0,0,0.004735448,0,0,0.003642939,0,0,0,0,0.000466087,0.000563034,0,4.98e-05,0.000581677,0.000285376,8.25e-05,0,0,0,3.7e-05,0.001946381,0.021850179,0,0,0,6.95e-05,9.81e-05,0,2.72e-05,0,0.000842686,0,0.000380327,0,0,0,0,0,0.000462359,9.29e-05,0.000213906,0,0.001759946,0,0.002822626,0,0.000477274,0,0.000827771,0,0,0,0,0,0,0,0,0,0,0.000341459,0.000156755,0,0.002662291,0.001364704,0.00017609,0.000697267,0,0,0.000484731,0,3.51e-05,0,2.97e-05,0,0,0.002535516,0,0,0.000786756,0,0.00018211,8.75e-05,0,0,0.000107214,0,0,0,0.000109509,0,0.001122339,0,0.012938587,0,0.005630336,0,0.000298651,0,0.000704724,0,0,0,0,3.68e-05,0,0,0.000202986,4.69e-05,0.000226101,0,0.000596592,0.00063015,0,0,0,0.001621984,0,0,0,0,0,0,0,0,0,0,0.007681121,0,0,0.01278944,0,0,0,3.96e-05,0,0,0,0.000387785,0,0,0.000106566,0.00570491,0,0,0,0,0,0,0.0001781,0.000361859,0,0,0.000451173,0.000503374,0,0,0.000652522,0,0,0,0.00037287,0.000113887,0.000262346,0,0,0,0.000200481,0,0,0,0,0,0,0,4.27e-05,3.41e-05,0,0.000652522,0,0.000304109,3.1e-05,6.01e-05,0,0,4.29e-05,4.62e-05,3.38e-05,5e-05,0,0.000134332,0,0.000241885,0.000165923,0.000229706,0.000203393,0.00022594
"X635_Group15_142dpi_RA_195_G_C11_P124.mzXML",635,"Group15","142dpi","RA","C11","P124",0.000280442,0.002593772,0,0.000105307,0.000100647,0,0,0,0.004186027,0,0,0.004303393,0.003865229,0,0.000532056,0,0.000735489,0.000422515,0,0.00019889,0.000492934,0,7.59e-05,0.001999122,0,0.001412295,6.91e-05,0.002112575,0.027346105,0,7.53e-05,0,0.00029454,0.000160051,0,3.34e-05,0.000399042,0.001013253,0.000198579,0.001658762,0.00031783,0,0,0.000107936,0.002155609,0.000198452,0.000100717,0,0,0.001768303,0,0.003024111,0,0.000426427,0,0.001064112,0,0.000258188,0.000657245,0,0,0,0,0,0,0,0.00013655,0.000127775,0.000252604,0.002922395,0.002593772,0,0.000766786,0,0.000261119,0.00219473,0.001193213,0,0,0,0,0.004577245,0.002597684,0.000119351,0,0.000692455,0,6.08e-05,6.69e-05,0,0.055552888,7.38e-05,0,4.1e-05,0,8.57e-05,0,0.000528144,0,0.017565667,0,0.005046706,0.000594651,0.000225743,0,0.000567265,4.16e-05,0,0,0.001490539,4.7e-05,0,0.000114913,7.19e-05,0,0.000138441,0,0.000295556,0.000311374,3.85e-05,0,0,0.00142012,0,0.002433373,3.6e-05,0,0,0.003990419,0,0.000481198,0,0.000579002,0.005085828,0,0,0.007002794,0.000302145,0,0,0,0.00237469,0,0,0.000289358,0,3.51e-05,0.000341052,0.005242315,0,3.31e-05,0,0.003552255,0,0.000285283,0.00012943,0.000335488,0.000758962,0,0.000335499,0.000496846,0,0,0.000344379,0,0.000323303,0.000232881,0,0.000191059,0.00019174,0.000143184,0,4.55e-05,0.000162345,0,0.00020382,0,0,0,0,0,6.44e-05,0,0,0.000966307,0,0.000237123,0.00016768,0,0,0,0,0.000127717,7.02e-05,0,0,0,0,0.000373464,0,5.88e-05,9.38e-05,0.000158833
"X716_Group15_142dpi_RA_216_G_E8_P124.mzXML",716,"Group15","142dpi","RA","E8","P124",0.000139993,0.002733185,6.13e-05,0.000115731,0,0,0,0.000113393,0.003734451,0,0,0.002868491,0.000519576,0,0.000468159,0,0.000340972,0.000538519,0,8.6e-05,0.000703592,0,0,0.000635939,0,0,0,0.003003797,0.027873074,0,0,3.06e-05,0.000203157,0.00018398,0,0.00011651,0,0.001025621,0,0.001052682,0,0,2.8e-05,0.000153513,0.001894287,0.002170311,0,7.53e-05,0,0.000882196,0,0.001534372,0,0.00043298,0,0.001006678,0,0.000373445,0.000395094,0,0,0,0,0,0,0,0.000207676,5e-05,0.000106399,0.001607437,0.001187988,8.7e-05,0.000554755,0,0,0.000368033,0.001001266,0,0,3.32e-05,0,0.002895552,0,9.96e-05,0,0.00086596,3.6e-05,2.59e-05,1.84e-05,0,0.056828597,7.7e-05,0,3.71e-05,0,3.08e-05,0,0.00121505,0,0.016344987,4.59e-05,0.008010126,0,0.000630527,0,0.000911964,0.000141702,0,0,0,3.86e-05,0,5.84e-05,0.000195155,2.96e-05,6.07e-05,0,0.000139388,0.000139759,3.49e-05,0,0,0.002949675,0,0,0,0,0,0.005168696,0,5.12e-05,0,0.000484396,0.005601676,0,0,0.008118371,0,0,0,4.01e-05,0,7.76e-05,0,0.000303086,0,0.000176714,0.000216645,0.005385186,0,5.82e-05,0,0.001902405,0,0.00023525,0.000250158,0.000148627,0.000538519,0,0.000357208,0.000630527,0,0,0.000135715,0,0.000251518,0.000308498,0,0.000552049,0.000311204,0,0,0,0.000215469,0,0.000266814,0,0,0,0,0,3.6e-05,3.45e-05,3.46e-05,0.001201519,0,0.00051687,0.000192241,0,5.97e-05,0,3.77e-05,5.18e-05,4.22e-05,4.08e-05,2.74e-05,0.000297674,0,0.000187399,5.05e-05,0.000213765,0.000357208,0.000330147
"X717_Group15_142dpi_RA_217_G_E9_P124.mzXML",717,"Group15","142dpi","RA","E9","P124",0,0.003065954,0,0,0,0,0,0.000341293,0.006140436,0,0,0.005330239,0,0,0.000904009,0,0.000656685,0.001185445,0,0.000107017,0.000652421,0,5.25e-05,0.001070312,0,0,4.97e-05,0.004161851,0.032194646,3.81e-05,0.000196075,0,0,6.71e-05,0,4.2e-05,0,0.000592723,0.00022819,0.000942386,0.000239232,0,0,0.000160136,0.001744054,0.000810196,0,0.001449825,0,0.001560694,0,0.002387947,0,0.000422732,0,0.001407183,0,0.004690611,0.000452004,0,0,0,0,0,0,0,5.94e-05,0.000125783,0.000117241,0.003117124,0.002179002,0,0.000635365,0,0.00155643,0.002460438,0.000912537,0,0,0,0,0.002673648,0.001586279,0,0,0.000801668,0,0.000243343,6.18e-05,0,0.062257196,0,0,0,0,6.89e-05,0,0.000486118,0,0.018336023,0,0.006694781,0.000452004,0.000216828,0,0.000861367,0,0,0,0.000788875,3.87e-05,0,0,6.14e-05,6.2e-05,0.000396254,0,0.001057519,0.001074576,3.22e-05,0,0,0.002234436,0,0.005244956,0,0,0,0.005671375,0,0.000173769,0,0.000363573,0.004861178,0,0,0.005543449,0.000159017,0,0,0,0.001970056,0,0,0.000112858,0,0,0.000258747,0.00387615,0,0,0,0.00289965,0,0,0.000290674,0.000123409,0.000486118,0,0.000366708,0.000878423,0.000388284,0,0.000511703,0,0.000143035,0.000289811,0,0.000239986,0.00031749,0.000257508,0,0.000129168,0.00010532,4.78e-05,0,0,0,0,0,7.88e-05,7.95e-05,6.91e-05,7.99e-05,0.001287786,0,0.000394602,0.000196492,0.000106613,0,0,6.66e-05,0.000167479,8.13e-05,9.64e-05,0,0,0,0.000840848,0.000584194,6.03e-05,0.000111227,7.48e-05
"X718_Group15_142dpi_RA_218_G_E10_P124.mzXML",718,"Group15","142dpi","RA","E10","P124",0.000206877,0.002818523,2.48e-05,0.000115493,0,0,0,0,0.004052579,0,0,0.00414399,0.003412698,0,0.000825751,0,0.000326035,0.000539328,0,0.000105155,0.000399164,0.000377834,6.08e-05,0.00184956,0,0,5.4e-05,0.001282809,0.019531601,0,5.47e-05,0,4.8e-05,0.000111805,0,3.15e-05,0,0.000856222,0.000377834,0.00110608,0.00010254,0,0,0.000125628,0.002309665,0.00052714,7.57e-05,5.61e-05,0,0.001578373,0,0.002391936,0,0.000414399,0,0.001249291,0,0.000344317,0.000420493,0,0,0,0,0,0,0,0.000163769,9.49e-05,0.000214603,0.002364512,0.002059807,0,0.000420493,0,0.000350411,0.001727678,0.00139555,0,0,0,3.07e-05,0.002931264,0.001642361,5.89e-05,0,0.000813563,0,9.63e-05,5.17e-05,0,0.053323404,0.00013116,0,4.56e-05,0,0,0,0.001398597,0,0.016454079,0,0.005637046,0.000612457,0.000801375,0,0.000591128,0,0,0,0.001279762,7.97e-05,0,6.24e-05,0.0001956,3.02e-05,7.41e-05,0,0.000329082,0.000353458,3.5e-05,0,0,0.002099419,0,0.003656462,0,0,0,0.003930697,0,0.000649022,0,0.00044487,0.005179988,0,0,0.007617629,0,0,0,2.69e-05,0.001989725,0,0,0.000239102,0,3.62e-05,0.000463152,0.002970875,0,3.3e-05,0,0.002815476,0,0.000214528,0.000212167,0.00031994,0.000600269,0,0.000316893,0.000554563,0.000186909,0,0.000282272,0,0.000275227,0,0,0.000162512,0.00021564,0.000106957,0,4.81e-05,0.000121044,0,0.000105173,0,0,0,0,5.86e-05,0.000117752,0,4.13e-05,0.001212727,0,0.000365646,0.000161861,0,0,0,5.8e-05,0.000144997,0.000109035,6.8e-05,0,0,0,0.000304705,0,9.07e-05,0.000153912,0.000246376
"X719_Group15_142dpi_RA_219_G_E11_P124.mzXML",719,"Group15","142dpi","RA","E11","P124",0,0.00457547,5.82e-05,0.000238461,0,0,0,0,0.003638262,0,0,0.001674338,0.000491005,0,0.000573908,0,0.000179428,0,0,7.16e-05,0.00073713,0.000223741,7.99e-05,0,0,0,0,0.002558893,0.030906799,0,0.000116196,0,0,0.000139179,0,6.47e-05,0,0.000953004,0,0,0,0,4.54e-05,0,0,0.001700664,0,0.001884946,0,0.001600625,0,0.003043293,0,0.000831904,0,0.001411077,0,0,0,0,0.00011013,0,0,0,0,0,0.000128155,0.000196243,0,0.003285493,0,0.000589704,0.000558113,0,0,0.002185063,0,0,0,0.000128105,0,0,0,0,0,0.001374221,0,0.000123962,6.2e-05,0,0,0.000167739,0,6.6e-05,0,0.000188491,0,0.000186395,0,0,0,0.011425512,0,0.000522592,3.34e-05,0.001195203,0,0,0,0,7.79e-05,0,5.34e-05,5.08e-05,0,0.000161626,0,0.000584439,0.000573908,0.000152378,0,0,0.002490446,0,0,0,0,0,0,0,0,0,0,0.00668682,0,0,0.007108037,0,0,0,4.84e-05,0,0,0,0.000223873,0,6.41e-05,0.000160998,0.003201249,0,0,0,0,0,0,0.000110652,0.000327036,0,0,0,0.00112149,0,0,0.000509547,0,0,0,0.000218922,0,0.00012348,0,0,0,0.000104397,0,0,0,0,0,0,0,0,0,0,0.001695398,0,0.000710804,0.000119741,0,5.8e-05,0,0,0,0,0,0,0,0,0,0.000995125,0,7.09e-05,9.62e-05
"X720_Group15_142dpi_RA_220_G_E12_P124.mzXML",720,"Group15","142dpi","RA","E12","P124",0.000215532,0.003661778,0,0,0,0,0,0,0.005065872,0,0,0.00581431,0,0,0,0,0.000477116,0.000499481,0,0.000179,0.000859776,0,7.25e-05,0,5.05e-05,0,0,0.003241168,0.037545596,0,4.9e-05,0,0.000234785,0.00025806,0,0,0,0.001336054,0,0,0,0,0,0,0,0.000655656,0,0.000269456,0,0.001880373,0,0.00248036,0,0.000480968,0,0.000952557,0,0,0,0,0,0,0,0,0,0,6.54e-05,0.000161703,0,0.003278281,0,0.000109288,0.00078555,0,0,0.001181418,0,0,0,0,0,0,0.001144306,0,0,0.000797921,0,0.000141153,0,0,0,0.000266218,0,0,0,6.13e-05,0,0.000204065,0,0,0,0.008288484,0,0.00055566,0,0.001280385,9.73e-05,0,0,0,0,0,0,0.000140043,0,0.000185377,0,0.000607433,0.000649471,0,0,0,0.001385538,0,0,0,0,0,0,0,0,0,0,0.00723696,0,0,0.014288357,0,0,0,5.83e-05,0,0,0,0.000422574,0,0,0.000100457,0.004230838,0,0,0,0,0,0,0.000122623,0.000162302,0,0,0.000158678,0.000502196,0,0,0.000499267,0,0,0,0.000189622,0,0.000156512,0,0,0,0,0,0,0,0,7.08e-05,6.88e-05,0.000174862,0.000182814,0.000176154,0.000120401,0.000884517,0,0.000401991,0,0,0,0,0.000128695,0.000167428,0.000181235,0.000151741,8.28e-05,0,0,0.000407332,0.000120095,0,0.000302075,0.000263369
"X801_Group15_142dpi_RA_241_G_G9_P124.mzXML",801,"Group15","142dpi","RA","G9","P124",0,0.005094829,4e-05,0.000145119,0,0,0,0.000148825,0.004180617,0,0,0.004951983,0,0,0,0,0.000519006,0.000585667,0,0.000200881,0.000757082,0,0.00012549,0.001152288,0,0.001147527,9.96e-05,0.003442581,0.03699703,0,0.000199257,0,0.000277428,0.000390194,0,6e-05,0,0.001304657,0,0.000838028,0,0,4.23e-05,0.000101846,0.004204424,0.00203317,0.000101089,0,0,0.001837948,0,0.002561699,0,0.000890405,0,0.002261723,0,0.000362664,0.000723751,0,0,0,0,0,0,0,8.55e-05,0.000176643,5.99e-05,0.003266404,0.000804697,0,0.00065709,0,0.000378427,0.000733274,0.000260218,0,0,0,0,0,0.000885643,8.67e-05,0,0.001580825,0,0,0,0,0.094278146,0.00018979,0,0,0,5.29e-05,0,0.000699944,0,0.028092983,0,0.012427574,0.000413995,0.00106182,0,0.00149988,0,0,0,0.000407135,4.81e-05,0,4.99e-05,0.00021228,0,0,0,0.000157147,0.000163224,0,0,0,0.003342589,0,0.003223551,0,0,0,0.004761523,0,0.000310186,0,0.000647567,0.006666132,0,0,0.013713185,0,0,0,4.2e-05,0.003090228,0,0,0.000416825,0,4.22e-05,0.000245173,0.003833026,0,0,0,0.002833106,0,0,0.000196869,0.000351363,0.000695182,0,0.000542814,0.000355402,0.000480914,0,0.000514244,0,0.000185746,0.000552337,4.75e-05,0.00010482,0.000223801,0.000263594,0,0,5.42e-05,0,0.000185824,0,0,0,0,0,0,0,0,0.001504641,0,0.000614236,0.00017288,0.000191363,5.31e-05,0,0,0,0,7.84e-05,0,0,0,0.000409131,0,0,0.000256049,0.000289635
"X802_Group15_142dpi_RA_242_G_G10_P124.mzXML",802,"Group15","142dpi","RA","G10","P124",0.000225932,0.003310952,0,0,0,0,0,4.1e-05,0.004729932,0,0,0.006837328,0,0,0,0,0.000749296,0.00044597,0,0.000235471,0.000889789,0.00034537,0.000117087,0.002556973,0,0.002847325,9.35e-05,0.004523876,0.04121129,0.000289372,0.000146796,3.85e-05,0.000280935,6.53e-05,0,3.94e-05,0.000707148,0.000782078,0.000298703,0.000894472,0.000348474,0,0,5.34e-05,0.001863874,0.000196635,0,3.4e-05,0,0.001859191,0,0,0.002500776,0.000274257,0,0.00128317,0,0.000288935,0.000482359,0,5.13e-05,0,0,0,0,0,7.94e-05,0.000126206,0.000149187,0.003104896,0.001437712,0,0.000960036,0,0.0002596,0.002430529,0.000585388,0,0,0,0,0.004285037,0.002079297,4.41e-05,0,0.00060412,0,0,0,0,0.052450732,0,0,0,0,0.000158652,0,0.00052919,0,0.01437712,0,0.004608171,0.000172664,0.000292023,0,0.000552606,0,0,0,0.000455422,0,0,0,8.41e-05,0,0.000150289,0,0.00032677,0.000339098,0,0,0,0.00087574,0,0.001699966,0,0,0,0.00303465,0,0.000107759,0,0.000351196,0.002674051,0,0,0.003399931,0.000124581,0,0,0,0.001699966,0,0,5.73e-05,0,0,6.59e-05,0.004870425,0,0,0,0.003694967,0,0.000315451,0.000220156,0.000282019,0.000791444,0,0.000447993,0.000622852,0.000110077,0,0.00052919,0,0.000139906,0,0,0.000188552,0.000285606,0.000177957,0,0,0.000253005,0,0,0,0,0,0,0,0,0,0,0.000561972,0,8.2e-05,0,0,0,0,0,0,0,0,0,0,0,0.000730564,0,8.62e-05,6.29e-05,0.000126169
"X803_Group15_142dpi_RA_243_G_G11_P124.mzXML",803,"Group15","142dpi","RA","G11","P124",0.000320144,0.007630633,0,0.000315469,0,0,0,0,0.005968317,0,0,0.004426168,0.002343265,0,0,0,0,0,0,0.000557134,0.00134187,0.001151605,0.000384936,0,0,0,0.00027195,0.004566363,0.05427563,0,0.000210142,0,0,0.00034346,0,0,0,0.001892637,0,0.00023799,0,0,0,0,0,0.001091521,0.00031522,0,0,0.003414758,0,0.005637856,0,0.001081507,0,0.00177247,0,0,0,0,0,0,0,0,0,0,0,0.000417517,0,0.006929656,0,0,0.00177247,0,0,0.000867803,0,0,0,0,0,0,0.00051976,0,0,0,0,0,0.00013715,0,0,0.000407394,0,0,0,0.000347228,0,0.0012918,0,0,0,0.013719117,0,0.000167016,0,0.001351884,0,0,0,0,0,0,0,0,0,0,0,0,0,0,0,0,0.003074284,0,0,0,0,0,0,0,0,0,0,0.005347451,0,0,0.004806698,0,0,0,0,0,0,0,0.000208798,0,0,0.000272253,0.006529098,0,0,0,0,0,0,0,0,0,0,0.00061432,0.000681208,0.000417653,0,0.000836206,0,0,0,0.000138362,0,0.000229432,0,0,0,0,0,0,0,0,0,0,0,0,0,0,0.001221702,0,0.000494967,9.29e-05,0,0,0,0,0,0,0,0,0,0,0,0,0,0,0
"X804_Group15_142dpi_RA_244_G_G12_P124.mzXML",804,"Group15","142dpi","RA","G12","P124",0,0.002443795,0,0.000187019,4.39e-05,0,0,4.61e-05,0.003874889,0,0,0.006418528,0,0,0.000832031,0,0.000846295,0.000551518,0,0.000211729,0.000808259,0.000264587,4.48e-05,0.00169259,0,0.002529376,0,0.003099911,0.04179175,0,0,0,0,0.000235133,0,0,0.000708415,0.001345514,0,0.000760714,0.000223283,0,0,0.000106883,0.001835224,0.000414769,0.000142729,4.5e-05,0,0.001645045,0,0.002557902,0,0.000241869,0,0.000741697,0,0.000427271,0.000627589,0,0,0,0,0,0,0,0,0.000149672,0.000105731,0.003142702,0.001250424,0,0.000903348,0,0.000372595,0.001854241,0.000410895,0,0,0,0,0.00471643,0.001084018,0.0001342,0,0.000410687,0,0,3.38e-05,0,0.043883714,8.62e-05,0,0,0,7.83e-05,0,0.001316987,0,0.013597771,0,0.00333288,0.000321321,0.000284138,0,0.0004273,0,0,0,0.000836786,0,0,0,5.87e-05,0,6.89e-05,0,0.000222795,0.000229822,0,0,0,0.000513482,0,0.002258371,0,0,0,0.004055559,8.94e-05,0.000193539,0,0.000594308,0.004141139,0,0,0.004944644,0.000106958,0,0,0,0.002828907,0,0,0.000221702,0,0,9.48e-05,0.005467635,0,4.75e-05,0,0.003256809,0,0,0.000229643,0.000246349,0.000656116,0,0.000386374,0.000556272,0.000297928,0,0.000594308,0,0.000143589,0.000439004,0,0.000177649,0.000276163,0.000208388,0,3.86e-05,0.000184825,0,0.000158999,0,0,0,0,6.75e-05,0,0,0,0.000480201,0,6.54e-05,5.1e-05,0,0,0,0.00014563,8.08e-05,7.99e-05,0,0,0,0,0.001255179,0,0,7.53e-05,8.94e-05
"X805_Group15_142dpi_RA_245_G_H1_P124.mzXML",805,"Group15","142dpi","RA","H1","P124",0.001069529,0.001389545,0,0.000489357,0,0,0,0.000410903,0.006130843,0,0,0.011116364,0,0,0.000431841,0,0.001271645,0.000563494,0,0.000638603,0.001920099,0,0.000559945,0,0,0.003461231,0.000364244,0.009095207,0.084214875,0.000325023,0.000221401,0,0,0.000163575,0,0,0.000614368,0.001600083,0,0.000577733,0.000348632,0.001136901,0,7.41e-05,0.001103215,0.00051802,0.000211777,0,0,0.004362331,0,0,0.005583446,0.000188945,0,0.000513615,0,0.000474305,0.001035843,0,0.000145968,0,0,0,0,0,0.00014674,0.000299227,0.000102933,0.005802405,0.001339017,0,0.000917942,0,0.000441478,0.005398174,0,0,0,0,0,0.003520182,0.000371881,7.06e-05,0,0.000289052,0,0,0,0,0.042949586,0.000136168,0,0,0,0.000287759,0,0.000259154,0,0.014148099,0,0.004774983,0.000131409,0.00026715,0,0.000342801,0,0,9.82e-05,0.00024195,0,0,0,9.69e-05,0,0,0,0,0,0,0,0,0.000446688,0,0.003191744,8.29e-05,0,0,0.003393859,0,0.000241665,0,0.000273739,0.004682347,0,0,0.005970835,0.000163349,0,0,0,0.001760091,0,0,8.87e-05,0,0,0,0.004143372,0,0,0,0.005482388,0,0.000106209,0.000153026,0.000323604,0.000548535,0,0.000333155,0.000624771,0.000109056,0,0.00065092,0,0,0,0,9.09e-05,0.000195259,0,0,0,0,0,0,0,0,0,0,9.91e-05,0.000115532,8.28e-05,0,0.000384515,0,0,0,0,0,0,0.000124005,0.000175332,0.000159489,0.000113205,0,0,0,0.002442231,0,0,0.000141645,0.000172591
"X511_Group1C_142dpi_RA_161_G_A1_P124.mzXML",511,"Group1C","142dpi","RA","A1","P124",0,0.001547501,0,0.000170569,0,0,0,0.000147531,0.00450646,0,0,0.01024582,0,0,0.000599444,0,0.000705729,0.000829019,0,0.000321805,0.000773751,9.04e-05,0.000103731,0.001823841,3.43e-05,0.001785579,8.55e-05,0.002338258,0.036604361,0,7.4e-05,0,6.11e-05,0.000194113,0,0,0,0.0009268,0,0.000965063,0,0,0,0,0.001432714,0.013859491,0.000335473,0,0,0.002988718,0,0.004242875,0,0.000140217,0,0.000735488,0,0.000343448,0.000607947,0,0,0,0,0,0,0,5.76e-05,0.000198078,0.000312255,0.00391977,0.002682619,0,0.000650461,0,0.000208505,0.000901292,0.000697226,0,0,0,0,0.003405353,0.001118112,0.000111103,0,0.000235905,0,0,0,0,0.029079423,0.0002096,0,0,0,0.000136392,0,0.000119182,0,0.00990571,0,0.002678368,0.000326413,0.000161613,0,0.000157741,0,0,0,9.13e-05,6e-05,0,0,0.000105932,0,0,0,0,0,5.67e-05,0,0,0.000233299,0,0.002108683,0,0,0,0.00450646,0,0.000288245,0,0.000368498,0.004463946,0,0,0.009310517,0.000450646,0,0,0,0.001479479,0,0,0.000206771,0,0,8.67e-05,0.003668939,0,0,0,0.004548974,0,0,0.000109873,0.000429389,0.000352534,0,0.000195388,0.000425138,0.000156645,0,0.000799259,0,9.76e-05,0.00016196,0,0.000103681,0.000144696,0,0,0,0,0,0,0,0,0,0,0,4.75e-05,0,0,0.000261922,0,4.85e-05,0,0,0,0,4.43e-05,5.14e-05,4.95e-05,0,0,0,0,0.000905543,0,0,0,5e-05
"X512_Group1C_142dpi_RA_162_G_A2_P124.mzXML",512,"Group1C","142dpi","RA","A2","P124",7.85e-05,0.001154007,0,0.000134725,2.2e-05,0,0,0,0.007304182,0,0,0.006245212,0.006272365,0,0.000667966,2.38e-05,0.000312261,0.001257188,0,0.000225173,0.000323122,0,0,0.000991088,0,0.000980227,0,0,0.017269368,5.49e-05,0,0,0,0.000106802,0,0,0,0.000627236,0.000193652,0.001439114,5.43e-05,0,0,0.000293253,0.001020956,0.010100951,7.93e-05,0.000274246,0,0.001545011,0,0.00245464,0,0.000174553,0,0.000437165,0.000418158,0.001048109,0.000657105,0,0,0,0,0,0,0,0.000250521,0.000106221,0.000264241,0.002256422,0.002905381,0.000197962,0.000692404,0,0.000551208,0.001042679,0.001417392,0,0,2.85e-05,2.48e-05,0.004751792,0.002291721,0.000140401,0,0.000271531,0.000155302,8.15e-05,0,7.59e-05,0.02422056,9.06e-05,0,7.42e-05,0,2.48e-05,0,0.001452691,0,0.008336,0,0.001984891,0.000263701,0.000648959,3.22e-05,0.00035299,0.000121239,0,0,0.000431734,8.7e-05,0,0,0.000320407,0.000195639,0.000429019,0,0.000407296,0.000461603,8.46e-05,0,0,0.000314976,0,0.004697485,2.49e-05,0,0,0.006896886,0,0.00030683,0,0.000510478,0.009938033,7.72e-05,0,0.015341498,0,0,0,3.91e-05,0.002522522,0,0,0.000431734,0,0,0.000112165,0.003204065,0,9.74e-05,0,0.002362319,0,0.000162801,0.000578361,0.000331268,0.000418158,0,0.000257475,0.000216152,0.000540347,2.36e-05,0.000293253,0,0.000100706,0.000518624,0,0.000323122,0.000591937,0.000301399,0,3.06e-05,0.000227854,0,0.000287823,0,0,0,3.87e-05,4.24e-05,5.45e-05,8.86e-05,3.42e-05,0.000388289,0,8.53e-05,0,0,0,0,5.23e-05,9.56e-05,6.17e-05,5.54e-05,3.43e-05,0,0,0.000208712,0.0002111,0,0.000199017,0.000331268
"X513_Group1C_142dpi_RA_163_G_A3_P124.mzXML",513,"Group1C","142dpi","RA","A3","P124",7.03e-05,0.00091818,0,9.74e-05,0,0,0,0,0.006154024,0,0,0.002806235,0,0,0.000273239,0,0.000283085,0.001006798,0,5.81e-05,0.00029047,0,2.77e-05,0.000696636,0,0.0010708,2.39e-05,0.001582815,0.014892738,2.71e-05,0.000102371,0,0,0,0,0,0,0.000273239,0.0002757,0.000979721,0,0,0,0.000107585,0.000676943,0.002343452,4.37e-05,0.001622201,0,0.001319423,0,0.001796975,0,0.000119823,0,0.00035201,0,0.00516938,0.000288008,0,0,0,0,0,0,0,9.2e-05,9.41e-05,0.000153809,0.001796975,0.00315086,0.000923104,0.000598171,0,0,0.000969874,0.001597585,0,0,0,0,0.003249325,0.003692414,0.000115102,0,0.000189098,0.00015993,0.000364318,0,0,0.018068214,8.22e-05,0,2.12e-05,0,3.85e-05,0,0.000273239,4e-05,0.005317077,0,0.00157543,0.000139405,0.000398781,0.000166031,0.000246161,0.00016601,0,0,0.00011537,0,0,0,2.95e-05,0.000339702,0.00071879,0,0.001252959,0.001331731,0,0,0,0.000329856,0,0.003938575,0,0,0,0.007163284,0,0.000175617,0,0.000359395,0.003200092,2.31e-05,0,0.004332433,0,0,0,0,0.00194221,0,0,0.000135085,0,0,3.19e-05,0.003618566,0,2.99e-05,0,0.00166651,0,6.29e-05,0.000285547,9.9e-05,0.000329856,0,0.000337241,0.000411089,0.000440628,3.14e-05,0.000159482,0,0.000219422,0,0,0.000329856,0.000251084,0.000315086,0,0,0.000265854,0,3.66e-05,0,0,0,0,0,1.96e-05,0,0,0.000236047,0,3.87e-05,0,0,0,0,0,0,0,0,0,0,0,3.73e-05,0.000800023,9.65e-05,2.85e-05,7.15e-05
"X514_Group1C_142dpi_RA_164_G_A4_P124.mzXML",514,"Group1C","142dpi","RA","A4","P124",0,0.002765863,0,0.000106981,0,0,0,0,0.006276381,0,0,0.005531725,0,0,0,0,0.000438326,0.001101026,0,0.000203878,0.000520759,0,0.000178821,0,0,0,0.000134044,0.001281871,0.020584401,0,5.32e-05,0,0,4.26e-05,0,0,0,0.000776569,5.45e-05,0,4.45e-05,0,0,0.000240791,0.002180776,0.001239319,6.23e-05,0,0,0.002510552,0,0.003951992,0,0.000486284,0,0.000808483,0,0.000324787,0.000702104,0,0,0,0,0,0,0,0.000211959,0.000236794,0.00037315,0.004010501,0.001808449,0,0.000808483,0,0,0.000734017,0.00067019,0,0,0,0,0,0.001372293,0,0,0.000723379,0,0,0,0,0.051913116,0.000162468,0,5.2e-05,0,0.000174901,0,0.000585086,0,0.012127244,0,0.004648777,0.000269031,0.000368998,0,0.000601043,0,0,0,0.001106345,0,0,0,0.000133645,0,4.78e-05,0,0.000143751,0.000129427,5.13e-05,0,0,0.001202086,0,0.003329673,0,0,0,0.004999829,0,0,0,0.000569129,0.006914657,0,0,0.012605951,0,0,0,0,0.003515837,0,0,0.000208698,0,0,5.51e-05,0.004866855,0,0,0,0.003164785,0,0,0.000152295,0.000294417,0,0,0.000394875,0.000432166,0.000441986,0,0.000643595,0,0.000199862,0,0,0.000424274,0.000248496,0,0,0,0.000203192,0,3.97e-05,0,0,0,0,0,0,0,0,0.000622319,0,0.000231282,0,0,0,0,0,0,0,0,0,0,0,8.88e-05,0,0,5.11e-05,5.46e-05
"X515_Group1C_142dpi_RA_165_G_A5_P124.mzXML",515,"Group1C","142dpi","RA","A5","P124",0.000348766,0.002092311,0,0,0,0,0,0,0.005380229,0,0,0.009564851,0.005699057,0,0.000992353,0,0.000864822,0.000876778,0,0.000211855,0.000577876,0,0.000155804,0.001450669,6.27e-05,0.002044487,0.00014044,0.002482876,0.031643715,0,0.00018788,0,6.63e-05,7.17e-05,0,0,0.000402521,0.000705408,0.000116401,0.001131841,0.000190207,0,0,5.09e-05,0.00179341,0.000129423,0.000110293,0,0,0.002331432,0,0.003271976,0,0.000201265,0,0.000820983,0,0.000266805,0.000450345,0,3.12e-05,0,0,0,0,0,6.18e-05,0.000129764,0.000265163,0.00309662,0.002586495,0,0.000824968,0,0.000170058,0.002168033,0.001088002,0,0,0,0,0.004543304,0.002423096,7.95e-05,0,0.000391923,4.29e-05,3.72e-05,0,0,0.039853545,0.000139171,0,0,0,6.65e-05,0,8.47e-05,0,0.010919871,0,0.002885397,0.000361759,0.000264483,0,0.000418462,3.38e-05,0,0,0.000992353,4.39e-05,0,0,4.97e-05,0,6.3e-05,0,0.000188559,0.00019804,4.13e-05,0,0,0.000641642,0,0.001845219,3.35e-05,0,0,0.002853514,0,6.57e-05,0,0.00045433,0.002435052,0,0,0.003491171,0.000147797,0,0,0,0.002211872,0,0,0.000155205,0,0,8.33e-05,0.005818618,0,0,0,0.003264005,0,0.000172469,0.000240551,0.00029907,0.000625701,0,0.000534038,0.000470272,0.000315609,0,0.000553964,0,0.000391527,0.000381743,0,0.000340954,0.000285632,0.000259693,0,0,0.00029991,0,6.04e-05,0,0,0,0,0,5.45e-05,4.62e-05,0,0.000368403,0,5.31e-05,0,0,0,0,0,6.02e-05,6.11e-05,0,0,2.99e-05,0,0.000813012,0,0,3.96e-05,7.66e-05
"X531_Group1C_142dpi_RA_166_G_A6_P124.mzXML",531,"Group1C","142dpi","RA","A6","P124",0,0.003656107,0,0.000230811,0,0,0,0,0.003808445,0,0,0.004912894,0,0,0.000952111,0,0.000262233,0.00061316,0,0.000108169,0.000559841,0.000197844,0,0,0,0,0,0.001340573,0.022698332,0,7.81e-05,0,0,0.000101513,0,5.46e-05,0,0.000742647,0.000138291,0,0,0,0,0.000119141,0,0.00727413,0,3.38e-05,0,0.001534803,0,0.002159388,0,0.000605543,0,0.00097877,0,0.000258154,0.000418929,0,5.44e-05,0,0,0,0,0,0.000213007,0.000149626,0.000248838,0.002452639,0,0,0.000628393,0,0,0.000647436,0,0,0,0,0,0,0,0,0,0.001051131,3.12e-05,6.61e-05,0,0,0.06436272,0.000179242,0,4.42e-05,0,0.000137446,0,0.000253065,0,0.018623296,0,0.00933069,0,0.000415121,0,0.001009238,0,0,0,0,5.21e-05,0,5.69e-05,7.73e-05,0,8.56e-05,0,0.000217886,0.000231169,4.03e-05,0,0,0.003138159,0,0,0,0,0,0,0,0.000168628,0,0,0.003633256,0,0,0.005979259,0,0,0,0,0.003488536,0,0,0.000282505,0,4.23e-05,0.000151635,0.004532049,0,0,0,0.002879184,0,0,9.68e-05,0.00012484,0.000540799,0,0.000369758,0.000483673,0,0,0.000348318,0,0.000329363,8.65e-05,0,0.000415121,0.000232309,0,0,0,0.000329967,0,0.000140296,0,0,0,0,0,0,0,0,0.00137104,0,0.0008569,9.2e-05,9.4e-05,4.28e-05,0,0,0,0,0,0,0,0,0.000254509,0,0.000151892,6.08e-05,6.38e-05
"X532_Group1C_142dpi_RA_167_G_A7_P124.mzXML",532,"Group1C","142dpi","RA","A7","P124",0.000533705,0.005835694,5.72e-05,0,0,0,0,0.000138045,0.004643897,0,0,0.005718276,0,0,0.001761276,0,0.000810187,0.000527675,0,0.000329613,0.000745607,0,0.000187051,0.001127217,4.39e-05,0,0.000150403,0.001890436,0.036810665,0,0.00020075,0,5.46e-05,0.000374202,0,6.9e-05,0,0.001185926,0,0.000604705,0,0,0,4.84e-05,0.005013765,0.000235053,0.000168688,0,0,0.002865009,0,0.003522552,0,0.00076322,0,0.002019596,0,0.000193843,0.000651672,0,7.53e-05,0,0,0,0,0,0,0.000224077,0.00020404,0.003874807,0.00184934,0,0.000651672,0,0,0.000986314,0.00031524,0,0,0,0,0,0.000545565,0,0,0.001332699,0,0,0,0,0.109786194,0.000246837,0,0,0,8.63e-05,0,0.000108117,0,0.037867431,0,0.015675355,0,0.000141431,0,0.001890436,0,0,0,0.000480891,5.44e-05,0,8.55e-05,7.59e-05,0,0,0,0,0,0,0,0,0.003557777,0,0,0,0,0,0.003117458,0,0.00026613,0,0.000477816,0.005084216,0,0,0.008806379,0,0,0,0,0.002113531,0,0,0.000195003,0,0,0.000309951,0.004608672,0,0,0,0.004937443,0,0,8.7e-05,0.000456343,0.000511298,0,0,0.000616447,0.000296362,0,0.000739736,0,0.000107626,0,0,7.28e-05,0.000125363,5e-05,0,0,0,0,0,0,0,0,0,0,0,0,0,0.002101789,0,0.000786703,0.000218236,0.000136989,9.99e-05,0,0,0,0,0,0,0,0,0.000375761,0,0,0,0
"X533_Group1C_142dpi_RA_168_G_A8_P124.mzXML",533,"Group1C","142dpi","RA","A8","P124",0.000138868,0.002398405,4.36e-05,0.000118568,0,0,0,0,0.007148189,0,0,0.007430354,0,0,0.000292417,3.78e-05,0.000630169,0.001312069,0,0.000146647,0.00097347,0,0.000139851,0.001373205,0,0.00339539,8.13e-05,0.003668149,0.041525333,0,0,5.07e-05,0,8.36e-05,0,0,0,0.000888821,0.00013371,0.00097347,0,0,0,0.000174742,0.002111537,0.0005126,4.95e-05,4.66e-05,0,0.001650667,0,0.002299648,0,0.000186763,0,0.001185094,0,0.00035301,0.000458704,0,0,0,0,0,0,0,0,8.18e-05,0.000179662,0.002426622,0.002022185,0,0.000893524,0,0.001702398,0.002346675,0.000935848,0,0,0,0,0.003743394,0.001688289,0.000100247,0,0.000366887,4.52e-05,0,0,0,0.042089663,6.97e-05,0,0,0,7.24e-05,0,0.00114277,0,0.013637991,0,0.007148189,0,0.000564331,0,0.000362938,5.28e-05,0,0,0.00037079,0,0,0,0.000149882,0,0,0,0,0,3.94e-05,0,0,0.001185094,0,0.002680571,0,0,0,0.004110208,0,0,0,0.000592547,0.004190155,0,0,0.006066555,0.000416558,0,0,0,0.002826356,0,0,0.000250461,0,0,0.000110829,0.00634872,0,4.47e-05,0,0.002868681,0,0,0.000398833,0.000304297,0.000822982,0,0.000583142,0.000747738,0.00087001,0,0.000503195,0,0.000398213,0.000462021,0,0.000309952,0.000526709,0.000358367,0,0.000132275,0.000202221,0,0.000166757,0,0,0,6.36e-05,9.44e-05,0.000129287,0.000103796,8.58e-05,0.000526709,0,0.00024406,5.24e-05,6.34e-05,4.18e-05,0,0.000102546,0.000142725,9.69e-05,0.000130098,6.46e-05,7.19e-05,0,0.000895221,0,4.3e-05,0.000335059,0.000355851
"X534_Group1C_142dpi_RA_169_G_A9_P124.mzXML",534,"Group1C","142dpi","RA","A9","P124",0,0.005507407,0,0.000170884,0,0,0,9.86e-05,0.005683175,0,0,0.008788415,0,0,0.000443609,0,0.001223868,0,0,0.000330892,0.000924411,0,0.000137282,0.000859312,0,0,0,0.001562385,0.042900485,0,0.000152535,0,0,0.000370935,0,5.26e-05,0,0.001275948,0,0.000485728,0,0,0,7.15e-05,0.004609035,0.001432186,0,6.92e-05,0,0.003046651,0,0.002935982,0.001438696,0.000820252,0,0.001848822,0,0.000820252,0.000664014,0,0,0,0,0,0,0,0,0.000244279,9.21e-05,0.002909942,0.000538503,0,0.000509734,0,0,0.000280992,0,0,0,0,0,0.001425676,7.27e-05,0,0,0.001269438,0,6.44e-05,0,0,0.100253031,0.000328499,0,0,0,0.000133035,0,0.000291047,0,0.034372468,0,0.006060751,0,0.000634384,0,0.00058928,0,0,0,0.000550051,0,0,0,5.92e-05,0,0.00014547,0,0.00030175,0.000312277,0,0,0,0.002486796,0,0.003378657,0,0,0,0.010220601,0,0.001113199,0,0.000498808,0.011978284,0,0,0.01555875,0,0,0,4.58e-05,0.001419166,0,0,8.38e-05,0,0,0.000249595,0.002525856,0,0,0,0.003183359,0,0,0,0.000150515,0.000193097,0,0,7.67e-05,9.91e-05,0,0.000657504,0,0,0,0,0.000100682,9.79e-05,0,0,0,0,0,0,0,0,0,0,0,0,0,0,0.001874862,0,0.000194704,5.23e-05,0,0,0,0,0,0,0,0,0,0,0.000807232,0,0,8.41e-05,7.74e-05
"X535_Group1C_142dpi_RA_170_G_A10_P124.mzXML",535,"Group1C","142dpi","RA","A10","P124",0,0.003087784,4.21e-05,0.000148794,0,0,0,7.51e-05,0.006247656,0,0,0.009371485,0,0,0.001573929,0,0.000883082,0.000823009,0,0.000292476,0.000804986,0,0.00011551,0,4.74e-05,0.001688069,9.56e-05,0.00218668,0.041090355,0,0.000244333,0,0,0.000118698,0,5.26e-05,0.000901104,0.000714876,5.64e-05,0.000961178,4.38e-05,0,0,0,0.002583166,0.000630773,5.83e-05,0,0,0.002198694,0,0.003874748,0,0.000380508,0,0.001273561,0,0.000165981,0.000499794,0,0,0,0,0,0,0,0,9.23e-05,0.000181915,0.003388152,0.001940378,0,0.000702861,0,0.000123986,0.00325599,0.000345978,0,0,0,0,0.004000903,0.000955171,0,0,0.000696854,0,0,0,0,0.072088342,0.000103725,0,0,0,0.000104517,0,0.000157164,0,0.020304883,0,0.008410307,0.000347579,0.000678832,0,0.000997222,0,0,0,0.000913119,0,0,0,0,0,6.9e-05,0,0.000151542,0.000146189,0,0,0,0.001832245,0,0.002150636,0,0,0,0.003225953,0,0.000232047,0,0.000407201,0.003532329,0,0,0.005622891,0.000177377,0,0,0,0.00230082,0,0,0.000145821,0,0,0.000152084,0.005256442,0,0,0,0.004739809,0,0.000365236,0,0.000418166,0.000540216,0,0.000326167,0.000526521,0.000263528,0,0.00075092,0,0.000201109,0.000277897,0,0.000288945,0,9.28e-05,0,0,6.54e-05,0,0,0,0,0,0,0,0,0,0,0.000810994,0,0.00031772,7.45e-05,7.8e-05,0,0,0,0.000101357,0,0,0,0,0,0.001573929,0,0,8.48e-05,0
"X551_Group1C_142dpi_RA_171_G_A11_P124.mzXML",551,"Group1C","142dpi","RA","A11","P124",0.000208032,0.001610994,0,0,0,0,0,0,0.006939666,0,0,0.008072673,0,0,0,0,0.0003364,0.001129466,0,3.31e-05,0.000282597,0,0,0,0,0,0,0,0.01419799,0,0,0,9.52e-05,3.31e-05,0,0,0,0.000431959,0.000165516,0,0,0,0,0.000102778,0.001221523,0.001033869,0,0.000156349,0,0.001681807,0,0.001869461,0,0.000256837,0,0.000566503,0,0.000562963,0.000403634,0,0,0,0,0,0,0,0.000268689,6.31e-05,0.000237144,0.001596831,0.001143629,2.87e-05,0.000598369,0,0.000131502,0.001671185,0.001784486,0,0,0,0,0.002096062,0.002096062,7.38e-05,0,0.000424878,2.96e-05,0.000295212,4.63e-05,0,0.034556705,6.11e-05,0,0,0,6.02e-05,0,0.000881621,0,0.008143486,0,0.00235807,0,0.000977218,0,0.000470906,0.000414256,0,0,0,3.07e-05,0,0,0.000364687,0.000212419,0.000541719,0,0.000991381,0.001026787,0,0,0,0.000485069,0.000103617,0,0,0,0,0,0,0.000153757,0,0.000344411,0.008568363,0,0,0.009949215,0,4.14e-05,0,5.69e-05,0,0,0,0.000162011,0,0,2.61e-05,0.002666106,0,0,0,0.003027252,0,0,0.000244135,0.000277989,0.000361146,3.5e-05,0.000368227,0.000322701,0.000146696,0,0.00049569,0,0.00014436,9.33e-05,0,0.000261749,0.000257561,6.87e-05,0,0,4.63e-05,0,0,0,0,0,5e-05,6.48e-05,5.92e-05,5.05e-05,4.85e-05,0.0003011,0,6.02e-05,0,0,0,0,6.47e-05,0.000108535,0.000159552,6.92e-05,4.13e-05,0,0,0.000778942,0,5.85e-05,0.000273331,0.000502772
"X552_Group1C_142dpi_RA_172_G_A12_P124.mzXML",552,"Group1C","142dpi","RA","A12","P124",0.000192042,0.001626077,0,0.00019385,0,0,0,0,0.00492326,0,0,0.009756461,0.005853877,0,0.00080053,0,0.000705467,0.000595394,0,0.000233431,0.000485918,0,0.000174347,0.003332207,7.35e-05,0.000850563,0.000157207,0.001335885,0.027818422,0,7.15e-05,0,0,0.000113272,0,0,0.000610404,0.000985653,0,0.001275845,3.67e-05,0,0,5.26e-05,0.001400928,0.000356246,5.98e-05,0,0,0.001961299,0,0.003517329,0,0.000173399,0,0.000570378,0,0.000247868,0.000635421,0,0,0,0,0,0,0,4.95e-05,0.000238583,0.000249721,0.003302187,0.002976971,0,0.0009056,0,0.000153045,0.002966965,0.000945626,0,0,0,3.72e-05,0.005253479,0.001811199,0.000147685,0,0.000267831,0,0,0,0,0.031670973,0.000233221,0,5.69e-05,0,4.62e-05,0,0.000645427,0,0.011357521,0,0.002866898,0.000356874,0.000610404,0,0.000235224,0,0,0,0.000630417,0.000104663,0,6.43e-05,0.000178103,0,0,0,0.000203026,0.000208134,5.63e-05,0,0,0.000259275,0,0.002621736,5.47e-05,0,0,0.003827535,0,0.000393661,0,0.000670444,0.003687442,0,0,0.004748144,0.000183557,0,0,0,0.002961961,0,0,0.000227797,0,0,8.42e-05,0.00510338,0,4.27e-05,0,0.005953943,0,0.000230815,9.89e-05,0.000720477,0.0007555,0,0.000381311,0.000545361,0.000280489,0,0.000545361,0,0.000219862,0.000530351,0,0.000282285,0.000175309,0.000126275,0,0,0.000207512,0,0.000120142,0,0,0,0,0,6.97e-05,8.13e-05,4.78e-05,0.000390612,0,6.64e-05,0,0,0,0,7.39e-05,6.63e-05,7.49e-05,6.23e-05,0,0,0,0.00084556,0,0,5.02e-05,0.000108691
"X553_Group1C_142dpi_RA_173_G_B1_P124.mzXML",553,"Group1C","142dpi","RA","B1","P124",0,0.001746315,0,0.000118489,0,0,0,0.000157052,0.005722387,0,0,0.007646292,0,0,0.002328419,0,0.000596904,0.000966886,0,0.000238874,0.000552506,0,0.000183445,0,0,0,9.04e-05,0.002609606,0.028266617,0,8.22e-05,0,0,0.000119721,0,0,0,0.000774495,0,0.000508108,0,0,0,0.000111744,0.001470061,0.000456217,0.000318958,0,0,0.002195226,0,0.001677251,0.001208608,0.000271383,0,0.000656101,0,0.000452191,0.000764629,0,0,0,0,0,0,0,6.99e-05,0.000260646,0.000133434,0.00389221,0.000868224,0,0.000937287,0,0,0.002915457,0.000461821,0,0,0,0,0.001958437,0.001070481,0.000154693,0,0.000435271,4.27e-05,0,0,0,0.037146182,0.000158905,0,0,0,6.56e-05,0,0.00045844,0,0.010852802,0,0.003241041,0,0.000503175,0,0.000582105,0,0,0,0,5.33e-05,0,0,8.03e-05,0,0,0,0.000142832,0.000152283,0,0,0,0.000508108,0,0,0,0,0,0.002244557,0,8.18e-05,0,0.000299964,0.003576492,0,0,0.006018372,0,0,0.003147313,0,0.002229758,0,0,0.000226,0,0,0,0.003438365,0,0,0,0.003132513,0,0,0.00016989,0.000371905,0.000402753,0,0.000453035,0.000384899,0.000127201,0,0.000552506,0,0.000106818,0,0,0.000108943,0.000207188,9.63e-05,0,0,4.58e-05,0,0,0,0,0,3.82e-05,4.91e-05,5.59e-05,0,0,0.000419138,0,0.000131257,0,0,0,0,0,7.67e-05,8.94e-05,5.47e-05,0,0,0,0.00046456,0,0,7.82e-05,0.000164947
"X554_Group1C_142dpi_RA_174_G_B2_P124.mzXML",554,"Group1C","142dpi","RA","B2","P124",0.000227824,0.001832698,0,8.4e-05,0,0,0,0,0.003783998,0,0,0.004094625,0,0,0.00042923,0,0.000266372,0.000672083,0,3.31e-05,0.000347337,0,0,0.00163785,0,0.000601486,0,0,0.018637604,0,0.000119484,0,0,0.000119708,0,0,4.92e-05,0.000542185,0.000474412,0.001087194,7.06e-05,0,0,2.68e-05,0.001533367,0.000165989,8.9e-05,0.000629725,0,0.001920238,0,0.002470894,0,0.000238714,0,0.000838692,0,0.002264751,0.000361457,0,0,0,0,0,0,0,4.48e-05,0.00015885,0.000203043,0.002516077,0.003332178,0.000293683,0.00042923,0,0.00015573,0.000293683,0.001804459,0,0,3.33e-05,2.28e-05,0.002637503,0.004715879,7.24e-05,0,0.00046594,0,0.000122046,0,0,0.036145657,6.43e-05,0,0,0,5.43e-05,0,0.000372752,0,0.010420115,0,0.003106267,0.000310627,0.00041511,0,0.00041511,4.31e-05,0,0,0.000485707,2.96e-05,0,0,3.11e-05,3.77e-05,0.000265697,0,0.000513946,0.000482883,2.81e-05,0,0,0.000835868,0,0.002852118,2.58e-05,0,0,0.003388655,0,0.00020108,0,0.000188063,0.002244984,0,0,0.002228041,7.6e-05,0,0,0,0.001355462,0,0,2.58e-05,0,0,0.000133914,0.002414417,0,0,0,0.00272222,0,0.000104479,6.6e-05,0.000167735,0.000234354,0,0.000258522,0.0005676,0,0,0.000316274,0,9.54e-05,0,0,0.000126151,0.000141715,0.000123167,0,0,3.09e-05,0,0,0,0,0,0,0,0,0,0,0.000578895,0,0.000161771,3.75e-05,0,0,0,0,0,0,0,0,9.77e-05,0,0.000751151,0.00026631,0.000232053,4.65e-05,0.000150653
"X555_Group1C_142dpi_RA_175_G_B3_P124.mzXML",555,"Group1C","142dpi","RA","B3","P124",0,0.002397694,2.86e-05,0.000196355,0,0,0,0,0.004995195,0,0,0.007578917,0.007441118,0,0.000861241,0,0.0004444,0.001005929,0,0.00010607,0.000347941,0,0,0.001133393,0,0.000740667,0,0,0.018602796,3.8e-05,0,0,5.93e-05,0.000112425,0,2.82e-05,0,0.000644208,0.000162305,0.001174732,0.000105836,0,0,0.000199766,0.001677697,0.000630428,9.4e-05,0.000236896,0,0.001725926,0,0.002607836,0,0.000285528,0,0.000878465,0,0.000892245,0.000595978,0,0,0,0,0,0,0,0.000115483,0.000168908,0.00018281,0.002852429,0.002628506,0,0.000695882,0,0.000775116,0.001526118,0.001198847,0,0,0,3.69e-05,0.003823908,0.002273675,0.000133794,0,0.000568419,0,0.000167086,4.05e-05,0,0.044440013,7.97e-05,0,0.000104349,0,3.79e-05,0,0.001980853,0,0.014020996,0,0.003892807,0.000547749,0.000664878,0,0.000413395,0.000139487,0,0,0.001143727,0.000109612,0,3.84e-05,0.00045818,0.000175696,0.000509854,0,0.000644208,0.000654543,5.58e-05,0,0,0.001119613,0,0.003789458,0,0,0,0.004685149,0,0.000241072,0,0.000554639,0.00551194,0,0,0.007716715,0,0,0,0,0.003444962,0,0,0.0004444,0,3e-05,0.000241754,0.004237304,0,0.000129025,0,0.002611281,0,0.00042373,0.000178927,0.000253458,0.000633873,0,0.000396171,0.000568419,0.000506409,0,0.00027366,0,0.000335159,0.000647653,0,0.000262288,0.000311684,0.000250468,0,0.000141472,0.0003004,0,0.000297201,0,0,3.04e-05,5.18e-05,6.94e-05,6.74e-05,6.63e-05,5.12e-05,0.000702772,0,0.000162232,0.00016188,0,0,0,5.47e-05,0.000105084,0.000113414,9.05e-05,3.77e-05,0.000145696,0,0.000699327,0.000126005,0,0.000354831,0.000454735
"X581_Group3E_142dpi_RA_176_G_B4_P124.mzXML",581,"Group3E","142dpi","RA","B4","P124",0.000128795,0.003565736,5.41e-05,0,0,0,0,0.000113225,0.003634308,0,0,0.004011453,0,0,0.00033214,2.82e-05,0.000207153,0.000603432,0,4.57e-05,0.00041486,0.000213238,2.42e-05,0,0,0,0,0.000946292,0.017657251,0,3.92e-05,0,0,8.76e-05,0,4.15e-05,0,0.000617147,0.00015056,0,0,0,2.82e-05,0,0,0.018308684,0,0.000207423,0,0.001765725,0,0.002828589,0,0.000624004,0,0.00114515,0,0,0,0,0,0,0,0,0,0,0.000582861,0.000136696,0.000249302,0.002646873,0,5.87e-05,0.000586289,0,0,0.00046286,0,0,0,2.85e-05,0,0,0.001762297,0,0,0.001073149,0,0.000127358,0,0,0.064457538,0.000177327,0,6.54e-05,0,0.000165682,0,0.002691445,0,0.017451535,0,0.008845768,0,0.000603432,0,0.001302865,0,0,0,0,4.12e-05,0,3.33e-05,0.00043886,4.07e-05,9.98e-05,0,0.000380574,0.000394288,6.8e-05,0,0,0.002036584,0,0,0,0,0,0,0,0.000239351,0,0,0.007645761,0,0,0.009222914,0,0,0,3.49e-05,0,2.93e-05,0,0.000181504,0,0,0.000144344,0.002722302,0,0,0,0.002948589,0,0,0.000227541,0.000353145,0,0,0,0.00094972,0,0,0.000562289,0,0,0.000267946,0.000181989,0,0.000250481,0,0,8.97e-05,6.4e-05,0,0,0,0,0,0,0,0,0,0,0.000932577,0,0.000442288,0.000117759,0,7.23e-05,0,0,0,0,0,0,0,0,0.000314694,5.72e-05,9.19e-05,0.000259061,0.000204421
"X582_Group3E_142dpi_RA_177_G_B5_P124.mzXML",582,"Group3E","142dpi","RA","B5","P124",0.000198306,0.002780526,3.09e-05,0,0,0,0,0,0.008367325,0,0,0.003501403,0,0,0.000329544,8.1e-05,0.000237253,0.001436605,0,3.21e-05,0.000308947,0.000238068,0,0,0,0,0,0.001006654,0.013130263,3.02e-05,0,0,4.73e-05,6.47e-05,0,4.9e-05,0,0.000447974,0,0,2.2e-05,0,2.52e-05,0,0,0.000460846,0,0.000617895,0,0.00132075,0,0.002077671,0,0.000473719,0,0.000926842,0,0,0,0,0,0,0,0,0,0,0.000417079,0.000113651,0,0.001897452,0,0.000326969,0.000463421,0,0,0.000664237,0,5.95e-05,0,0.000117729,2.69e-05,0,0,0,0,0.000895947,2.83e-05,0.000314096,0,0,0.05200614,0.000145681,0,4.36e-05,0,9.15e-05,0,0.002780526,4.85e-05,0.012872807,0,0.00692557,0,0.000942289,4.22e-05,0.001076167,0.000148895,0,0,0,9.09e-05,0,0,0.00046857,0.000363013,0.00046857,0,0.001050421,0.00108389,9.35e-05,0,0,0.002883509,0,0,1.97e-05,0,0,0,0,0,0,0,0.013001535,3.61e-05,0,0.018536842,0,0,0,0.000108166,0,0,0,0.000132092,0,3.54e-05,0.000178665,0.002090544,0,0,0,0,0,0,0.000471145,0.000225614,0,0,0,0.000489167,0,6.4e-05,0.000306373,0,7.1e-05,0,0.000270329,0,0.000445399,0,0,0.000210907,2.31e-05,0,0,0,0,0,0,0,0,0,0,0.001122509,0,0.00064364,6.75e-05,7.32e-05,6.07e-05,0,0,0,0,0,0,0,0,0,0.000396482,0.00014149,0.000599873,0.000352715
"X583_Group3E_142dpi_RA_178_G_B6_P124.mzXML",583,"Group3E","142dpi","RA","B6","P124",0.000354885,0.007003933,0.000121584,0.000240246,0,0,0,0,0.002495476,0,0,0.002391714,0,0,0,0,0.000381827,0.000179378,0,0.000234033,0.000752274,0,5.37e-05,0,0,0,0,0.00264593,0.031024831,0,0.000102343,0,0,6.6e-05,0,0.000139672,0,0.001011679,0,0,0,0,0.000100536,0,0,0.000866413,0,0.000112268,0,0.002744504,0,0.003605729,0,0.00092867,0,0.001878092,0,0,0,0,7.18e-05,0,0,0,0,0,0.000280229,0.000197985,0.00021667,0.004191984,0,0,0.000674453,0,0,0.001291837,0,0,0,0,0,0,0.00106356,0,0,0.001826211,0,0,7.56e-05,0,0.125551992,0.000138812,0,0.0001204,0,0.000310392,0,0.001914408,0,0.035071548,0,0.016498154,0,0.000939046,0,0.001743201,0,0,0,0,0.000138527,0,0.000156584,0.000287597,0,0,0,4.35e-05,4.41e-05,0.000143241,0,0,0.004809368,0,0,0,0,0,0,0,0.000204837,0,0,0.004876813,0,0,0.006952052,0,0,0,0,0,7.98e-05,0,0.000218337,0,0.000164814,0.000374313,0.00281195,0,0,0,0.003802876,0,0,0.000218167,0.000428313,0,0,0,0.001032432,0,0,0.000607008,0,0,0,8.92e-05,0,0.000287728,0,0,0,0,0,0,0,0,0,0,0,0,0,0,0.001935161,0,0.001099877,0.000269452,0.000274271,0.000107285,0,0,0,0,0,0,0,0,0,0,0,0.000264848,0.00027151
"X584_Group3E_142dpi_RA_179_G_B7_P124.mzXML",584,"Group3E","142dpi","RA","B7","P124",0.000220627,0.003001557,3.1e-05,7.95e-05,0,0,0,0,0.003719879,0,0,0.002975903,0,0,0.00013956,0,0.000448951,0.000461778,0,8.9e-05,0.000366857,0,4.49e-05,0.00144947,0,0,3.64e-05,0,0.018702011,4.03e-05,7.23e-05,0,0,0.00014546,0,5e-05,0,0.000305287,0.000274501,0.001051828,4.08e-05,0,3.26e-05,9.49e-05,0.002745014,0.000579788,3.34e-05,0,0,0.001598265,0,0.002198577,0,0.000395077,0,0.001385334,0,0.000185224,0.000318114,0,2.9e-05,0,0,0,0,0,0.000231659,7.29e-05,0.000213957,0.001700882,0.002745014,0,0.000307852,0,0.000333506,0.001023608,0.002018996,0,0,2.31e-05,0,0.000764499,0.005156522,0,0,0.000782457,2.01e-05,0,0,0,0.05566991,0,0,6.95e-05,0,4.87e-05,0,0.00271936,0,0.017675838,0,0.007619338,0,0.000754237,0,0.000610573,0,0,0,0.000184711,8.83e-05,0,1.89e-05,0.000323245,0,0,0,0,2.62e-05,5.08e-05,0,0,0.002408942,0,0.002316587,0,0,0,0.003437681,0,0.000587484,0,0.000274501,0.004232965,0,0,0.005746571,0,0,0,0,0.00118523,2.5e-05,0,7.7e-05,0,2.48e-05,0.000189586,0.002367895,0,0,0,0.002414073,0,0.000117497,0.000215496,0.000150078,0.00032581,0,0.000220114,0.000377119,0.000100052,0,0.000277067,0,0.000227297,0,0,0.000130067,0.000284763,0.000107492,0,3.26e-05,7.49e-05,0,0,0,0,0,0,3.57e-05,0,0,0,0.001080048,0,0.000433558,8.54e-05,0,5.82e-05,0,0,0,0,0,0,0,0,2.07e-05,0,0.000320679,0.00038225,0.000212931
"X585_Group3E_142dpi_RA_180_G_B8_P124.mzXML",585,"Group3E","142dpi","RA","B8","P124",0,0.003883022,3.55e-05,7.67e-05,0,0,0,0,0.004026838,0,0,0.00340124,0,0,0.000288868,8.02e-05,0.0002053,0.000632789,0,5.01e-05,0.000435042,0.000417065,0,0,0,0,0,0.001312318,0.016143304,0,0,0,0.000148016,9.02e-05,0,0.000110965,0,0.000449424,0.000149101,0,3.77e-05,0,3.24e-05,0,0,0.000431447,0,9.57e-05,0,0.001305127,0,0.002189593,0,0.000571667,0,0.000988732,0,0,0,0,0,0,0,0,0,0,0.000636384,0.000120338,0.000178689,0.002333409,0,0,0.000528522,0,0,0.000805368,0,2.92e-05,0,5.18e-05,0,0,0,0,0,0.001010305,8.32e-05,3.63e-05,6.7e-05,0,0.067593346,9.38e-05,0,4.35e-05,0,0.000126349,0,0.002452056,0,0.015352318,2.27e-05,0.009527785,0,0.002279478,0,0.001114571,0,0,0,0,4.99e-05,0,0,0.000654361,4.34e-05,5.14e-05,0,0.000159719,0.000232405,9.34e-05,0,0,0.003379667,0,0,0,0,0,0,0,0.000188295,0,0,0.009743509,5.46e-05,0,0.016179258,0,0,0,9.43e-05,0,0,0,0.000292061,0,4.72e-05,0.000252729,0.002635421,0,0,0,0.002588681,0,0.000140556,0.000517736,0.00025424,0,0,0.00020567,0.000431447,0,4.37e-05,0.000427851,0,0.000102186,0,0.000338371,0,0.000550095,0,0,0.000151289,3.28e-05,0,0,0,0,0,0,0,0,0,0,0.001222433,0,0.000632789,0.000178108,0,8.08e-05,0,0,3.01e-05,0,0,0,0,0,0,0,0,0.000848512,0.000765818
"X666_Group3E_142dpi_RA_201_G_D5_P124.mzXML",666,"Group3E","142dpi","RA","D5","P124",0.00027341,0.004005084,3.63e-05,9.21e-05,0,0,0,0.000133773,0.003746692,0,0,0.003488299,0,0,0.000571693,5.67e-05,0.000286054,0.000536164,0,8.41e-05,0.000368209,0.000110209,0,0.000914064,0,0,0,0.00136948,0.018184373,0,4.19e-05,0,0.00035206,4.47e-05,0,4.99e-05,0,0.000429578,0.000178724,0.000936673,2.81e-05,0,3.57e-05,5.86e-05,0.003262206,0.000994811,2.72e-05,2.74e-05,0,0.001585884,0,0.001698931,0,0.000729959,0,0.001692471,0,0.000268101,0.00034237,0,0,0,0,0,0,0,0.000179905,9.09e-05,0.00013349,0.001779678,0.001695701,0,0.000507095,0,0,0.000371439,0.001327492,0,0,0,0,0.001753839,0.003391402,2.74e-05,0,0.001311342,0,0,3.96e-05,0,0.075579812,0,0,0,0,6.6e-05,0,0.000623372,0,0.021123588,0,0.008042467,0,0.000207146,0,0.001185376,0,0,0,0.000868845,3.16e-05,0,0,7.07e-05,0,0,0,0.000192175,0.000203951,3.33e-05,0,0,0.002377211,0,0.001889495,0,0,0,0,0,0.00032945,0,0.00035529,0.003294505,3.48e-05,0,0.004295776,0.000198562,0,0,0,0,0,0,0.000111356,0,0,7.59e-05,0.003391402,0,0,0,0.002516097,0,0,0.000227412,0.000120852,0.00033591,0,0.00033268,0.000400508,0.000207934,0,0.00032945,0,0.000137122,0,0,0.000193207,0.00032945,0,0,4.1e-05,9.92e-05,0,0,0,0,0,0,0,0,0,0,0.00104972,0,0.000368209,5.38e-05,0,2.76e-05,0,0,0,3.02e-05,0,0,0,0,0.000452187,0,0.000321657,6.37e-05,5.49e-05
"X667_Group3E_142dpi_RA_202_G_D6_P124.mzXML",667,"Group3E","142dpi","RA","D6","P124",0,0.004599242,3.54e-05,0.000151516,0,0,0,0,0.003701603,0,0,0.002549479,0.001957223,0,0.000360517,8.48e-05,0.000476581,0.00045248,0,0.000208013,0.000703305,0,7.14e-05,0.001017941,0,0,6.45e-05,0.002803965,0.032574111,0,8.51e-05,0,5.08e-05,0.000103088,0,0,0,0.000694051,0.000144939,0.000842115,0.000288358,0,0,5.18e-05,0.003479507,0.000624646,0,0.000126892,0,0.002133049,0,0.001688857,0,0.000703305,0,0.001670349,0,0.000879131,0.000578376,0,7.46e-05,0,0,0,0,0,0.000158785,0.000171058,0.000134682,0.003646079,0.00137422,0,0.000615392,0,0.000370834,0.002456939,0.000675543,0,0,0,0,0.001707365,0.001628706,0,0,0.00128168,0,0,0.000235682,0,0.090226585,0,0,5.73e-05,0,8.41e-05,0,0.001462133,0,0.022811131,0,0.008050988,0.000321826,0.000522851,0,0.001263172,0,0,0,0.002207081,7.38e-05,0,0,8.67e-05,0,0,0,0.000151,0.000164314,5.73e-05,0,0,0.003687722,0,0.003937581,0,0,0,0.003641452,0,0.000471954,0,0.000215823,0.003988478,0,0,0.004469686,0.000194306,0,0,0,0.001036449,0,0,4.18e-05,0,4.13e-05,0.00017099,0.001762889,0,0,0,0.002998299,0,0,0.000141305,0.000173206,0.000308976,0,0,0.000643154,4.51e-05,0,0.000495089,0,4.25e-05,0,0,5.64e-05,0.000177487,5.92e-05,0,0.000125657,0,0,0,0,0,0,0,0,0,0,0,0.0015593,0,0.000413392,7.34e-05,7.2e-05,0,0,0,4.77e-05,0,0,0,0,0,3.7e-05,0,5.84e-05,0.000119499,0.000110558
"X668_Group3E_142dpi_RA_203_G_D7_P124.mzXML",668,"Group3E","142dpi","RA","D7","P124",0,0.002858098,3.4e-05,0.000120746,0,0,0,0.000146342,0.003904864,0,0,0.002657933,0,0,0.000360954,0.000171179,0.000505335,0.000718626,0,0.000115438,0.000652998,0.000544712,6.87e-05,0,0,0,5.94e-05,0.002037749,0.030090426,0,0,0,0.000472521,0.000108415,0,4.7e-05,0,0.000840038,0.000228478,0,0,0,2.75e-05,0,0,0.000866289,2.94e-05,2.93e-05,0,0.001532413,0,0.001450378,0,0.000406893,0,0.000922073,0,0,0,0,0,0,0,0,0,0,6.14e-05,5.11e-05,0,0.001752267,0,0,0.00051518,0,0,0.000541431,0.001404439,0,0,0,0,0,0.0046924,0,0,0.000738315,0,0,0.000177472,0,0,0,0,4.35e-05,0,0.000103939,0,0.001200992,0,0.010927058,0,0.006365914,0,0.000249259,0,0.000882696,0,0,0,0,5.82e-05,0,4.57e-05,0.000137444,0,4.53e-05,0,0.000141296,0.000144176,6.06e-05,0,0,0.001906493,9.32e-05,0,0,0,0,0.003478283,0,0.000479084,0,0,0.004790842,0,0,0.005447122,0,0,0,0,0.000830194,0,0,4.06e-05,0,0,0.00010622,0.00201806,0,0,0,0.00159476,0,0,0.000224118,8.52e-05,0,0,0.000250545,0.000403612,0,5.29e-05,0.000234771,0,0,0,7.71e-05,0,0.000265582,0,0,5.45e-05,0,0,0,0,0,0,0,3.04e-05,0,0,0,0.000708782,0,0.000244419,5.23e-05,0,0,0,0,0,0,4.48e-05,0,0,0,0.000364235,0,0.000196296,0.000176795,0.000153563
"X669_Group3E_142dpi_RA_204_G_D8_P124.mzXML",669,"Group3E","142dpi","RA","D8","P124",0,0.00392181,0,0.000185563,0,0,0,0,0.005156993,0,0,0.005864,0.003393634,0,0,7.37e-05,0.000453316,0.000603035,0,0.000126128,0.000582241,0,7.72e-05,0.001247659,0,0,6.67e-05,0.002620085,0.030068594,0.000151593,8.84e-05,0,0,3.94e-05,0,0,0,0.000524017,0.000188516,0.001002286,0.000210731,0,0,3.94e-05,0.002328964,0.000532335,5.45e-05,0.000145751,0,0.001696817,0,0.002736533,0,0.000351769,0,0.001680181,0,0.000852567,0.00034351,0,6.2e-05,0,0,0,0,0,9.45e-05,6.09e-05,0.000145554,0.002724057,0.002062797,0,0.000499064,0,0.000378223,0.00220004,0.000923268,0,0,0,0,0.003011018,0.002000414,0,0,0.001164482,0,8.6e-05,0,0,0.069453045,0,0,0,0,8.5e-05,0,0.001297566,0,0.019421899,0,0.007610723,0.000119279,0.000326425,0,0.000939903,0,0,0,0.000296437,4.62e-05,0,3.81e-05,0.000207669,0,0.000209428,0,0.000432522,0.000424204,4.48e-05,0,0,0.001863172,0,0.001892284,0,0,0,0.003651483,0,0.0001032,0,0.000302134,0.00281971,0,0,0.003826156,0.00012792,0,0,0,0.001883966,0,0,9.4e-05,0,0,0,0.003331251,0,0,0,0.003318774,0,0.000251412,0.000121198,0.000192249,0.000367083,0,0.000310598,0.000686213,0.000206908,0,0.000436681,0,0.000113251,0,0,0.000179065,0.000126233,0.000109742,0,3.65e-05,0.000154281,0,0,0,0,0,4.23e-05,7.45e-05,0.000104078,6.78e-05,4.63e-05,0.000499064,0,0,0,0,0,0,6.44e-05,8.24e-05,7.47e-05,6.12e-05,0,0,0,0.000611353,3.61e-05,7.04e-05,0.000125358,0.000278173
"X670_Group3E_142dpi_RA_205_G_D9_P124.mzXML",670,"Group3E","142dpi","RA","D9","P124",0.000120222,0.004571331,5.64e-05,0.000368019,0,0,0,0,0.002870042,0,0,0.003963391,0.00288418,0,0.000485409,0.000141611,0.000340819,0.000411651,0,0.000150143,0.000744609,0.000276819,3.49e-05,0,0,0,0,0.001625886,0.030915395,0,0,0,8.62e-05,7.08e-05,0,0.000157447,7.75e-05,0.000923692,0,0,0.0002187,0,4.37e-05,0,0,0.000537249,6.47e-05,0,0,0.002106583,0,0.002705097,0,0.000796448,0,0.001550482,0,7.21e-05,0,0,0,0,0,0,0,0,8.12e-05,0.000105194,0,0.00311039,0,0,0.000546675,0,0,0.000744609,0,0,0,0,0,0,0,0,0,0.001503355,0,0,0,0,0,0.000244157,0,5.34e-05,0,0.000229693,0,0.000914266,0,0.028229149,0,0.01706002,0,0.000362517,0,0.001173465,0,0,0,0,7.76e-05,0,6.65e-05,0.000216238,0,0,0,0,0,7.22e-05,0,0,0.004854094,0,0,0,0,0,0,0,0,0,0,0.005183984,0,0,0.005749509,0,0,0,0,0,7.27e-05,0,0.000192734,0,0.000156776,0.000380082,0.002559003,0,0,0,0.003100965,0,0,0.000200239,0.000162909,0,0,0.000207433,0.000655067,0,0,0.000384681,0,9.49e-05,0,0.000130057,0,0.000199541,0,0,4.31e-05,0,0,0,0,0,0,0,0,0,0,0,0.001522206,3.35e-05,0.000966106,0.000304152,0,9.14e-05,0,0,7.62e-05,6.51e-05,0,0,0,0,0.000386793,0,0,8.91e-05,7.57e-05
"X751_Group3E_142dpi_RA_226_G_F6_P124.mzXML",751,"Group3E","142dpi","RA","F6","P124",0,0.006632297,4.94e-05,0.000152453,0,0,0,0,0.00436394,0,0,0.004358366,0,0,0.000590776,0.000157151,0,0,0,7.9e-05,0.000941898,0.000380023,0.000100161,0,0,0,5.44e-05,0.004664901,0.039626579,0,0.000100682,0,0,0.000159463,0,9.3e-05,0,0.001304166,0,0,0,0,6.35e-05,0,0,0.003321722,0,0.0005442,0,0.001956249,0,0.003070921,0,0.001142538,0,0.002078863,0,0,0,0,9.22e-05,0,0,0,0,0,0.000321145,8.64e-05,0,0.003366309,0,0.000387038,0.00078027,0,0,0.001972969,0,0,0,5.52e-05,0,0,0,0,0,0,0,0,0,0,0,0.000133402,0,5.65e-05,0,0.000235126,0,0.002664065,0,0,0,0.018001948,0,0.00146022,0,0.001978542,0,0,0,0,0,0,7.08e-05,0.000135957,0,0,0,0.000209034,0.000212033,6.1e-05,0,0,0.006966698,0,0,0,0,0,0,0,0,0,0,0.006520829,0,0,0.007412567,0,0,0,3.98e-05,0,0,0,0.000179327,0,9.88e-05,0.000533942,0.002808973,0,0,0,0,0,0,0.000184125,0,0,0,0.000249876,0.000691096,0,0,0.000601923,0,0,0,0.000187292,0,0.000226053,0,0,0.000177588,0,0,0,0,0,0,0,0,0,0,0,0.002145743,0,0.001354326,0.000169558,0.000192274,6.48e-05,0,0,0,0,0,0,0,0,0.000245948,0.000395079,0,0.000381175,0.000356918
"X752_Group3E_142dpi_RA_227_G_F7_P124.mzXML",752,"Group3E","142dpi","RA","F7","P124",0.00047069,0.004577695,4e-05,0.000219171,0.000211716,0,0,0,0.005537534,0,0,0.006921918,0.005445242,0,0.000618358,3.99e-05,0.000945995,0.000839859,0,0.000260747,0.000756796,0,0.000188773,0.001227487,0,0,0.000170746,0.005491388,0.035394072,0.00038122,0,0,5.06e-05,0.000259112,0,0.000104556,0,0.001559739,0,0.000627587,0.000307177,0,0,0.000143696,0.003765523,0.001158268,0,0,0,0.001790469,0,0.001578197,0.001102892,0.000752182,0,0.001864303,0,0.00033768,0.000572212,0,0,0,0,0,0,0,0.000125002,7.17e-05,0.000103376,0.003340979,0.000886005,0,0.000526066,0,0,0.002538036,0.000445583,0,0,0,0,0.002215014,0.000881391,0.000122952,0,0.001375154,0,0,0.000245687,0,0.09782977,0.000161189,0,0,0,6.6e-05,0,0.001172111,0,0.020719607,0,0.008352447,0.000326723,0.000572212,0,0.001181341,0,0,0,0.002358067,5.14e-05,0,0.00010401,0.000193085,0,4.93e-05,0,0.000125017,0.000126309,0,0,0,0.003788596,0,0.004185453,0,0,0,0.007152648,0,0.000243687,0,0.000431534,0.009875269,0,0,0.012136429,0,0,0.003811669,4.39e-05,0.002704163,0,0,0.000316515,0,0,0.000251419,0.003839357,0,0,0,0.003765523,0,0,0.000197863,0.000430861,0.000802942,0,0.000729109,0.00053068,0.000198436,0,0.000682963,0,0.00021023,0,0,0.00023746,0.000250261,0.000217467,0,0,0.000193578,0,0,0,0,4.76e-05,9.07e-05,0.000109165,0.000164438,9.96e-05,8.99e-05,0.001416686,0,0.000502993,0.000188997,0,6.56e-05,0,8.29e-05,0.000206924,0.000123724,0.000121609,8.13e-05,0,0,0.000719879,0,0,0.000260707,0.000297739
"X753_Group3E_142dpi_RA_228_G_F8_P124.mzXML",753,"Group3E","142dpi","RA","F8","P124",0,0.005231524,8.89e-05,0.00016001,0,0,0,9.45e-05,0.0039498,0,0,0.003317658,0.002380343,0,0.000597266,7.3e-05,0.000398553,0.000514433,0,0.000146074,0.000605985,0.000309077,0,0.00153458,0,0,0,0.002580885,0.030255645,0,0,0,0,0.000193546,0,7.33e-05,0,0.001185812,0.000262284,0.001172733,0.000128493,0,3.31e-05,7.18e-05,0.004145982,0.002205959,0,0,0,0.001687166,0,0.001678447,0,0.000924236,0,0.002162363,0,0.000351847,0.00054495,0,0,0,0,0,0,0,8.78e-05,5.88e-05,0.000150528,0.00197926,0.001495344,0,0.000645221,0,0.00011955,0.000828325,0.001111699,0,0,0,0,0.00373182,0.002694235,0,0,0.001512782,0,5.21e-05,0,0,0.108554115,0,0,0,0,6.55e-05,0,0.001482265,0,0.037536182,0,0.01438669,0.00055367,0.000579827,0,0.001691526,0,0,0,0.000387232,0,5.05e-05,7.19e-05,0.000252477,0,5.82e-05,5.95e-05,0.000285523,0.00028416,0,0,8.76e-05,0.004198298,0,0.003936722,0,0,6.18e-05,0.004324726,0.00030215,0.000605985,0.000227179,0.000315822,0.005362312,0,5.97e-05,0.005667484,0.000192439,0.000227559,0,0,0.001552019,3.66e-05,0,8.62e-05,4.75e-05,0,0.000335453,0.003583594,0,0,0.000274406,0.002354186,0,0.000336101,0.000234112,0.000138303,0.000449039,0.000121632,0,0.000649581,0.000179852,0,0.000514433,0,0.000150857,5.81e-05,0,9.35e-05,0.000266994,0.000134187,8.02e-05,6.17e-05,0,0,0,4.81e-05,0,0,0,4.97e-05,7.07e-05,6.19e-05,0,0.00241522,0,0.000959113,0.000183331,0,8.23e-05,0,5.8e-05,6.67e-05,9.45e-05,7.32e-05,0,0,0,0.000261053,0,0.000121814,0.000155933,0.000228566
"X754_Group3E_142dpi_RA_229_G_F9_P124.mzXML",754,"Group3E","142dpi","RA","F9","P124",0,0.005544179,5.28e-05,0.000162095,0.000156843,0,0,0,0.006708922,0,0,0.005544179,0.004276938,0,0.000332724,0,0.000782708,0.001076223,0,0.000302919,0.00131849,0.00032733,0.000232202,0.00158871,0,0.00358741,0.000190183,0.00535782,0.059168967,0.000318167,0.00010434,4.55e-05,0.000255977,0.000326293,0,8.4e-05,0.000745436,0.00117872,0,0.000922477,0.001085541,0,4.49e-05,0.000129034,0.004370117,0.000301915,0,0,0,0.001817,0,0.002702205,0,0.000740777,0,0.002758112,0,0.000127011,0.000414271,0,3.85e-05,0,0,0,0,0,0.000157991,0.000138875,0.000136192,0.003326507,0.001719161,0,0.000778049,0,0.000252404,0.002082561,0.000507828,0,0,0,0,0.003647976,0.000810661,3.46e-05,0,0.001733138,0,0,0,0,0.092713578,0,0,0,0,9.08e-05,0,0.000247943,0,0.023294869,0,0.011321306,0.001071564,0.000278285,0,0.001262582,0,0,0.000433505,0.000220597,0,0,0,0.000146701,0,0,0,6.37e-05,5.88e-05,3.64e-05,0,0,0.003466276,0,0.002911859,0,0,0,0.004365458,0.000140001,0.000475215,0,0.000454508,0.00526464,0,0,0.006336204,0.000196802,0,0,0,0.001644618,0,0,0.000132581,0,4.93e-05,0.000549759,0.004533181,0,0,0,0.003466276,0,0.000299654,0.000350362,0.000374768,0.000610326,0,0.000246121,0.0005451,0.000238374,0,0.000647597,0,0.000122032,0.000293166,0,0.000157455,0.000413297,0.00012043,0,5.32e-05,3.85e-05,4.72e-05,0,0,0,0,7.3e-05,0.000128934,0.000186078,8.96e-05,0.000176877,0.001807682,0,0.000582372,0.000370318,0,3.59e-05,0,0.000173481,0.000183532,0.000244237,0.000109674,5.74e-05,0,0,0.000610326,0,0,0.000140855,5.81e-05
"X755_Group3E_142dpi_RA_230_G_F10_P124.mzXML",755,"Group3E","142dpi","RA","F10","P124",0,0.004208195,4.52e-05,0.000206019,0,0,0,0,0.003378606,0,0,0.003156146,0.002901245,0,0.000722994,8.71e-05,0,0,0,0.00018652,0.000991799,0.000261281,0.000115651,0,0,0,8.14e-05,0.004449193,0.0371693,0,0,4.51e-05,9.48e-05,0.000301458,0,0.000138768,5.1e-05,0.001344027,0,0,0,0,4.32e-05,0,0,0.000372188,0,3.97e-05,0,0.001450622,0,0.002094828,0,0.000699821,0,0.001330123,0,0,0,0,0,0,0,0,0,0,9.92e-05,0.000167591,0,0.002984667,0,0,0.000829589,0,0,0.000787878,0,0,0,0,0,0,0,0,0,0,0,0,0,0,0,0.000125607,0,0,0,0.000112134,0,0.00114474,0,0,3.11e-05,0.010427796,0,0.000500534,0,0.001116933,0,0,0,0,4.62e-05,0,5.13e-05,0.000197894,0,0,0,5.92e-05,5.17e-05,4.75e-05,0,0,0.004356501,0,0,0,0,0,0,0,0,0,0,0.0054688,0,0,0.007229939,0,0,0,0,0,4.12e-05,0,0.000246421,0,0.000143137,0.000351504,0.004680922,0,0,0,0,0,0,0.000195955,0,0,0,0.000392219,0.000913011,0,0,0.000396584,0,0,0,0.000333335,0,0.000209886,0,0,0,0.000140862,0,0,0,0,0,0,0,0,0,0,0.001520141,0,0.000838858,0.000271308,0,9.91e-05,0,0,6.65e-05,0,0,0,0,0,0.000217,0,0,0.000224361,0.000253869
"X611_Group9_142dpi_RA_181_G_B9_P124.mzXML",611,"Group9","142dpi","RA","B9","P124",0.000296965,0.003344147,0,0.00018154,0,0,0,0,0.003422987,0,0,0.002516323,0,0,0.000972365,0,0.000742414,0.000296969,0,0.000363341,0.000755554,0.00057954,0.000326775,0,0,0,0,0.003731779,0.027791242,0,0.000311603,0,5.74e-05,8.02e-05,0,0,0,0.001162896,8.1e-05,0.000755554,0,0,0,7.53e-05,0.001471688,0.002595163,5.83e-05,0,0,0.002017,0,0.002516323,0,0.000840964,0,0.001281157,0,0.000295828,0.000606406,0,0,0,0,0,0,0,0.000108801,0.000129881,0.00019071,0.003777769,0.001241736,0,0.001248306,0,0,0.004132551,0.000419827,0,0,0,0,0,0.001649078,0.000146425,0,0.001070915,0,0,0.000301582,0,0.060378608,0,0,0,0,0.000136761,0,0.001741059,0,0.014519774,0,0.006570034,0.000104505,0.000365859,0,0.001162896,0,0,0,0,7.82e-05,0,0,0,0,0,0,0.000103022,7.49e-05,7.23e-05,0,0,0.002746274,0,0.00187903,0,0,0,0.00395516,0,0.000185235,0,0.000543924,0.002831684,0,0,0.004185111,0.000184869,0,0,0,0.003035355,0,0,0.000210559,0,0,0.00017667,0.004566173,0,0,0,0.003396707,0,0.000198959,0,0.000214671,0.000525459,0,0.000481508,0.000709564,0,0,0.000558397,0,0.000123474,0.000190157,0,0.000149842,0.000115848,0,0,0,0,0,0,0,0,0,0,0,0,0,0,0.001169466,0,0.000391542,0,0,0,0,0,0,0,0,0,0,0,0,0,0,9.82e-05,0
"X612_Group9_142dpi_RA_182_G_B10_P124.mzXML",612,"Group9","142dpi","RA","B10","P124",0,0.003127827,3.24e-05,0,0.000104231,0,0,0.000154281,0.004748373,0,0,0.002953575,0.002356761,0,0.001228478,0,0.000420165,0.000631664,0,0.000141348,0.000321398,0,8.54e-05,0.001794798,0,0.000605526,7.5e-05,0.001616189,0.020736014,5.02e-05,4.66e-05,0,0,4.57e-05,0,0,0.000453056,0.000840767,0.000120893,0.001446293,8.49e-05,0,0,0.000158581,0.002613783,0.000323548,6.29e-05,4.56e-05,0,0.002191222,0,0.003480688,0,0.000470481,0,0.001346098,0,0.000444343,0.000731859,0,0,0,0,0,0,0,0.000113149,0.000192656,0.000285682,0.003088621,0.003271585,0,0.000618595,0,0.000453056,0.002844667,0.001093433,0,0,0,3.95e-05,0.003890181,0.002182509,9.57e-05,0,0.000853836,0,0,0.000117625,0,0.065780211,9.86e-05,0,5.81e-05,0,4.3e-05,0,0.002199934,0,0.020082568,0,0.005968138,0.00071879,0.000823342,0,0.000731859,0,0,0,0.00180351,0.000115085,0,7.01e-05,0.000243604,0,0.00010267,0,0.000385796,0.000413358,5.73e-05,0,0,0.001964694,0,0.004530558,5.02e-05,0,0,0.004791936,0,0.00084948,0,0.000487906,0.006098828,0,0,0.009627435,0,0,0,0,0.001964694,0,0,0.00021513,0,4.85e-05,0.000457412,0.003297723,0,0,0,0.003541676,0,0.000266422,0.000235874,0.000330373,0.000514044,0,0,0.000927893,0.000137024,0,0.000505331,0,0.000260212,0.000309569,0,0.000103025,0.000277253,4.64e-05,0,4.31e-05,3.99e-05,0,3.46e-05,0,0,4.35e-05,5.28e-05,5.9e-05,8.16e-05,8.57e-05,7.73e-05,0.001459362,0,0.000470481,0.000252749,0,0,0,9.94e-05,9.26e-05,0.000118548,7.86e-05,0,0,0,4.68e-05,0,0,0.000123065,0.000280214
"X613_Group9_142dpi_RA_183_G_B11_P124.mzXML",613,"Group9","142dpi","RA","B11","P124",0,0.003517338,0,0.000159311,0,0,0,3.66e-05,0.004468568,0,0,0.003349214,0,0,0,0.000120275,0.000530919,0.000597284,0,0.000124001,0.000774257,0.000301951,0,0,0,0,0,0.002451076,0.03654492,0,0,0,8.97e-05,0.00026438,0,4.15e-05,0,0.001150324,0,0.000389676,0,0,0,0,0,0.000400212,0,0.000289311,0,0.001406935,0,0.002075008,0,0.000433793,0,0.001358268,0,0,0,0,0,0,0,0,0,0,9.48e-05,0.000183433,0,0.002840416,0.000986624,0.000282914,0.000451281,0,0,0.000548616,0,0,0,7.31e-05,0,0,0.001999795,0,0,0.000716741,0,7.26e-05,0,0,0,0.000167051,0,0,0,6.18e-05,0,0.002313922,0,0.020263406,0,0.008406217,0,0.000986624,0,0.001455603,0,0,0,0,3.8e-05,0,0,9.97e-05,0,0.000176844,0,0.000530919,0.000535343,0,0,0,0.001530816,0,0,0,0,0,0,0,0.000287196,0,0,0.005840108,0,0,0.007875298,0,0,0,0,0,0,0,0.00037905,0,0,0.000144436,0.002548411,0,0,0,0.002539562,0,0,0.000268401,0.000287278,0.000416494,0,0.000530919,0.000482251,0.000230713,0,0.000446857,0,0,0,0,0.000104581,0.000286059,9.19e-05,0,7.23e-05,0,0,0,0,0,0,0,0,6.95e-05,0,0,0.000898138,0,0.000446857,4.41e-05,4.12e-05,8.7e-05,0,0,7.64e-05,6.03e-05,6.76e-05,0,0,0,0.000133851,0.000278877,9.99e-05,0.000310657,0.000371385
"X614_Group9_142dpi_RA_184_G_B12_P124.mzXML",614,"Group9","142dpi","RA","B12","P124",0,0.001616292,0,0.000147381,0,0,0,9.49e-05,0.005227695,0,0,0.00355458,0,0,0.000340995,9.74e-05,0.000669246,0.000637678,0,0.000322028,0.001483706,0,0.000313079,0,0,0,0.000246513,0.005196127,0.060169006,0,0.00011118,5.87e-05,8e-05,8.14e-05,0,0,0,0.001306924,0,0.000625712,0.000427627,0,0,0.000161771,0.000795519,0.000763951,0.000158426,0,0,0.002708552,0,0.002336047,0.001755192,9.84e-05,0,0.000301952,0,0.000370254,0.000846028,0,0,0,0,0,0,0,6.33e-05,0.000253608,8.86e-05,0.004848877,0.000984928,0,0.001319551,0,0,0.003099998,0.000149437,0,0,0,0,0,0.000751323,0.00025874,0,0.000152448,0,0,0,0,0,0.000170101,0,5.08e-05,0,0.000102909,0,0.002146638,0,0.008270871,0,0.001490019,7.94e-05,0.001085946,0,0,0,0,0,0.000539934,0,0,0,0.000206594,0,0,0,0.000243253,0.000250888,0,0,0,0.000148491,0,0.003737676,0,0,0,0.00757637,0,0.000287,0,0.000325874,0.008207734,0,0,0.010985737,0,0,0,0,0.001666801,0,0,7.45e-05,0,0,0,0.003017921,0,0,0,0.004709977,0,5.41e-05,0.000187949,0.000545201,0.000371159,0,0.000221517,0.000273036,0,0,0.00088391,0,0,0.000180808,0,0,0.000222249,0,0,0,0,0,0,0,0,0,7.85e-05,0.000108879,0.00010599,0.000161816,5.63e-05,0.000121725,0,0,0,0,0,0,0.000106835,8.89e-05,0.000137459,0.000176802,6.72e-05,0,0,0.000158622,0,0,0,0.000292866
"X615_Group9_142dpi_RA_185_G_C1_P124.mzXML",615,"Group9","142dpi","RA","C1","P124",0,0.001721012,0,0,0,0,0,0,0.002510265,0,0,0.003511448,0.001947557,0,0.000276143,0,0.000675981,0.000268986,0,0.000164945,0.000811177,0.000208248,0.000237495,0.001300807,6.42e-05,0,0.000114604,0.00289393,0.038001107,0,7.72e-05,0,0,0.000380011,0,0,0,0.001216766,0,0.000774638,0,0,0,7.55e-05,0.001520044,0.000895218,0.000302573,3.09e-05,0,0.001911017,0,0.002375069,0,0.000276551,0,0.000734444,0,0.000285385,0.000562709,0,0,0,0,0,0,0,0,0.000169074,0.000117244,0.002974317,0.000741752,0,0.000650404,0,0,0.001012145,0.000427512,0,0,0,0,0,0.001764859,0.000165421,0,0.000467706,0,0,0,0,0.038366502,0.000172627,0,3.17e-05,0,5.64e-05,0,0.002729503,0,0.012788834,0,0.005042455,0.000219821,0.000529823,0,0.000690597,0,0,0,0.000219307,0,0,2.74e-05,0.000409243,0,0,0,0,3.97e-05,0,0,0,0.000705213,0,0,0,0,0,0.002886623,0,0.000193755,0,0.000562709,0.003909729,0,0,0.005225152,0,0,0,0,0.001626009,0,0,0.000280095,0,0,8.02e-05,0.003043742,0,2.81e-05,0,0.002031598,0,0,0,0.000191623,0.000360417,0,0.000464052,0.000423858,0.000168617,0,0.000354819,0,8.2e-05,0,3.52e-05,8.61e-05,8.65e-05,0,0,6.11e-05,6.36e-05,0,0.000133569,0,0,0,0,0,0,0,0,0.000595594,0,0.000261078,0,0,0,0,0,0,3.79e-05,0,0,0,0,6.42e-05,0,3.91e-05,0.000243785,0.000208526
"X696_Group9_142dpi_RA_206_G_D10_P124.mzXML",696,"Group9","142dpi","RA","D10","P124",0.000148713,0.0022794,3.24e-05,0.000141115,0,0,0,5.2e-05,0.002966008,0,0,0.002697638,0,0,0,0,0.000421724,0.000446121,0,0.000117743,0.000498401,0,7.74e-05,0.001268657,0,0.001655527,6.83e-05,0.002627932,0.024815485,0,4.32e-05,0,5.05e-05,9.21e-05,0,4.44e-05,0,0.000550681,0.000187341,0.000986346,2.66e-05,0,0,2.61e-05,0.00178797,0.00119198,5.45e-05,0,0,0.002000574,0,0.00249549,0,0.000260674,0,0.00124426,0,0.000167383,0.000335962,0,0,0,0,0,0,0,0.000162575,0.000117316,0.000210105,0.00239093,0.001979662,0,0.000442636,0,0.000207683,0.001669469,0.001439438,0,0,0,2.68e-05,0.002342136,0.004321798,2.67e-05,0,0.000494916,0,0,0,0,0.03833853,0,0,4.04e-05,0,7.01e-05,0,0.001470805,0,0.010665082,0,0.005088568,0,0.000630843,0,0.000731917,0,0,0,0.000547195,4.58e-05,0,2.62e-05,0.000169616,0,0,0,9.51e-05,0.000107601,4.96e-05,0,0,0.001753116,0,0.002401386,0,0,0,0.002613991,0,0.000362473,0,0.000195909,0.003467894,0,0,0.003973266,0.000180051,0,0,0,0.001045596,0,0,8.71e-05,0,0,0.00010442,0.002983435,0,0,0,0.002669756,0,0.000158032,0.000189338,0.000241037,0.000404297,0,0.000234293,0.000435665,0.000143846,0,0.000421724,0,0.000133407,4.16e-05,0,0.000128255,0.000222596,0.000102056,0,6.16e-05,2.97e-05,0,0,0,0,0,0,0,0,0,0,0.000798138,0,0.000173075,7.13e-05,0,0,0,5.76e-05,5.88e-05,6.01e-05,4.87e-05,0,0,0,0.000384864,0,0.000335194,0.000365959,0.000199815
"X697_Group9_142dpi_RA_207_G_D11_P124.mzXML",697,"Group9","142dpi","RA","D11","P124",9.54e-05,0.002146539,2.15e-05,8.46e-05,5.99e-05,0,0,0,0.004473028,0,0,0.003521867,0.002853483,0,0.001614403,2.14e-05,0.000434449,0.000521853,0,6.58e-05,0.000349616,0,0,0.001125969,0,0.001018,0,0.0014216,0.018714739,8.69e-05,4.88e-05,0,0.000163497,7.15e-05,0,2.5e-05,0.000298202,0.000596404,0.000272495,0.001064272,0.000331621,0,0,7.63e-05,0.001763504,0.000632394,6.76e-05,0,0,0.001313631,0,0.001964019,0,0.000264783,0,0.000794348,0,0.000210284,0.000375323,0,0,0,0,0,0,0,0.000145759,8.25e-05,0.000204885,0.001560418,0.002527004,0,0.000403601,0,0.000212083,0.00065553,0.001465302,0,0,0,0,0.00240361,0.003650402,5.32e-05,0,0.000491005,0,5.73e-05,4.06e-05,0,0.038817658,0,0,0,0,4.06e-05,0,0.001059131,0,0.011079742,0,0.003341918,0.000367611,0.000416454,0,0.000308485,2.06e-05,0,0,0.000935737,2.47e-05,0,0,0.000174551,2.57e-05,6.38e-05,0,0.000300773,0.000341904,0,0,0,0.00112854,0,0.002776362,0,0,0,0.004421614,0,0.000637535,0,0.000388177,0.004910048,0,0,0.006760956,0.000372752,0,0,0,0.001583555,0,0,0.000160926,0,2.72e-05,0.000207713,0.002827776,0,2.19e-05,0,0.002218519,0,0.000256556,0.000217225,0.000185348,0.000352187,0,0.000267353,0.00036247,0.000303343,0,0.000359899,0,0.000158098,0.000225451,0,0.000146016,0.000216453,0.000134705,0,0,5.35e-05,0,4.91e-05,0,0,0,0,0,0,0,0,0.000519283,0,0.000157841,0.000122366,0,0,0,2.62e-05,0,3.39e-05,0,2.65e-05,6.14e-05,0,0.000375323,0,0.000248073,0.000175322,0.000183034
"X698_Group9_142dpi_RA_208_G_D12_P124.mzXML",698,"Group9","142dpi","RA","D12","P124",0,0.000861739,0,0,0,0,0,0.00025894,0.005885046,0,0,0.002099175,0,0,0.000388833,0.000109006,0.000346797,0.000945811,0,0,0.000286371,0.000685713,3.74e-05,0.000943184,0,0,3.45e-05,0.002490636,0.016761873,7.83e-05,3.4e-05,0,0.000201048,0,0,0,0,0.000341543,0.000259884,0.000951066,0.000338916,0,0,0.000240237,0.000286371,0.000617404,0,2.3e-05,0,0.001355662,0,0.001980949,0,7.04e-05,0,0.000216934,0,0.000210242,0.000367815,0,0,0,0,0,0,0,0.00065944,8.62e-05,0.000237633,0.001623642,0.002277828,0,0.000488669,0,0.000428242,0.000993102,0.001450244,0,0,4.48e-05,0,0.002346137,0.003126431,2.59e-05,0,0.000103654,8.29e-05,0,0,0,0.014108347,4.47e-05,0,0,0,4.25e-05,0,0.003730699,0,0.004387512,0,0.001284727,5.42e-05,0.000273234,0,0.000145753,0,0,0,0.000367815,0,0,0,0.000457142,0,3.12e-05,0,0.000114595,0.000110005,0,0,0,0.000191143,0,0.003862062,0,0,0,0.007960576,0,0.000380952,0,0.000270607,0.008486027,3.28e-05,0,0.009064022,0,1.92e-05,0,0,0.001074546,0,0,3.08e-05,0,0,3.23e-05,0.001571097,0,0,0,0.002537926,0,0,0.000570114,0.000281116,0.000237747,0,0.000148316,0.00024743,0,4.34e-05,0.000359934,0,8.13e-05,0,0,0.00012829,0.000525451,0.000127781,0,0.000152074,0,3.71e-05,0,0,0,4.82e-05,9.42e-05,9.75e-05,0.000137423,6.71e-05,6.94e-05,0.000117394,0,3.14e-05,0,0,0,0,0.000146352,0.000142613,0.000128339,9.9e-05,5.39e-05,0,0,0.000107523,0,8.64e-05,0.000136386,0.000250062
"X699_Group9_142dpi_RA_209_G_E1_P124.mzXML",699,"Group9","142dpi","RA","E1","P124",0.000193853,0.001291852,0,0.000280099,0,0,0,0,0.004774234,0,0,0.002369565,0.002583703,0,0.000951336,0,0.000428277,0.000768792,0,0.00015932,0.000523059,0,0,0.001565668,0,0.001628856,5.26e-05,0.002555619,0.027592265,4.81e-05,0,0,0.00011037,0.000162218,0,0,0.000372109,0.001046119,0,0.001340998,0.000172767,0,0,0.00020427,0.001095265,0.002092238,0,0,0,0.001435781,0,0.002653913,0,0.000125757,0,0.000572206,0,0.000295296,0.000730177,0,0,0,0,0,0,0,0.000236934,0.00011373,0.000165443,0.002534557,0.001962351,0,0.000775813,0,0.000445829,0.001418228,0.001025056,0,0,0,0,0.004844444,0.00263285,0.000184961,0,0.000195504,3.88e-05,0,0,0,0.024187113,0,0.000155453,3.48e-05,0,3.33e-05,0,0.002667954,0,0.007723026,0,0.002155426,0.000229408,0.000733687,0,0.000206258,0,0,0,0.000652947,3.29e-05,0,0,0.000265318,0,3.68e-05,0,9.84e-05,0,3.45e-05,0,0,0.000334917,0,0.003721094,0,0,0,0.006704991,0,0.000336849,0,0.000421256,0.008179387,0,0,0.011057969,0.000480934,0,0,2.94e-05,0.002608276,0,0,0.000229167,0,0,7.73e-05,0.002380096,0,4.16e-05,0,0.002657423,0,0.000361578,0.000311797,0.000242163,0.00037562,0,0.000225072,0.000316689,0.000294023,0,0.00024254,0,7.84e-05,0.000301988,0,0.000115831,0.000304885,0.000149233,0,7.13e-05,3.05e-05,0,0.000146328,0,0,0,5.48e-05,8.72e-05,0.000116858,8.99e-05,6.24e-05,0.000282635,0,5.08e-05,0,0,0,0,7.68e-05,0.000109177,0.000156095,9.35e-05,5.53e-05,0,0,0.000107511,0,0,0.000249561,0.000268579
"X700_Group9_142dpi_RA_210_G_E2_P124.mzXML",700,"Group9","142dpi","RA","E2","P124",0.00025615,0.002921816,3.24e-05,0,0,0,0,0,0.002874527,0,0,0.002475944,0,0,0,0,0.000214661,0.000296014,0,0.00013254,0.000611386,0.000168674,4.01e-05,0,0,0,0,0.00209425,0.02452299,0,7.7e-05,0,0,0.000118373,0,3.88e-05,0,0.000834322,0,0,0,0,3.06e-05,0.000150326,0,0.000415472,0,8.71e-05,0,0.001357885,0,0.00232732,0,0.000308302,0,0.000675564,0,0,0.000483029,0,0,0,0,0,0,0,0.000173011,0.000138807,0,0.002165184,0,2.71e-05,0.00052694,0,0,0.000618141,0.001172104,0,0,0,3.15e-05,0,0,0.00012133,0,0.000553963,0,4.64e-05,0,0,0.048640641,0.000186136,0,4.31e-05,0,4.13e-05,0,0.003681826,0,0,2.77e-05,0.006519197,0,0.000979568,0,0.000577608,0,0,0,0,3.93e-05,0,3.5e-05,0.000302511,0,4.61e-05,0,0.000155054,0.000234813,3.62e-05,0,0,0.001604466,0,0,0,0,0,0,0,0,0,0.000391827,0.005607185,0,0,0.006890758,0,0,0,0,0.003479157,0,0,0.000146582,0,7.67e-05,0.000170923,0.002107761,0,0,0,0.001965893,0,0,0.000198253,8.55e-05,0.000240955,0,0.000199921,0.000401961,0,0,0.000152326,0,0.000109626,0,0,0.000179981,0.000240628,0,0,5.81e-05,0,0,0,0,0,0,0,0,0,0,0,0.000743121,0,0.000428983,7.54e-05,0,3.85e-05,0,0,0,0,0,0,0.000181007,0,9.84e-05,0,0.000181793,0.000319494,0.00029558
"X781_Group9_142dpi_RA_231_G_F11_P124.mzXML",781,"Group9","142dpi","RA","F11","P124",0,0.004841237,5.25e-05,0.000152191,0,0,0,0,0.003762566,0,0,0.00330247,0.002566315,0,0.0010071,0,0,0,0,8.59e-05,0.000782164,0,6.92e-05,0,0,0,0,0.003992614,0.032973575,0,0.000114992,0,6.4e-05,0.000160013,0,6.61e-05,0,0.001104231,0,0,0,0,0,0,0,0.003414938,0,0.000108662,0,0.002136892,0,0.003205338,0,0.000690145,0,0.001247372,0,0,0,0,7.97e-05,0,0,0,0,0,0.000541891,0.000172183,0,0.002919056,0,0,0.000536779,0,0,0.001819937,0,0,0,3.98e-05,0,0,0.001635898,0,0,0,0,0,0,0,0,0.000240909,0,0,0,0.000155588,0,0.001467196,0,0,0,0.012371481,0,0.001012212,0,0.001237148,0,0,0,0,5.22e-05,0,4.39e-05,0.000333761,0,0,0,0.000139374,0.000219149,4.88e-05,0,0,0.002990627,0,0,0,0,0,0,0,0,0,0,0.00812837,0,0,0.015183181,0,0,0,0,0,0,0,0.000365687,0,7.75e-05,0.000309045,0.00409997,0,0,0,0,0,0,0.000129956,0,0,0,0.000364322,0.00072593,0,0,0.000618574,0,0,0,0.00040927,0,0.000289859,0,0,5.7e-05,0.000228284,0,0,0,0,0,0,0,0,0,0,0.001257597,0,0.000649247,0.00011543,0,5.31e-05,0,0,0,0,0,0,0,0,0.000100715,0,0,0.000420245,0.000358431
"X782_Group9_142dpi_RA_232_G_F12_P124.mzXML",782,"Group9","142dpi","RA","F12","P124",0.000438613,0.004240256,0,0.000331897,0,0,0,0.00017832,0.005484909,0,0,0.001666568,0.000984471,0,0,0.0001335,0.000857896,0.0008368,0,0.000427283,0.001736888,0,0.000363077,0,5.34e-05,0,0.000196814,0.006504539,0.079460854,0,0.000164157,0,0,0.000780545,0,0,0,0.002742454,0,0.000311974,0.000137142,0,0,0.000229409,0.003628478,0.003881628,0.000207213,0,0,0.002615879,0,0.002306474,0.001800175,0.000641469,0,0.001659536,0,0.00028433,0.000935247,0,0,0,0,0,0,0,0.000141413,0.0002664,6.49e-05,0.004563725,0.000857896,0,0.000998535,0,0.000394185,0.001251684,0,0,0,0,0,0,0.000101856,0.000111739,0,0.001118078,0,0,0,0,0.085086402,0,0.000318933,0,0,0.000109308,0,0.002615879,0,0.027424543,0,0.01068854,0.000539317,0.000372638,0,0.001729856,0,0,0,0.000528913,0,0,0,0.000504776,0,0,0,0,0,0,0,0,0.002334602,0,0.005836505,0,0,0,0.005977144,0,0.000596685,0,0.000383424,0.011110456,0,0,0.013430994,0,0,0,0,0.00192675,0,0,0.000114866,0,0,0.000132096,0.001877526,0,0,0,0.003684733,0,0.000100195,0.000185652,0.00033673,0.000293693,0,0,0.000893056,0,0,0.000622142,0,0,0,0,0,0.000331899,0,0,0,0,0,0,0,0,0,0,0,0.000117511,0,0,0.001596249,0,0.000731321,7e-05,0,0,0,8.44e-05,0,0,9.12e-05,7.38e-05,0,0,0,0,0,7.62e-05,0
"X783_Group9_142dpi_RA_233_G_G1_P124.mzXML",783,"Group9","142dpi","RA","G1","P124",0,0.003283496,0,0.000253745,0,0,0,0,0.002925579,0,0,0.001968541,0.001338297,0,0.001283831,0,0,0,0,0.000565582,0.002015226,0.000358844,0.000144022,0,0,0,0.000124702,0.006193514,0.076329612,0,0.000130332,0,0,0.000557695,0,0,0,0.002482074,0,0,0,0,0,7.59e-05,0,0.000567199,0.000296062,0,0,0.002863333,0,0.004365027,0,0.000498541,0,0.000902572,0,0.000221356,0.001206023,0,0,0,0,0,0,0,0.000213451,0.000195152,0.00017742,0.005493242,0,0,0.0011749,0,0,0.001291612,0,0,0,0,0,0,0,0,0,0,0,0,0,0,0,0.000253017,0,6.52e-05,0,0.000314104,0,0.001159339,0,0,5.93e-05,0.007858604,0,7.91e-05,0,0.000848107,0,0,0,0,7.95e-05,0,7.05e-05,0.000123623,0,0,0,0,0,7.41e-05,0,0,0.001501694,0,0,8.78e-05,0,0,0,0,0,0,0.000446564,0.00606124,0,0,0.008325452,0,0,0,0,0,0,0,0.000203299,0,0,0.000130865,0.002777744,0,0,0,0.003283496,0,0,9.38e-05,0,0,0,8.42e-05,0.000642462,0,0,0.000636803,0,0,0,0,0,0.000109912,0,0,0,0,0,0,0,0,0,0,0,0,0,0,0.000988161,0,0.000504431,0,5.24e-05,0,0,0.000114269,0.000110999,0,8.42e-05,0,0,0,0,0,0,0,0
"X784_Group9_142dpi_RA_234_G_G2_P124.mzXML",784,"Group9","142dpi","RA","G2","P124",0.00030328,0.005617776,0,0.00031983,0,0,0,0,0.004149076,0,0,0.003003491,0,0,0.000684689,0.000208803,0,0,0,0.000183232,0.001160273,0.000844502,0.000140955,0,0,0,0.000106024,0.002768499,0.045235948,0,0.000178099,0,0.000307107,0.000214904,0,7.04e-05,7.37e-05,0.00176244,0,0,0,0,6.06e-05,0,0,0.000910594,0,0,0,0.002114927,0,0.003657062,0,0.00105012,0,0.001747753,0,0,0,0,8.55e-05,0,0,0,0,0,0.000405204,0.00030389,0,0.004200481,0,0,0.000859189,0,0,0.00105012,0,0,0,0,0,0,0.000419022,0,0,0,0,0,0,0,0,0.000337227,0,0,0,0.000230018,0,0.001189647,0,0,0,0.014172951,0,0.00088122,0,0.001990088,0,0,0,0,0,0,0,0.000172317,0,0,0,0,0,0,0,0,0.003833306,0,0,0,0,0,0,0,0,0,0,0.009399678,0,0,0.009913722,0,0,0,0,0,0,0,0.000171335,0,0,0.000293617,0.003231139,0,0,0,0,0,0,0.000224652,0,0,0,0,0.001211677,0,0,0.000961998,0,0,0,6.36e-05,0,0.000255966,0,0,0,0,0,0,0,0,0,0,0,0,5.54e-05,0,0.001799157,0,0.001064807,8.87e-05,0.000102836,0.000125246,0,7.17e-05,9.33e-05,9.1e-05,0,0,0,0,0,0,0,0.000112643,0.000169071
"X785_Group9_142dpi_RA_235_G_G3_P124.mzXML",785,"Group9","142dpi","RA","G3","P124",0,0.003086626,0,0.000327558,5.5e-05,0,0,0.000126485,0.00395917,0,0,0.003042999,0,0,0.001488779,0,0.000594421,0.000703489,0,0.000218734,0.000605328,0,0.000209915,0.002050479,0,0.001641474,0.00017418,0.003097533,0.035556185,0,0,0,0,0.000128125,0,0,0.000471462,0.001221562,0.000165052,0.000954345,0.000210214,0,0,0.000171847,0.002524925,0.000747116,0,0,0,0.001712368,0,0.002983011,0,0.000420461,0,0.001390618,0,0.000310764,0.000519974,0,0,0,0,0,0,0,6.96e-05,8.27e-05,0.000143868,0.00314116,0.00213228,0,0.000638048,0,0.000293194,0.002481298,0.000486962,0,0,0,0,0.004046425,0.000763476,0.000109354,0,0.00075257,0,0,6.04e-05,0,0.067622193,8.82e-05,0,4.27e-05,0,0.00015432,0,0.000654408,0,0.019414113,0,0.004946236,0.000648955,0.000175736,0,0.00041555,0,0,0,0.001417885,0,0,4.48e-05,0,0,0,0,4.51e-05,4.43e-05,5.08e-05,0,0,0.001516046,0,0.002966651,0,0,0,0.004940783,0,0.000444153,0,0.000703489,0.005562471,0,0,0.007743832,0.00036413,0,0,0,0.003004825,0,0,0.000291581,0,0,0.000352696,0.004482697,0,4.53e-05,0,0.003604699,0,0.000218355,0.000254798,0.000242602,0.000616234,0,0,0.000605328,0.00022604,0,0.000665315,0,5.3e-05,0.000480349,0,7.56e-05,0.00019394,0.000126621,0,6.57e-05,4.49e-05,0,3.92e-05,0,0,0,7.13e-05,0.000189565,8.14e-05,8.43e-05,0,0.000921625,0,0.000185552,0.000105723,0,0,0,0.000148299,9.78e-05,0.000139709,0.000170568,0,0,0,0.000192424,0,0,0.000133248,7.34e-05
