filename,LA_50DPI
X137.046_0.35,0.025770797
X269.088_0.35,0.017147341
X169.036_0.375,0.172271396
X338.342_3.533,0.943478635
X387.181_2.767,0.006427199
X311.081_2.525,0.060803258
X228.196_2.71,0.25446682
X404.207_2.768,0.008412717
X496.341_2.926,0.519982787
X310.31_3.391,0.376686062
X228.196_3.321,0.844115447
X285.022_2.394,0.011475436
X336.326_3.156,0.060803258
X524.372_3.04,0.360358048
X596.357_2.948,0.092353264
X409.162_2.768,0.011181917
X244.191_2.61,0.733538135
X624.388_3.054,0.003193531
X226.181_2.61,1
X238.1_2.259,0.606262894
X226.181_3.32,0.816012733
X244.191_3.324,0.790086709
X638.403_3.073,0.007840049
X287.018_2.395,0.01415336
X489.228_2.768,0.005805038
X110.021_5.865,0.888086217
X312.326_3.521,0.228617853
X610.372_2.951,0.195606318
X110.021_6.211,0.030923534
X580.361_2.989,0.631644954
X183.15_2.549,0.265289081
X637.306_3.32,0.027931862
X146.981_3.86,0.49290002
X105.07_2.767,0.008412717
X352.321_3.187,0.841305494
X432.238_2.769,0.030923534
X200.165_3.207,0.209573095
X267.123_2.767,0.007840049
X200.165_2.552,0.039845001
X126.022_0.338,0.528258898
X608.393_3.098,0.052001745
X666.434_3.024,0.631644954
X123.056_0.323,0.611937192
X240.097_2.259,0.503678613
X522.357_2.957,0.49290002
X482.325_3.027,0.948267458
X308.295_3.045,0.041726227
X258.206_2.778,0.079300635
X650.44_3.113,0.360358048
X333.063_2.524,0.008412717
X594.377_3,0.49290002
X282.279_3.26,0.675459052
X285.133_2.768,0.005307045
X790.38_2.768,0.006890719
X417.337_3.233,1
X582.341_3.046,0.006890719
X622.409_3.109,0.074144972
X100.076_2.546,0.529773741
X366.373_3.699,0.703549657
X401.342_3.422,0.191007518
X340.357_3.733,0.174206905
X636.388_2.978,0.376686062
X214.181_2.634,0.697244551
X198.15_2.471,0.49290002
X132.102_0.307,0.528258898
X113.964_6.456,0.311718689
X678.478_3.062,1
X110.021_5.953,0.468166056
X369.352_3.849,0.722883179
X369.17_2.767,0.003193531
X568.341_2.887,0.376686062
X221.111_2.312,1
X321.315_3.533,0.919853435
X634.453_3.069,0.660416327
X208.17_3.328,0.701887282
X694.465_3.135,0.048668373
X216.196_2.567,0.555640952
X313.077_2.525,0.060803258
X354.337_3.278,0.258659701
X216.16_2.471,0.360358048
X137.046_0.42,0.071349953
X111.092_5.384,0.49290002
X652.382_2.947,0.1076749
X520.341_2.89,0.581208359
X425.136_2.773,0.073904126
X795.335_2.768,0.014642936
X280.263_3.169,0.066126144
X256.264_3.225,0.528258898
X198.186_3.331,0.816012733
X113.964_6.627,0.733846598
X111.092_5.093,0.107790125
X256.227_2.847,0.120709938
X295.227_3.017,0.258659701
X111.092_4.634,0.258659701
X454.294_2.917,0.975219156
X122.072_5.438,0.195606318
X432.238_2.839,0.360358048
X590.427_3.075,1
X554.31_2.942,0.014642936
X544.34_2.89,0.49290002
X103.956_5.525,0.909567976
X646.408_3.051,0.153229023
X232.191_2.63,0.859410876
X308.295_3.285,1
X524.335_2.977,0.107697029
X680.414_3.051,0.015292883
X666.433_3.092,0.007745839
X230.248_2.715,0.49290002
X678.469_3.244,0.361908068
X224.084_2.236,0.099505894
X281.102_2.768,0.003193531
X526.294_2.877,0.844115447
X301.285_2.662,0.360358048
X216.16_3.213,0.49290002
X375.199_2.868,0.397974504
X283.118_2.713,1
X664.419_3.086,0.046741312
X343.296_2.691,0.781534188
X608.393_3.002,0.197532474
X550.351_3.01,0.009892143
X324.29_3.082,0.701887282
X128.118_5.106,0.49290002
X694.465_3.092,0.524894562
X175.148_2.71,0.49290002
X278.248_3.1,0.092353264
X266.173_2.61,0.927931552
X250.178_2.71,0.581208359
X198.149_3.205,0.209573095
X566.346_3.087,0.360358048
X607.227_2.771,0.040294691
X385.346_3.54,0.228617853
X546.401_3.081,0.49290002
X334.31_3.1,0.360358048
X650.366_2.938,0.036214543
X272.222_2.957,0.360358048
X272.222_2.809,0.92780572
X340.285_3.14,0.099172081
X734.57_3.377,0.49290002
X191.143_3.329,0.741582927
X570.341_2.875,1
X622.408_3.044,0.274997074
X198.185_2.612,1
X113.964_6.749,0.624482997
X173.132_3.332,0.558620396
X296.258_2.976,0.896130637
X324.326_3.469,0.660416327
X568.361_2.947,0.030923534
X319.3_3.156,0.172271396
X199.989_2.374,0.660416327
X678.471_3.228,0.288483497
X622.372_2.977,0.030923534
X334.311_3.335,0.528258898
X480.309_2.951,0.606262894
X502.294_2.879,0.313459148
X786.601_3.279,0.805866744
X650.402_3.006,0.603178099
X674.439_3.163,0.011475436
X184.074_0.312,1
X113.964_1.584,0.61670403
X175.148_3.322,0.675459052
X385.346_3.401,0.151392916
X113.964_1.491,0.55635048
X636.423_3.105,0.351165486
X810.557_3.053,0.256216659
X209.177_3.331,0.585741219
X387.192_2.843,0.49290002
X113.964_1.63,0.814398188
X474.249_2.887,0.036214543
X786.601_3.393,0.847500019
X128.118_4.636,0.710313661
X113.964_1.401,0.838885649
X678.398_3.039,0.066126144
X678.432_3.079,0.147953449
X660.424_3.08,0.099505894
X242.212_3.159,0.847500019
X694.429_3.054,0.01295671
X654.332_3.32,0.027931862
X416.337_2.79,0.209037787
X666.397_2.955,0.1469013
X414.14_2.772,0.024900788
X400.342_2.89,0.92036133
X212.165_2.546,0.624482997
X636.424_3.106,0.102265429
X801.313_2.768,0.031106329
X991.673_2.928,0.948267458
X800.313_2.771,0.253897988
X668.413_2.991,0.091927249
X313.016_2.379,0.49290002
X538.315_2.977,0.0463198
X429.191_2.885,0.007723382
X606.378_3.022,0.099172081
X680.45_3.157,0.704014135
X692.414_2.985,0.256216659
X256.227_3.448,0.358671088
X1022.625_3.326,0.78567036
X254.212_2.739,0.49290002
X230.175_2.591,0.836617234
X180.175_2.611,0.760864545
X446.218_2.884,0.107790125
X620.393_3.029,0.976570623
X692.412_3.038,0.151392916
X313.144_3.062,0.120709938
X152.995_6.215,0.129670433
X397.379_3.191,0.256216659
X326.306_3.148,0.611937192
X790.558_3.336,0.496722308
X205.017_5.778,0.62742538
X172.133_3.109,0.256216659
X158.962_2.362,0.660416327
X460.269_2.772,0.017147341
X652.383_2.943,0.805866744
X374.303_3.189,0.586541922
X172.134_2.343,0.135804614
X670.393_2.893,0.228617853
X510.356_2.983,0.896130637
X109.023_5.881,0.527132828
X242.212_2.78,0.49290002
X654.398_2.907,0.172271396
X149.082_4.832,0.124566757
X153.041_0.336,0.49290002
X254.212_2.792,0.704014135
X402.358_2.884,0.49290002
X221.06_2.396,0.008412717
X650.403_3.074,0.006427199
X476.24_2.164,0.062972951
X688.455_3.179,0.120484648
X123.079_4.851,0.274997074
X664.382_2.957,0.315591452
X787.668_3.596,0.91884181
X680.413_3.014,0.239145204
X156.011_2.395,0.49290002
X622.372_3.037,0.07075739
X705.225_2.339,0.273247278
X166.087_0.522,0.121749552
X371.327_2.803,0.49290002
X652.418_3.02,0.120709938
X676.419_3.043,0.360358048
X682.363_3.329,0.019470252
X141.959_6.151,0.694563071
X153.041_0.412,0.009332344
X370.332_3.032,0.49290002
X277.216_3.018,0.331284132
X306.279_2.989,0.079300635
X240.196_2.728,0.359779482
X518.322_2.93,0.446131229
X475.989_2.164,0.0682258
X705.141_2.339,0.256216659
X668.377_2.925,0.741582927
X596.393_3.06,0.003193531
X652.418_3.078,0.017591525
X554.288_2.924,1
X367.336_3.39,0.046741312
X662.402_3.017,0.025942996
X676.454_3.145,0.446131229
X440.359_2.985,0.360358048
X226.081_2.237,0.142998972
X718.429_3.009,0.059419118
X120.102_0.391,0.37797309
X142.035_0.315,0.397974504
X482.361_2.958,0.258659701
X426.358_2.916,0.360358048
X119.049_2.77,0.030923534
X383.331_3.501,0.356040967
X245.139_2.376,0.733538135
X332.218_2.237,0.461294771
X149.082_4.735,0.86378886
X566.382_3.018,0.019470252
X285.217_3.322,0.49290002
X638.439_3.025,0.33473204
X368.316_2.962,0.49290002
X268.227_2.861,0.08735786
X682.429_3.009,0.218833852
X698.423_2.997,0.331284132
X158.962_2.581,0.360358048
X142.948_0.306,0.548488883
X254.212_3.447,0.242157239
X289.014_2.395,0.011604099
X696.445_3.083,0.01034684
X638.366_2.95,0.026955676
X776.253_2.398,0.277005278
X311.221_2.932,0.256216659
X732.444_2.968,0.147953449
X296.146_2.932,0.49290002
X720.445_3.09,0.017147341
X272.222_3.45,0.540162929
X293.211_2.931,0.330509007
X192.125_4.749,0.918794845
X141.959_1.787,0.665575744
X141.959_1.904,0.856811314
X398.033_0.301,0.070127753
X230.176_2.586,0.899015082
X350.305_2.966,0.490118935
X534.286_3.175,0.011475436
X158.962_2.089,1
X141.959_1.562,0.660416327
X771.644_3.333,0.360641395
X192.125_4.994,0.411094999
X396.332_2.991,0.360358048
X594.341_2.975,0.036214543
X706.464_3.123,0.350635342
X428.374_2.971,0.941335357
X652.419_3.146,0.07415692
X368.316_3.329,0.49290002
X815.699_3.647,0.49290002
X141.959_1.379,0.847500019
X502.374_3.089,0.49290002
X145.979_5.543,0.48198024
X303.232_3.023,0.863422684
X141.959_1.2,0.756557016
X720.444_3.034,0.228617853
X666.397_3.021,0.018142267
X251.037_0.329,0.068569184
X478.294_2.879,0.446131229
X141.959_1.295,0.944317517
X303.305_3.549,0.360358048
X114.092_2.075,0.099172081
X722.496_3.21,0.49290002
X610.406_3.059,1
X254.212_3.319,0.790086709
X692.449_3.051,0.011475436
X141.959_1.101,0.996752401
X694.428_3.006,0.052479226
X632.393_3.152,0.01034684
X810.601_3.479,0.760864545
X186.15_2.46,1
X484.385_2.982,0.360358048
X708.409_2.912,0.21397053
X114.092_0.357,0.307092423
X664.455_3.195,0.49290002
X150.059_0.3,0.975219156
X776.2_2.398,0.566593995
X245.175_3.33,0.49290002
X352.357_3.617,0.30147176
X819.378_2.399,0.384805699
X494.324_2.861,0.581208359
X141.959_5.867,0.910103419
X813.684_3.707,0.933876491
X120.066_0.596,0.49290002
X108.045_2.395,0.030923534
X138.995_6.301,0.418827984
X706.501_3.33,0.256216659
X307.083_0.407,0.416027965
X141.959_6.954,0.360358048
X114.092_2.178,0.48198024
X787.667_3.383,0.916495427
X245.175_2.611,0.496722308
X114.074_2.348,1
X114.092_6.756,0.360358048
X125.016_2.257,0.741582927
X114.092_0.768,0.631644954
X620.356_2.913,0.004331445
X293.284_3.393,0.49290002
X403.357_3.577,0.063780954
X141.959_6.859,0.159866651
X212.165_2.546.1,0.444672391
X718.428_2.956,0.100547971
X867.458_2.398,0.49290002
X638.367_3.032,0.055640039
X141.959_1.053,0.883142644
X182.081_0.418,0.223489206
X537.367_2.959,0.256216659
X368.389_3.935,0.219737144
X552.367_3.052,0.418827984
X412.211_2.304,0.548689847
X564.331_3.008,0.012357063
X366.3_3.035,0.350635342
X708.445_3.006,0.256216659
X626.366_2.922,0.088679523
X114.092_1.405,0.811838443
X694.428_2.938,0.256216659
X666.399_2.952,0.485589423
X439.121_2.673,0.04217096
X141.959_6.766,0.258507123
X114.092_1.255,0.670046676
X349.037_2.524,0.076639925
X444.369_2.876,0.298912042
X141.959_6.49,0.585741219
X141.959_0.99,0.971581126
X241.567_2.774,0.982666934
X428.373_2.982,0.364647805
X107.061_4.811,0.65231499
X114.092_1.976,0.843931001
X114.092_1.058,0.840981509
X432.281_2.268,0.660416327
X114.074_2.18,0.760864545
X716.45_3.129,0.071349953
X114.092_1.761,0.800813308
X818.59_3.473,0.332683909
X149.082_4.686,0.97449033
X388.306_2.704,0.360358048
X696.408_3.026,0.315591452
X441.136_2.721,0.300581945
X648.422_3.047,0.060803258
X350.305_3.132,0.888086217
X690.434_3.14,0.036214543
X819.267_2.398,0.619658053
X267.207_3.326,0.49290002
X648.423_3.138,0.075408232
X192.125_4.795,0.282323548
X262.08_2.775,0.741582927
X708.408_2.952,0.315591452
X141.959_0.935,0.428056362
X430.223_2.769,0.053017089
X158.922_0.304,0.017147341
X283.019_0.327,0.461837286
X704.45_3.153,0.005307045
X856.569_3.369,0.03531477
X141.959_0.889,0.899015082
X170.154_3.216,0.081499652
X674.439_3.065,0.200530233
X703.575_5.592,0.356040967
X618.339_2.931,0.496722308
X788.544_3.358,0.099172081
X141.959_0.429,0.847500019
X437.374_2.96,0.350635342
X736.439_3.019,0.059233317
X594.341_2.907,0.49290002
X776.306_2.398,0.49290002
X114.092_2.607,0.384805699
X634.372_2.992,0.047281427
X536.335_2.767,0.197532474
X828.538_3.267,0.49290002
X165.983_5.608,0.741582927
X328.915_6.381,0.30266045
X102.092_0.355,0.816399386
X277.216_2.857,0.086719536
X105.954_3.973,0.49290002
X306.279_3.212,0.376686062
X224.012_5.885,0.85058119
X760.475_3.131,0.007840049
X819.322_2.398,0.413315439
X289.945_0.301,0.360358048
X722.461_3.045,0.012812415
X114.074_2.267,0.982666934
X690.433_3.089,0.053560732
X328.916_6.422,0.61670403
X678.397_2.979,0.031107774
X207.058_2.248,0.258659701
X596.335_2.935,0.728830633
X528.294_2.861,0.49290002
X618.376_2.966,0.080647608
X801.684_5.591,0.49290002
X810.602_5.596,0.691775796
X351.253_2.927,0.651710927
X604.362_2.948,0.047281427
X552.33_2.721,0.933876491
X155.991_6.136,0.49290002
X732.445_3.025,0.008412717
X682.392_2.931,1
X526.432_3.181,0.741582927
X746.46_3.114,0.030923534
X353.232_2.525,0.840981509
X353.269_2.902,0.671014547
X130.534_5.957,0.970396831
X706.428_3.009,0.053017089
X813.684_3.347,0.262377514
X155.991_6.367,1
X479.152_2.786,0.063815871
X748.439_2.944,0.048722818
X816.574_3.495,0.279884681
X114.092_2.659,0.866231839
X115.051_5.274,0.496722308
X836.544_5.597,0.814398188
X202.109_5.277,0.865505104
X748.439_2.997,0.01034684
X263.08_2.779,0.227612412
X159.969_1.167,0.059648979
X705.621_2.412,0.660071902
X159.969_1.214,0.107065743
X224.012_6.219,1
X224.012_6.019,0.982666934
X340.321_3.334,0.360358048
X419.352_3.506,0.49290002
X554.345_2.764,0.49290002
X736.439_3.066,0.49290002
X811.666_3.383,0.172271396
X141.959_0.74,0.933876491
X155.991_6.023,1
X224.012_6.146,0.900153536
X608.357_2.941,0.384805699
X224.012_6.302,0.603178099
X125.071_5.026,0.813427324
X708.481_3.277,0.411094999
X158.986_6.121,0.756308846
X159.969_1.264,0.496722308
X788.616_5.598,0.49290002
X482.406_3.188,0.741582927
X652.418_3.158,0.449472946
X787.666_3.318,0.551829646
X776.578_3.558,0.033751919
X177.114_5.324,0.49290002
X294.243_2.915,0.496722308
X787.668_3.787,0.49290002
X311.222_2.694,0.091927249
X186.149_2.502,0.660416327
X682.428_3.013,0.442799688
X445.303_2.334,0.805866744
X722.423_2.938,0.147953449
X538.351_2.803,0.048722818
X787.668_3.325,0.338281394
X130.534_5.896,0.49290002
X170.154_3.329,0.49290002
X811.309_2.773,0.473634724
X223.056_2.398,0.172271396
X274.202_2.538,1
X886.543_3.045,0.0722714
X253.009_0.331,0.267660413
X640.382_3.01,0.031429195
X568.325_2.81,1
X858.584_3.362,0.172271396
X867.399_2.399,0.49290002
X399.089_2.527,0.741196034
X686.439_3.122,0.051415195
X351.217_2.741,0.033950417
X648.388_2.997,0.039938876
X538.52_4.059,1
X722.423_3.028,0.741582927
X222.147_2.554,0.49290002
X774.563_3.476,0.030923534
X918.533_2.981,0.256963439
X772.548_3.502,0.236740693
X159.969_1.313,0.124566757
X102.092_0.611,0.688522824
X790.559_3.436,0.660416327
X552.331_2.608,0.137604435
X111.969_6.387,0.360358048
X291.268_3.054,0.49290002
X610.335_3.282,0.49290002
X764.434_2.913,0.315591452
X258.111_0.302,0.560271726
X662.404_3.01,0.172271396
X166.053_0.305,0.07415692
X382.295_2.86,1
X392.977_0.31,0.036214543
X902.539_3.065,0.49290002
X512.416_3.112,0.741582927
X813.684_3.775,0.762511013
X710.423_3.033,1
X916.517_2.996,0.071349953
X128.018_0.336,0.100547971
X710.387_2.978,0.008412717
X724.403_2.913,0.496722308
X102.092_6.539,0.496722308
X900.524_2.999,0.163466279
X155.991_6.411,0.586541922
X102.092_0.737,0.602931554
X367.248_2.847,0.466566629
X123.045_0.997,0.49290002
X692.449_3.099,0.360358048
X130.534_6.034,0.803397812
X156.011_2.394,0.291120466
X159.969_1.073,0.792885274
X102.092_0.892,0.740986268
X326.342_3.607,0.062972951
X243.088_2.415,0.185160064
X169.978_2.372,0.49290002
X102.092_6.588,0.854456605
X385.333_3.611,0.49290002
X568.323_2.953,0.704014135
X206.14_5.325,0.685903128
X102.092_6.381,0.528258898
X119.014_5.688,0.49290002
X108.069_4.991,0.567261211
X706.428_3.062,0.018277847
X816.574_3.35,0.714285259
X916.518_3.002,0.709914163
X138.996_6.048,0.880436869
X102.092_2.026,1
X130.534_6.086,0.49290002
X102.092_1.251,1
X102.092_6.818,1
X159.969_1.021,0.051415195
X102.092_6.718,0.360358048
X870.549_3.151,0.49290002
X391.284_1.591,0.496722308
X203.007_0.309,0.315591452
X102.092_1.035,0.959722455
X131.975_2.015,0.256216659
X684.408_2.918,0.49290002
X662.403_3.098,0.015926864
X102.092_1.984,1
X102.092_1.337,0.49290002
X131.975_1.9,0.265289081
X127.98_0.372,0.360358048
X229.144_2.812,0.356040967
X884.528_3.107,0.071349953
X704.449_3.104,0.624482997
X200.996_6.495,1
X774.564_3.587,0.352850247
X352.248_2.931,0.132969968
X278.191_2.561,0.49290002
X154.991_6.397,0.637271837
X154.99_6.339,0.325502031
X154.99_6.076,0.78067636
X328.119_2.673,0.49290002
X110.021_6.438,0.447721158
X108.045_2.389,0.49290002
X113.071_2.75,0.568019407
X307.004_2.393,0.49290002
X128.118_4.242,0.49290002
X788.616_3.614,0.473283867
X156.991_6.033,1
X152.995_6.44,1
X788.616_3.75,0.300581945
X131.975_6.684,0.481927022
X134.045_0.307,0.360358048
X131.975_6.925,0.191007518
X200.996_6.552,0.679403431
X200.996_6.663,0.49290002
X776.359_2.398,0.360358048
X921.611_2.399,0.602931554
X526.315_3.222,0.351165486
X526.314_3.256,0.228617853
X200.996_6.608,0.899015082
X819.433_2.399,0.358778401
X226.975_6.988,0.367003971
X129.066_4.445,0.548101333
X152.118_4.54,0.356676752
X921.486_2.399,0.442799688
X152.995_5.959,1
X867.576_2.399,0.49290002
X526.314_3.132,0.660416327
X111.969_6.564,0.675208626
X378.154_2.247,0.256216659
X867.34_2.399,0.43956973
X344.229_2.208,1
X116.071_0.468,0.49290002
X819.489_2.399,0.300581945
X776.148_2.398,0.49290002
X114.092_0.517,0.572632348
X114.092_0.571,0.250649379
X101.071_3.51,0.638574242
X121.064_5.008,0.548101333
X476.308_2.282,0.49290002
X200.996_6.916,0.49290002
X819.211_2.398,0.619658053
X107.061_4.761,0.196309064
X114.092_0.429,0.360358048
X109.023_6.436,0.737329053
X114.092_0.859,0.360358048
X325.938_5.647,0.450895121
X116.071_0.411,0.805866744
X111.969_6.705,0.360358048
X114.092_1.158,0.294301873
X762.599_3.749,0.48198024
X114.092_1.494,0.256216659
X278.095_2.623,0.360358048
X200.996_6.967,1
X159.969_6.506,0.496722308
X921.674_2.399,0.704014135
X109.023_6.291,0.416565273
X115.964_5.922,0.384805699
X115.051_4.519,0.888086217
X159.969_0.92,0.256216659
X115.051_4.448,0.49290002
X226.975_1.564,1
X422.384_3.204,0.49290002
X286.907_5.647,0.368632869
X115.051_5.079,0.360358048
X806.57_3.909,0.606946933
X336.326_3.423,0.49290002
X782.569_3.961,0.704014135
X372.244_2.75,0.970396831
X830.569_3.703,0.360358048
X326.378_2.99,0.910103419
X782.57_4.015,0.877044217
X834.601_4.341,1
X358.228_2.703,0.737329053
X834.601_4.172,0.332683909
X764.522_3.72,1
X304.3_2.835,0.927931552
X760.586_5.601,0.256216659
X790.537_3.814,0.060803258
X570.356_2.935,0.258659701
X810.6_4.289,0.368632869
X758.569_4.093,0.49290002
X748.527_3.807,0.888086217
X834.601_4.227,0.49290002
X792.554_3.915,0.777699856
X810.601_4.413,0.732542483
X758.569_4.024,0.675459052
X516.3_2.571,0.191446679
X344.213_2.654,0.360358048
X424.342_2.865,0.145524635
X786.601_5.59,0.034590059
X788.521_3.624,0.256963439
X498.289_2.582,0.14648075
X530.289_2.929,0.426806837
X832.584_3.929,0.496722308
X528.309_2.923,0.574746411
X329.248_3.235,0.49290002
X328.321_3.281,0.040294691
X703.574_3.778,0.85058119
X810.601_4.46,0.660416327
X768.553_4.057,0.2313261
X766.537_3.827,0.772021833
X734.57_5.605,0.228617853
X572.372_2.972,0.466566629
X305.248_3.26,0.49290002
X838.559_3.337,0.496722308
X438.298_2.957,0.975219156
X810.601_4.511,1
X480.279_2.556,1
X790.574_3.98,0.2313261
X403.284_3.147,0.772021833
X814.559_3.371,0.625264429
X834.603_5.596,0.071349953
X300.29_3.145,0.151392916
X256.3_2.83,0.688522824
X471.249_2.772,0.092251459
X810.601_4.568,0.899015082
X1047.735_3.044,0.092353264
X784.584_4.164,0.388370112
X854.554_3.249,0.360358048
X480.345_2.967,0.245015179
X1111.672_2.893,0.151392916
X533.327_2.58,0.259538833
X570.283_2.981,0.732108314
X1087.672_2.892,0.203899521
X530.325_2.96,0.358671088
X768.553_4.007,0.172271396
X548.372_2.99,0.671014547
X256.227_3.318,0.933876491
X572.335_2.938,0.712071311
X728.486_3.279,0.33473204
X792.553_3.906,0.660416327
X703.574_4.023,0.679737008
X1135.672_2.89,0.30147176
X838.558_3.365,0.2313261
X620.437_2.993,0.055640039
X480.279_2.514,0.30266045
X448.342_2.867,0.49290002
X379.284_3.167,1
X854.554_3.321,0.995253043
X731.607_5.593,0.49290002
X546.356_2.933,0.866475772
X576.411_2.999,0.086719536
X256.191_2.844,0.49290002
X462.268_2.583,0.49290002
X532.385_3.004,0.055640039
X740.522_3.791,0.688522824
X556.304_2.967,0.888086217
X804.553_3.688,0.472119512
X240.116_2.324,0.523777206
X766.537_3.889,0.249795323
X774.541_3.851,0.704014135
X852.537_3.277,0.019470252
X836.615_5.594,0.49290002
X822.564_3.588,0.358671088
X664.463_2.992,0.092353264
X822.564_3.498,0.617855311
X688.345_2.853,1
X558.319_3.013,1
X469.233_2.771,0.086881657
X768.553_4.193,0.017175809
X130.159_2.107,0.107790125
X489.259_2.771,0.086719536
X870.548_3.337,0.433766915
X784.584_4.252,0.63093728
X415.14_2.768,0.044163402
X792.589_4.032,0.863422684
X353.146_2.624,0.49290002
X1093.625_2.886,0.391025212
X880.569_3.352,0.073904126
X226.1_2.274,0.57140067
X608.227_2.768,0.036214543
X516.39_3.018,0.047994919
X708.489_2.982,0.055640039
X364.252_2.923,0.107790125
X464.314_2.993,0.561043594
X1017.688_2.946,0.49290002
X1069.624_2.889,0.358671088
X560.416_3.006,0.092353264
X377.195_2.868,0.555640952
X300.29_2.788,0.466566629
X1063.674_2.914,0.325502031
X330.197_2.603,0.49290002
X838.558_3.491,0.172271396
X444.238_2.77,0.0482322
X714.471_3.247,0.041726227
X375.21_2.633,0.483506849
X466.329_3.071,0.728830633
X604.442_3.001,0.107790125
X122.072_3.63,0.170898634
X472.363_3.023,0.041726227
X538.388_3.104,0.036214543
X488.359_3.01,0.153229023
X866.59_3.576,0.109389265
X898.58_3.268,0.052001745
X448.233_2.77,0.107790125
X385.274_2.874,0.49290002
X820.548_3.485,0.083471741
X766.501_3.29,0.360358048
X184.073_2.885,0.300581945
X319.299_3.424,0.416027965
X327.232_3.01,0.624482997
X385.165_2.771,0.117305547
X149.082_4.534,0.063780954
X550.388_3.072,0.490146908
X241.155_0.442,0.062611299
X1051.578_2.882,0.585501804
X874.579_3.377,0.29177691
X506.288_2.93,0.531749539
X610.373_3.02,1
X756.553_3.87,0.011475436
X780.552_3.412,0.071349953
X874.579_3.277,0.007840049
X822.564_3.632,0.195606318
X776.558_4.042,0.733538135
X752.515_2.977,0.086719536
X842.589_3.585,0.020640667
X852.538_3.349,0.360358048
X854.566_3.649,1
X473.265_2.772,0.074144972
X744.589_3.377,0.49290002
X842.589_3.52,0.586541922
X814.559_3.275,0.015020616
X836.543_3.281,0.015809623
X834.599_3.461,0.660416327
X1049.619_2.93,0.805866744
X186.222_2.554,0.49290002
X724.527_3.883,0.645696881
X149.082_4.366,0.485484936
X846.547_3.178,0.019470252
X836.543_3.349,0.086164742
X862.559_3.343,0.49290002
X171.15_2.504,0.33473204
X846.549_3.324,0.258659701
X648.468_2.995,0.107790125
X828.537_3.338,0.083424181
X518.325_2.837,0.055640039
X754.501_3.331,0.124566757
X149.082_4.427,0.999207504
X866.59_3.462,0.887481856
X456.405_3.065,0.259538833
X792.589_4.167,0.137604435
X508.304_3.001,0.736330379
X149.082_4.314,0.29177691
X718.465_3.24,0.350635342
X548.335_2.94,0.053778027
X898.58_3.329,0.157559049
X200.996_6.231,0.700610579
X772.524_3.718,0.49290002
X120.066_0.547,0.756661109
X1045.625_2.888,0.312827918
X343.286_3.884,0.725360769
X798.563_3.515,0.0463198
X798.563_3.548,0.733538135
X683.345_3.364,0.49290002
X638.403_2.987,0.014514438
X172.977_0.472,0.191446679
X732.554_4.02,0.606946933
X828.551_3.874,0.843931001
X750.542_3.938,0.933876491
X762.506_3.622,0.49290002
X546.353_3.044,0.624482997
X844.546_3.366,0.137604435
X850.595_3.651,0.025942996
X584.335_2.79,0.624482997
X117.103_0.539,0.49290002
X744.59_5.59,0.312884044
X305.133_2.339,0.021017578
X444.332_3.016,0.073904126
X858.584_3.285,0.965496656
X590.322_2.887,0.270257365
X820.548_3.59,0.256216659
X371.316_3.611,0.496722308
X161.092_0.327,0.369117534
X257.223_2.565,1
X312.633_2.891,0.9842594
X780.517_3.358,0.49290002
X149.082_4.27,0.581208359
X294.155_0.318,0.49290002
X880.569_3.302,0.018277847
X287.889_6.368,0.49290002
X745.622_3.35,0.704014135
X812.614_3.571,1
X324.243_2.7,0.49290002
X372.311_2.807,1
X866.59_3.505,0.162037024
X812.542_3.314,0.391766151
X848.579_3.592,0.154766791
X812.542_3.362,0.256216659
X724.527_3.993,0.191446679
X598.349_2.979,0.49290002
X824.579_3.639,0.430642951
X298.274_2.799,0.418827984
X744.481_3.262,0.011475436
X838.631_5.597,0.603221549
X850.595_3.71,0.071349953
X454.389_3,0.30266045
X1027.577_2.883,0.496722308
X878.553_3.259,0.118882289
X692.494_2.991,0.172271396
X884.595_2.977,0.070127753
X757.622_5.591,0.203575885
X812.611_3.352,0.256216659
X701.558_3.565,0.49290002
X766.573_4.054,0.838885649
X1039.671_2.92,0.261160599
X355.284_3.171,1
X371.317_3.604,0.566982871
X862.558_3.288,0.0936518
X708.511_4.934,0.49290002
X720.59_3.401,0.733538135
X129.066_4.228,0.256216659
X906.57_3.208,0.48198024
X874.58_3.338,0.821759509
X115.087_0.54,0.608947946
X646.408_3.15,1
X796.547_3.473,0.350635342
X862.558_3.346,0.091927249
X331.263_3.275,0.360358048
X879.255_2.556,0.360358048
X710.394_3.333,0.0768171
X1043.704_2.958,0.256216659
X249.112_2.768,0.018277847
X281.006_2.455,0.253897988
X663.454_4.937,0.360358048
X744.59_5.613,0.254066904
X726.47_3.203,0.49290002
X383.367_3.962,0.49290002
X866.59_3.69,0.203575885
X307.173_2.826,0.466566629
X477.181_2.949,0.007840049
X297.146_2.932,0.172271396
X427.741_2.879,0.49290002
X730.465_3.236,0.533102953
X896.564_3.284,0.005805038
X728.405_3.36,0.017147341
X1005.687_3.04,0.509572716
X184.073_2.94,0.527936082
X758.496_3.309,0.496722308
X806.532_3.587,0.030923534
X559.385_2.999,0.13189531
X828.55_3.82,0.888086217
X634.408_3.14,0.018277847
X879.004_2.556,0.256216659
X740.522_3.883,0.091927249
X131.975_6.769,0.49290002
X131.975_6.581,0.256216659
X650.404_3.146,0.003193531
X826.595_3.726,0.256216659
X343.227_3.017,0.064363891
X159.969_6.74,0.91884181
X686.439_3.257,0.112602132
X798.563_3.612,0.360358048
X898.579_3.362,0.741582927
X700.454_3.163,0.236740693
X736.52_2.985,0.107790125
X774.6_3.438,0.660416327
X468.309_2.821,0.360358048
X796.512_3.324,0.145524635
X668.414_2.975,0.509572716
X826.594_3.683,0.097092754
X780.553_3.699,0.228617853
X757.621_3.499,0.982666934
X716.485_3.266,0.007840049
X774.599_3.283,0.888086217
X300.633_2.897,0.660416327
X796.512_3.283,0.036214543
X159.969_6.567,0.704014135
X343.227_2.907,0.652008231
X874.579_3.458,0.847500019
X736.476_3.119,0.014311154
X815.699_3.378,1
X796.547_3.404,1
X812.506_3.308,0.015926864
X890.575_3.213,0.236740693
X337.274_3.164,1
X798.563_3.38,0.027235524
X111.044_2.768,0.030923534
X361.274_3.162,1
X566.322_2.893,0.315591452
X757.621_3.539,0.704014135
X820.549_3.427,0.49290002
X361.274_2.889,0.952663584
X798.526_3.347,0.047773497
X317.66_2.931,0.364647805
X361.274_3.093,0.756557016
X524.299_2.93,0.49290002
X286.311_2.902,0.256216659
X798.527_3.266,0.030923534
X452.277_2.851,0.523260973
X228.097_2.276,0.945081978
X756.551_5.548,0.360358048
X339.289_3.256,0.945081978
X542.288_2.784,0.074279258
X814.522_3.363,0.008412717
X319.227_3.081,0.07075739
X364.358_3.275,0.548689847
X131.975_6.475,0.360358048
X604.362_3.028,0.060803258
X796.542_2.973,0.047994919
X718.574_3.397,1
X352.291_3.911,0.527936082
X291.61_2.879,1
X566.551_4.344,0.023260338
X888.558_3.267,0.159994521
X313.274_3.226,0.360358048
X110.519_6.184,0.760864545
X710.461_3.089,0.009332344
X780.517_3.481,0.256216659
X552.403_3.173,0.070127753
X275.273_3.395,0.745630157
X564.365_3.022,0.00715521
X814.521_3.283,0.011181917
X560.335_2.774,0.170898634
X558.283_2.723,0.060803258
X396.232_2.701,0.151392916
X738.506_3.664,0.384805699
X824.542_3.528,0.059233317
X818.589_3.52,0.49290002
X820.584_4.007,0.660416327
X122.964_6.306,0.586541922
X115.964_6.314,0.511634357
X600.33_2.731,0.181469563
X115.964_6.179,0.873351143
X912.467_2.871,0.49290002
X756.516_3.371,0.027742205
X136.076_0.402,0.360358048
X428.338_3.022,0.037664785
X718.574_3.352,0.49290002
X177.131_2.673,0.801484065
X385.274_3.145,0.49290002
X930.57_3.138,0.074500289
X766.574_4.17,0.172271396
X814.631_3.702,0.982666934
X906.569_3.33,0.528258898
X776.558_4.226,0.107790125
X838.522_3.329,0.074349915
X878.569_3.588,0.49290002
X357.302_5.595,0.315591452
X546.283_2.985,0.88584853
X526.315_5.682,0.071349953
X321.893_0.303,0.129670433
X130.087_0.353,0.533102953
X524.278_2.709,0.023750594
X583.325_5.631,0.86481524
X538.282_2.586,0.49290002
X202.109_4.475,0.569599737
X778.537_3.629,0.733538135
X353.352_3.526,0.099172081
X298.274_3.041,0.360358048
X745.622_3.563,0.49290002
X115.965_6.382,0.358889555
X357.3_3.267,0.887481856
X468.309_2.976,0.887481856
X729.59_3.907,0.107790125
X798.526_3.442,0.107790125
X114.965_6.343,0.760864545
X756.435_3.368,0.047773497
X349.644_5.643,0.585741219
X251.037_0.323,0.49290002
X802.595_3.622,0.124098068
X782.531_3.376,0.036214543
X719.569_3.774,0.16161372
X111.092_4.28,0.099172081
X111.092_4.227,0.172271396
X111.092_3.973,0.228617853
X111.092_4.073,0.871343028
X217.12_4.595,1
X138.103_4.297,0.49290002
X192.125_4.897,0.766668239
X128.118_3.817,0.340177958
X128.118_3.726,0.411094999
X128.118_3.774,0.521946701
X128.118_3.608,0.847500019
X192.125_4.414,0.939644269
X138.103_4.042,0.982666934
X122.072_3.691,0.263363722
X122.072_3.757,0.291120466
X192.125_4.643,0.360358048
X580.361_3.113,0.49290002
X200.996_6.431,0.93149737
X287.889_6.066,0.49290002
X128.082_5.096,0.48198024
X114.103_3.965,0.910480506
X122.964_5.935,0.49290002
X129.066_3.853,0.244746851
X129.066_3.792,0.675459052
X129.066_3.721,0.760864545
X759.637_3.774,0.633479625
X112.087_4.226,0.49290002
X111.092_4.434,0.347559535
X112.087_3.966,0.679737008
X785.652_3.366,0.847500019
X151.098_4.037,0.688522824
X151.098_3.979,0.883142644
X328.916_5.87,1
X192.125_5.305,0.186678772
X153.114_3.626,0.832233027
X921.548_2.4,0.883142644
X921.736_2.399,0.458326751
X380.322_3.727,0.49290002
X192.125_4.696,0.256216659
X819.155_2.399,0.49290002
X192.125_5.044,0.4788467
X158.986_5.846,0.714979062
X867.517_2.399,0.49290002
X983.051_2.4,0.49290002
X744.59_3.527,0.660416327
X867.281_2.399,0.732542483
X744.589_3.278,1
X810.601_3.669,1
X165.114_3.905,0.49290002
X150.103_5.311,0.658491578
X192.124_4.305,0.360358048
X720.59_3.536,0.256216659
X192.124_4.248,0.244512977
X158.986_5.991,1
X136.087_3.719,1
X812.615_3.579,0.360358048
X136.087_3.922,0.473634724
X744.59_3.613,0.49290002
X810.601_3.809,0.49290002
X776.095_2.398,0.415424924
X181.989_5.768,1
X757.621_3.181,1
X838.63_3.61,0.704014135
X737.441_2.398,0.511634357
X140.118_3.751,0.694978883
X867.634_2.399,0.49290002
X159.969_0.964,0.135804614
X184.073_3.643,0.49290002
X720.59_3.702,0.49290002
X838.63_3.652,0.982666934
X137.082_3.903,0.49290002
X836.615_3.427,0.49290002
X745.622_3.29,1
X737.491_2.399,0.468166056
X812.614_3.487,0.360358048
X131.975_1.377,0.49290002
X152.995_5.808,1
X137.988_5.759,0.741582927
X180.022_5.741,0.49290002
X128.951_5.843,0.496722308
X172.957_6.084,0.972210735
X213.983_5.986,0.92780572
X112.087_5.529,0.360358048
X102.092_0.5,0.496722308
X151.098_5.54,1
X102.092_0.665,0.102265429
X102.092_0.844,0.356676752
X102.092_2.129,0.741582927
X102.092_2.288,0.49290002
X438.379_3.197,0.49290002
X102.092_1.197,0.741582927
X102.092_1.405,1
X102.092_1.456,0.741582927
X102.092_1.804,1
X102.092_2.441,0.660416327
X102.092_1.904,1
X102.092_2.531,1
X388.255_2.24,0.899015082
X102.092_1.692,1
X380.337_3.004,1
X102.092_6.982,1
X424.363_3.001,0.496722308
X167.093_4.5,0.49290002
X123.044_2.031,0.496722308
X143.04_6.076,0.49290002
X100.076_2.554,0.360358048
X127.039_0.915,0.388370112
X127.039_0.656,0.733538135
X136.076_0.419,0.183380589
X136.076_2.056,0.49290002
X127.039_1.985,0.737329053
X127.039_1.271,0.49290002
X127.039_2.067,0.49290002
X135.079_5.134,0.49290002
X227.945_0.302,0.49290002
X127.039_1.427,0.384805699
X127.039_1.083,0.633479625
X127.039_1.549,0.760864545
X127.039_1.438,0.49290002
X127.039_1.651,0.909839487
X127.039_1.851,0.873351143
X127.039_2.025,1
X127.039_1.322,0.939306932
X127.039_1.727,0.760864545
X515.359_3.003,0.060803258
X471.332_3.009,0.073904126
X603.411_2.992,0.052001745
X647.437_2.988,0.13189531
X427.305_3.019,0.0463198
X691.463_2.982,0.053017089
X113.964_6.036,0.59991269
X466.25_2.226,0.107790125
X383.279_3.023,0.079300635
X400.306_3.024,0.092353264
X380.993_2.164,0.0682258
X840.568_2.972,0.073904126
X112.087_4.125,0.700610579
X735.49_2.978,0.16806674
X458.23_2.165,0.008412717
X166.087_0.465,0.172271396
X596.356_3.046,1
X582.56_2.226,0.073904126
X780.546_2.982,0.16988434
X669.418_2.994,0.049873397
X706.399_2.251,0.036214543
X455.725_2.239,0.08735786
X493.314_3.018,0.13189531
X449.738_2.229,0.350635342
X779.515_2.977,0.294301873
X537.34_3.012,0.490118935
X426.484_2.164,0.256216659
X713.445_2.982,0.360358048
X510.584_2.174,0.074349915
X389.698_2.213,0.363923054
X443.633_2.199,0.047773497
X757.47_2.982,0.256216659
X443.54_2.229,0.418827984
X554.176_3.481,1
X824.574_2.975,0.228617853
X420.899_2.103,0.228617853
X636.064_2.371,0.1469013
X156.991_6.135,0.737329053
X436.472_2.165,0.658491578
X372.459_2.145,0.071349953
X830.553_3.41,0.023195681
X153.114_3.835,0.291120466
X449.288_3.027,0.274555894
X473.328_2.96,0.137604435
X495.341_2.956,0.036214543
X397.219_2.065,0.099172081
X356.279_3.026,0.110128465
X400.97_2.127,0.22263207
X554.289_2.199,0.107790125
X636.387_3.051,0.49290002
X496.277_2.149,0.071349953
X868.6_2.969,0.228617853
X634.316_2.163,0.071349953
X635.813_2.371,0.0936518
X856.568_3.284,0.61670403
X628.195_3.703,0.315591452
X460.27_2.848,0.297730738
X801.497_2.976,0.256216659
X517.354_2.953,0.052479226
X643.532_2.226,0.2313261
X153.114_3.731,0.49290002
X397.219_0.349,0.172271396
X309.242_3.027,0.3117285
X153.114_3.582,0.675208626
X220.098_2.367,0.008413457
X928.62_2.962,0.350635342
X823.541_2.973,0.318605852
X777.435_2.264,0.172271396
X705.308_2.339,0.310431759
X534.291_2.126,0.172271396
X415.212_2.834,0.496722308
X641.365_3.006,0.606262894
X650.978_2.339,0.258507123
X605.352_2.287,0.053017089
X664.418_3.159,0.033950417
X651.054_2.339,0.273247278
X808.569_3.104,0.49290002
X263.139_2.234,0.191446679
X705.058_2.339,0.29177691
X872.564_3.274,0.325345314
X774.527_3.285,0.05299812
X685.391_3.001,0.816012733
X405.262_3.019,0.102966488
X504.51_2.174,0.107790125
X854.553_3.251,0.119957435
X651.132_2.339,0.256216659
X882.585_3.363,0.026135876
X347.124_2.293,0.704014135
X366.785_2.164,0.047773497
X399.394_3.159,0.045041038
X375.21_2.641,0.282323548
X536.446_2.226,0.256216659
X369.263_2.778,0.258659701
X769.153_2.339,0.257363061
X351.253_2.777,0.1076749
X696.443_3.02,0.274555894
X409.725_2.21,0.265289081
X504.26_2.172,0.107790125
X850.733_2.542,0.239883993
X769.244_2.339,0.256216659
X340.685_2.084,0.172271396
X597.34_3.012,0.732542483
X149.082_3.816,0.814398188
X277.216_2.921,1
X293.162_2.447,0.055640039
X203.053_0.315,0.197459179
X650.901_2.339,0.291120466
X511.508_2.212,0.360358048
X356.316_2.956,0.416027965
X442.801_2.967,0.057769168
X457.903_2.212,0.147953449
X769.062_2.339,0.308976207
X353.268_2.991,0.496722308
X852.539_3.253,0.691185675
X128.951_6.561,0.979397897
X836.6_3.222,0.256216659
X442.353_2.827,0.256216659
X729.418_2.987,0.360358048
X769.335_2.339,0.256216659
X632.392_3.036,0.07963452
X828.538_3.178,0.733538135
X830.554_3.171,0.737329053
X800.579_3.673,0.657972216
X384.311_3.025,0.066126144
X802.558_3.408,0.01034684
X427.267_2.561,0.49290002
X806.555_3.652,0.643643382
X333.164_2.456,0.099172081
X834.585_3.142,0.49290002
X672.424_3.094,0.052592804
X263.2_2.895,0.360358048
X471.38_3.045,0.961605965
X914.576_3.148,0.027235524
X884.529_3.074,0.670187755
X902.538_3.013,0.391020371
X607.298_2.24,0.256216659
X386.717_2.856,0.007840049
X427.095_0.317,0.172271396
X370.332_3.083,0.191446679
X888.559_3.236,0.9842594
X826.558_3.367,0.007840049
X900.523_3.027,0.018277847
X177.114_5.515,0.040294691
X406.732_2.889,0.053778027
X403.609_2.171,0.256216659
X868.534_3.116,0.169219056
X524.277_2.788,0.416027965
X318.193_2.363,0.082710645
X688.454_3.126,0.351165486
X664.418_3.004,0.003193531
X606.377_3.126,0.256216659
X758.531_3.388,0.010144683
X882.585_3.306,0.073904126
X108.069_4.938,0.49290002
X568.31_2.164,0.360358048
X553.315_3.018,0.031107774
X634.371_2.921,0.018142267
X800.578_3.49,0.137604435
X886.544_3.107,0.651779299
X361.709_2.314,0.350635342
X860.528_3.119,0.091927249
X291.146_2.393,0.418827984
X319.227_3.027,0.107790125
X278.881_0.317,0.920280022
X912.559_3.197,0.113230506
X400.732_2.96,0.030923534
X862.543_3.093,0.157523248
X140.118_3.821,0.651779299
X834.585_3.415,1
X852.539_3.208,0.843931001
X369.264_2.943,0.527709975
X512.276_2.766,0.660416327
X700.373_3.36,0.172271396
X806.554_3.155,0.17411006
X591.618_2.201,0.256216659
X319.226_2.922,0.49290002
X111.969_5.928,0.700610579
X676.418_3.107,0.008412717
X928.555_3.093,0.028600372
X114.092_6.41,0.651710927
X137.082_4.236,0.49290002
X138.103_3.729,0.384805699
X165.114_3.752,0.496722308
X452.395_3.138,0.360358048
X156.077_5.27,0.49290002
X206.14_5.037,0.61670403
X131.975_6.939,0.318519474
X156.077_4.842,0.49290002
X177.114_4.153,0.567261211
X131.975_1.437,0.49290002
X408.368_3.159,1
X131.975_1.336,0.360358048
X131.975_1.582,0.982666934
X200.996_6.105,0.360358048
X117.103_0.478,0.225856423
X419.315_3.806,0.9842594
X338.341_3.569,0.581208359
X127.039_6.785,1
X130.087_0.452,0.760864545
X125.071_0.362,0.079946441
X172.977_0.421,0.360358048
X125.071_0.349,0.256216659
X154.99_6.223,0.360358048
X154.99_5.998,0.838554978
X113.964_1.233,0.49290002
X113.964_1.092,0.360358048
X113.964_1.441,0.760864545
X113.964_1.321,0.733538135
X113.964_1.186,0.360358048
X113.964_5.942,0.49290002
X141.959_2.086,0.49290002
X103.956_3.65,0.49290002
X200.996_6.753,0.360358048
X200.996_6.378,1
X131.082_5.232,0.418827984
X155.991_5.971,0.360358048
X105.954_3.647,0.49290002
X158.986_6.161,0.540162929
X158.986_6.273,0.49290002
X140.082_5.513,1
X102.034_2.75,0.49290002
X356.352_3.229,0.256216659
X155.987_6.295,0.660416327
X155.987_6.244,1
X114.074_2.118,1
X276.897_6.388,0.741582927
X114.965_6.402,0.360358048
X136.062_0.301,1
X496.34_2.935,0.741582927
X103.956_5.049,0.49290002
X454.293_2.924,0.49290002
X369.351_3.939,0.989302657
X103.956_5.112,0.360358048
X369.351_3.996,0.071349953
X369.351_3.84,0.704014135
X127.039_2.299,0.49290002
X149.024_3.081,0.49290002
X383.331_3.439,1
X149.024_2.698,0.49290002
X127.039_6.679,1
X127.039_2.765,1
X199.17_2.558,0.704014135
X309.242_3.204,0.360358048
X303.231_3.033,0.411835896
X749.39_2.868,0.741582927
X782.568_5.56,0.49290002
X325.237_3.099,0.411094999
X330.264_2.814,0.262620506
X758.571_5.594,0.611937192
X409.256_2.782,0.602931554
X311.258_3.272,0.197532474
X354.264_2.856,0.011181917
X404.3_2.797,0.071349953
X774.527_3.335,0.124566757
X800.578_3.681,0.007840049
X834.586_3.276,0.49290002
X293.211_2.8,0.053017089
X293.247_3.17,0.49290002
X758.569_4.282,0.899015082
X431.237_2.603,0.188434622
X309.206_2.654,0.49290002
X377.146_2.225,0.014514438
X742.538_3.903,0.212588321
X542.322_2.892,0.227612412
X369.264_2.56,0.388370112
X890.574_3.271,0.060803258
X312.253_3.01,0.596937024
X335.222_2.771,0.227612412
X214.18_3.337,0.378752343
X407.241_2.849,0.284740929
X323.258_3.124,0.068569184
X858.584_3.481,0.172271396
X395.363_3.276,0.091927249
X500.277_2.717,0.209037787
X772.51_3.363,0.202773431
X698.461_3.073,1
X321.242_3.08,0.074144972
X607.457_2.862,0.49290002
X758.568_4.495,0.416027965
X832.569_3.326,1
X812.542_3.422,0.49290002
X584.335_2.714,0.019470252
X668.546_3.754,0.229041795
X391.194_2.829,0.256216659
X856.569_3.472,0.135969242
X642.53_3.779,0.360358048
X534.319_2.722,0.132969968
X331.177_2.552,0.082710645
X336.253_2.869,0.331284132
X397.181_2.866,0.760864545
X351.217_2.843,0.358671088
X437.194_2.847,1
X445.209_2.234,0.660416327
X272.222_3.326,0.806025295
X810.527_3.351,0.712071311
X784.584_5.594,0.030923534
X412.321_2.848,0.755709112
X716.522_3.838,0.145524635
X335.222_2.829,0.047773497
X666.53_3.844,0.360358048
X348.275_2.622,0.660416327
X850.984_2.542,0.227612412
X589.446_2.862,0.360358048
X510.284_2.604,0.0482322
X366.264_3.103,0.49290002
X476.277_2.699,0.025942996
X780.551_5.547,0.172271396
X800.542_3.527,0.007840049
X508.376_2.995,0.02365105
X870.549_3.116,0.095863452
X748.511_3.295,0.384805699
X338.269_3.067,0.107790125
X268.227_3.253,0.356676752
X422.312_2.561,0.48198024
X305.247_3.054,0.360358048
X266.212_3.251,0.183251386
X520.509_4.075,0.509572716
X834.589_3.339,0.360358048
X438.208_2.866,0.49290002
X846.549_3.166,0.49290002
X832.583_5.551,0.2313261
X238.217_3.258,0.107790125
X500.304_2.711,0.49290002
X808.583_5.567,0.28432028
X822.462_2.529,0.473283867
X301.216_2.934,0.047994919
X846.548_3.104,0.227612412
X593.276_2.234,0.360358048
X806.553_3.348,0.107790125
X376.319_3.155,0.49290002
X307.084_0.336,0.533102953
X518.288_2.786,0.270257365
X756.553_3.783,0.856811314
X552.33_2.993,0.606946933
X534.284_2.637,0.172271396
X725.557_5.549,0.360358048
X325.274_3.185,0.360358048
X772.511_3.33,0.0936518
X756.552_3.455,0.54007702
X668.546_3.853,0.172271396
X534.284_2.699,0.036214543
X335.222_2.652,0.112602132
X963.64_3.031,0.725360769
X786.527_3.286,0.063780954
X669.941_2.258,1
X854.552_3.333,0.036214543
X317.211_2.822,0.046741312
X756.516_3.487,0.018277847
X210.185_3.15,0.978310368
X500.277_2.772,0.924201148
X832.57_3.158,0.256216659
X462.313_3.526,0.360358048
X800.542_3.562,0.016064146
X345.243_3.095,0.074765123
X486.32_2.835,0.107790125
X434.197_2.398,0.012833617
X617.513_3.952,0.256216659
X323.258_2.971,0.107790125
X219.138_2.854,0.936236947
X844.532_3.254,0.011181917
X832.568_3.188,0.040294691
X616.36_3.007,0.047773497
X492.272_2.717,0.062611299
X884.528_3.041,0.172271396
X335.222_2.714,0.025942996
X367.212_2.601,0.047773497
X744.554_5.58,0.071349953
X254.248_3.555,0.140418856
X666.53_3.632,0.360358048
X822.713_2.529,0.561043594
X327.228_2.699,0.943478635
X850.553_5.546,0.172271396
X240.196_3.136,0.733538135
X746.496_3.353,0.49290002
X766.537_3.735,0.049873397
X278.176_2.484,0.49290002
X364.357_3.592,0.124566757
X774.525_3.345,0.256216659
X317.211_2.77,0.066126144
X326.305_3.162,0.470512732
X680.448_3.166,0.704014135
X291.195_2.749,0.256216659
X328.285_2.89,0.018277847
X523.3_2.941,0.49290002
X262.907_0.32,0.509572716
X351.216_2.719,0.091244819
X558.284_2.634,0.0282063
X742.538_3.842,0.265289081
X550.315_2.658,0.107790125
X323.222_2.809,0.733538135
X618.376_3.083,0.011475436
X591.498_3.914,0.172271396
X768.554_5.586,0.107790125
X560.335_2.722,0.036214543
X570.218_2.58,0.49290002
X338.206_3.56,0.496722308
X343.286_5.593,0.209573095
X850.616_3.346,0.315591452
X904.554_3.248,0.360358048
X509.288_3.027,0.147953449
X349.2_2.658,0.360358048
X1021.626_2.909,0.215229635
X379.367_3.562,0.169219056
X746.569_5.577,0.047773497
X496.304_2.802,0.321435343
X226.216_3.571,0.169219056
X720.552_3.776,0.256216659
X291.268_3.292,0.205448292
X550.279_2.668,0.270257365
X640.514_3.792,0.49290002
X872.563_3.314,0.112143565
X740.522_3.385,0.11165719
X808.584_4.008,0.760864545
X806.554_3.347,0.476705799
X890.574_3.214,0.350635342
X714.506_3.709,0.418827984
X432.296_3.158,0.360358048
X650.365_2.953,0.018277847
X275.201_2.815,0.256216659
X245.186_2.243,1
X862.543_3.138,0.256216659
X846.548_3.265,0.314682826
X344.279_2.867,0.496722308
X309.156_2.415,0.009332344
X738.419_3.081,0.047773497
X788.506_3.289,0.107790125
X633.508_3.734,0.360358048
X535.94_2.186,0.256216659
X862.542_3.159,0.364647805
X784.584_4.322,0.49290002
X607.493_3.991,0.360358048
X332.295_3.04,1
X370.163_2.298,0.49290002
X800.541_3.348,0.174206905
X261.221_3.104,0.30147176
X647.485_3.751,0.49290002
X510.392_3.083,0.952663584
X756.551_3.414,0.704014135
X333.206_2.866,0.107790125
X898.581_3.224,0.496722308
X440.338_3.277,0.805866744
X732.554_4.063,0.360358048
X818.552_3.289,0.007840049
X784.584_4.149,0.442799688
X291.146_2.39,0.003193531
X238.18_3.13,0.49290002
X692.522_3.611,0.360358048
X227.11_2.593,0.737329053
X296.295_3.557,0.256216659
X370.259_2.81,0.107790125
X850.482_2.542,0.272639646
X353.232_2.638,0.030923534
X784.584_4.489,0.091244819
X494.288_2.767,0.244746851
X335.222_2.596,0.360358048
X301.216_2.828,0.151392916
X443.132_2.725,0.360358048
X604.362_3.06,0.034035313
X1031.591_2.578,0.49290002
X758.531_3.488,0.107790125
X654.398_3.023,0.256216659
X644.392_3.113,0.019470252
X673.5_3.805,0.49290002
X333.206_2.677,0.107790125
X316.213_2.226,0.651779299
X870.549_3.217,0.49290002
X341.305_3.054,0.741582927
X270.207_2.907,0.722431043
X352.143_2.257,0.071349953
X285.17_2.652,0.660416327
X359.222_2.857,0.020774935
X882.585_3.443,0.357034429
X161.092_0.424,0.816399386
X509.336_2.847,0.824869553
X690.468_3.207,0.601897289
X550.279_2.552,0.236187898
X890.573_3.333,0.360358048
X317.211_2.643,0.082710645
X240.232_3.555,0.053778027
X602.344_2.992,0.107790125
X706.496_5.006,0.172271396
X808.58_3.363,0.49290002
X683.346_3.414,0.567261211
X212.201_3.282,0.071349953
X287.633_2.895,0.49290002
X748.475_3.074,0.046741312
X1147.751_3.056,0.009332344
X782.532_3.599,0.044163402
X209.055_2.25,0.211116639
X291.232_3.009,0.209573095
X313.237_2.84,0.228617853
X327.217_2.806,0.49290002
X305.001_0.304,0.484226581
X285.221_3.029,0.151392916
X428.205_2.248,0.172271396
X794.531_3.461,0.071349953
X375.217_2.773,0.011475436
X666.53_3.789,0.360358048
X212.201_3.565,0.071349953
X566.324_2.714,0.088679523
X261.65_2.248,0.832233027
X876.521_3.124,0.043708836
X574.278_2.577,0.087670267
X583.325_5.663,0.805866744
X912.559_3.264,0.136240054
X321.242_3.007,0.49290002
X372.347_3.021,0.388370112
X702.434_3.015,0.066126144
X179.063_2.255,0.416027965
X792.575_3.557,0.760864545
X680.48_4.957,0.135969242
X349.379_2.162,0.722431043
X247.132_3.16,0.360358048
X205.098_1.25,0.095124021
X370.331_3.171,0.256216659
X377.268_2.919,0.08525877
X368.28_2.988,0.256216659
X333.206_2.857,0.254066904
X600.33_2.645,0.025942996
X301.216_3.021,0.066126144
X385.259_2.623,0.360358048
X391.211_2.621,0.137604435
X464.313_2.996,0.207010129
X127.013_2.258,0.439516686
X652.332_2.327,0.982666934
X392.796_3.694,0.360358048
X441.21_2.551,0.49290002
X812.506_3.18,0.0482322
X834.601_5.608,0.49290002
X184.17_3.34,0.135969242
X351.216_2.853,0.091244819
X576.33_2.64,0.140418856
X237.185_3.468,0.418827984
X508.34_2.912,0.29177691
X804.538_3.224,0.172271396
X714.506_3.537,0.49290002
X633.508_3.985,0.49290002
X576.33_2.713,0.046741312
X391.212_2.578,0.100547971
X914.573_3.296,0.091244819
X828.502_3.06,0.011475436
X516.272_2.791,0.416610935
X393.227_2.59,0.071349953
X506.255_3.172,0.496722308
X325.216_2.916,0.032466981
X784.584_4.411,0.195606318
X307.19_2.736,0.49290002
X226.216_3.524,0.179018526
X808.584_4.102,0.30147176
X912.56_3.159,0.017147341
X538.352_2.737,0.07415692
X165.055_0.414,0.044037153
X349.202_2.576,0.172271396
X914.574_3.261,0.08735786
X704.485_3.261,0.315591452
X548.263_2.535,0.364647805
X391.211_2.639,0.228617853
X426.194_2.628,0.49290002
X407.756_5.679,0.360358048
X904.554_3.18,0.051415195
X581.626_2.162,0.416027965
X842.552_3.284,0.006427199
X860.527_3.125,0.49290002
X946.563_3.132,0.074500289
X632.392_2.97,0.036214543
X359.222_2.813,0.099172081
X914.575_3.197,0.259538833
X746.46_3.062,0.081581581
X590.39_3.006,1
X764.521_3.804,0.28432028
X350.209_2.324,0.055640039
X425.253_2.658,0.256216659
X574.278_2.793,0.041920287
X822.564_3.436,0.970396831
X333.206_2.743,0.055640039
X568.361_3.039,0.49290002
X587.944_2.249,0.49290002
X729.59_5.578,0.229041795
X1001.653_2.963,0.256216659
X662.437_3.088,0.223498939
X313.237_2.68,0.49290002
X528.366_2.864,0.256216659
X511.375_3.109,0.945081978
X367.212_2.569,0.603221549
X781.619_5.551,0.49290002
X758.46_3.056,0.107057691
X700.453_3.201,0.360358048
X708.408_3.001,0.071349953
X732.553_4.183,0.172271396
X934.528_2.986,0.2313261
X946.565_3.069,0.406748011
X862.546_3.216,0.172271396
X708.407_2.915,0.256216659
X800.542_3.395,0.018142267
X788.507_3.261,0.32551319
X786.491_3.166,0.151764046
X930.569_3.182,0.315591452
X658.408_3.068,0.097092754
X782.531_3.523,0.107790125
X391.284_3.524,0.357034429
X464.208_2.321,0.03251928
X784.547_3.694,0.107790125
X878.538_3.095,0.256216659
X826.595_3.872,0.010144683
X548.263_2.598,0.195606318
X652.551_3.953,0.49290002
X333.206_2.628,0.256216659
X776.411_2.398,0.496722308
X734.571_5.604,0.586541922
X737.541_2.399,0.263363722
X776.042_2.398,0.304509672
X737.591_2.4,0.263363722
X737.391_2.399,0.48198024
X703.574_3.965,0.49290002
X494.325_2.865,0.49290002
X921.861_2.4,0.805866744
X678.433_3.136,0.49290002
X815.7_5.599,0.803397812
X982.984_2.4,0.384805699
X1091.689_2.945,0.360358048
X776.937_2.392,0.107790125
X815.699_3.698,0.360358048
X703.574_4.082,0.411835896
X195.994_5.715,0.391020371
X834.601_3.425,0.660416327
X757.621_3.278,0.618950165
X680.412_2.954,0.496722308
X398.327_2.855,0.403628453
X536.335_2.7,0.205387191
X660.424_3.137,0.888086217
X760.474_3.064,0.228617853
X414.96_0.309,0.036214543
X758.459_2.977,0.256216659
X110.519_6.241,0.49290002
X838.629_3.294,0.49290002
X834.601_3.517,0.704014135
X676.382_2.92,0.49290002
X127.039_1.365,0.633479625
X782.567_3.55,0.256216659
X703.574_4.122,0.863422684
X720.408_2.952,1
X440.242_2.435,1
X806.57_3.362,0.49290002
X566.38_3.055,0.49290002
X845.967_2.338,0.360358048
X400.158_0.333,0.018277847
X683.846_2.364,0.360358048
X712.439_3.001,0.49290002
X806.57_3.848,0.444672391
X801.684_3.302,1
X782.568_3.34,0.256216659
X425.41_3.192,0.49290002
X782.569_3.91,0.888086217
X846.067_2.339,0.256216659
X1117.704_2.954,0.308537575
X678.434_3.156,1
X580.397_3.17,1
X776.579_3.701,0.029902863
X538.351_2.868,0.030923534
X634.408_3.056,0.435994867
X676.382_2.983,0.107790125
X590.31_2.539,0.388370112
X806.569_3.835,0.496722308
X706.464_3.184,0.847500019
X696.407_2.929,1
X366.3_3.034,0.49290002
X215.016_0.331,0.099172081
X207.986_0.312,0.49290002
X845.866_2.338,0.360358048
X944.548_3.092,0.195606318
X360.275_2.608,0.49290002
X760.584_4.674,0.93149737
X362.327_2.694,0.360358048
X734.57_4.702,0.823268524
X734.57_4.559,1
X327.202_2.21,0.49290002
X1161.769_3.06,0.060803258
X818.59_3.428,0.942698682
X440.337_2.772,0.256216659
X452.277_2.9,0.695526197
X838.559_3.424,0.49290002
X300.202_2.162,1
X776.579_3.77,0.674123661
X874.58_3.223,0.360358048
X736.543_4.947,0.151764046
X283.176_2.164,0.49290002
X230.212_2.638,0.033249095
X870.548_3.287,0.159994521
X818.59_3.603,0.557924002
X746.603_3.354,0.704014135
X949.624_2.926,0.901298536
X668.413_2.913,0.331284132
X902.54_3.008,0.688522824
X640.382_2.924,0.741582927
X1105.704_2.951,0.384805699
X414.321_2.745,0.360358048
X343.286_4.085,0.49290002
X408.952_0.314,0.063780954
X489.228_3.175,0.741582927
X886.545_3.051,0.672091078
X594.413_3.224,0.360358048
X422.194_2.28,0.49290002
X341.305_3.469,0.49290002
X708.443_3.029,0.933876491
X874.579_3.503,1
X343.286_4.002,0.360358048
X842.588_3.521,0.496722308
X311.222_2.926,0.566982871
X316.285_2.8,0.256216659
X902.539_3.116,0.384805699
X408.179_2.2,0.704014135
X612.351_2.913,0.256216659
X259.06_0.324,0.151392916
X373.187_2.738,0.49290002
X220.089_2.262,1
X907.526_2.579,0.019470252
X370.984_0.312,0.29177691
X343.286_3.946,0.442069138
X626.33_3.247,0.256216659
X335.294_3.196,1
X319.148_2.399,0.169219056
X590.31_2.6,0.147953449
X907.276_2.579,0.01295671
X614.31_2.578,0.183380589
X896.565_3.259,0.524894562
X343.286_3.811,0.725360769
X710.423_2.91,0.49290002
X298.993_0.325,0.113230506
X802.595_3.81,0.107790125
X159.969_6.632,0.496722308
X802.595_3.876,0.49290002
X786.491_3.091,0.360358048
X720.408_2.916,0.496722308
X842.589_3.654,0.135804614
X594.583_4.601,0.838885649
X840.573_3.483,0.360358048
X804.61_3.784,0.49290002
X205.098_1.171,0.282323548
X928.554_3.119,0.055640039
X648.629_5,0.558145915
X706.538_4.076,0.790086709
X826.595_3.776,0.191446679
X776.47_3.053,0.107790125
X608.321_2.529,0.496722308
X608.32_2.596,0.49290002
X614.31_2.529,0.256216659
X257.117_0.331,0.660416327
X888.558_3.196,0.700610579
X242.212_3.324,0.360358048
X205.098_0.777,0.814398188
X414.009_0.301,0.228617853
X412.306_2.696,0.741582927
X802.594_3.711,0.29177691
X286.995_0.306,0.360358048
X103.055_0.484,0.49290002
X215.07_0.325,0.099172081
X746.387_2.343,0.144389655
X592.326_2.565,0.255657003
X761.402_2.875,0.036214543
X110.021_6.396,0.909839487
X814.559_3.446,0.256216659
X293.161_2.41,0.203575885
X810.6_4.806,0.675208626
X235.09_2.641,0.12371756
X801.684_3.373,0.741582927
X813.684_3.598,0.513770415
X850.595_3.83,0.112143565
X709.936_2.18,0.641950396
X790.573_4.122,0.172271396
X710.079_2.18,0.558620396
X540.272_2.718,0.027235524
X462.191_2.265,0.169219056
X746.471_2.343,0.121749552
X746.304_2.342,0.17411006
X294.204_2.633,0.49290002
X732.445_3.057,0.047281427
X802.557_3.448,0.265289081
X880.569_3.459,0.031429195
X262.129_0.406,0.047773497
X780.553_3.784,0.356040967
X864.573_3.369,0.076146817
X307.141_2.343,0.091244819
X540.273_2.812,0.254157002
X333.192_2.619,0.030923534
X822.526_3.36,0.135969242
X400.158_0.426,0.034590059
X864.573_3.465,0.124566757
X780.553_3.716,0.315591452
X808.547_3.517,0.206796877
X422.327_2.839,0.304509672
X381.351_3.772,0.651324768
X331.177_2.552.1,0.047773497
X809.586_5.553,0.982666934
X731.607_5.636,0.49290002
X846.563_3.452,0.107790125
X784.547_3.541,0.1011733
X582.32_2.721,0.071349953
X670.408_3.011,0.107790125
X808.549_3.668,0.256216659
X375.13_2.257,0.157559049
X930.569_3.259,0.254066904
X836.543_3.482,0.158461022
X251.114_2.071,0.011475436
X429.372_3.888,0.360358048
X448.288_2.871,0.197459179
X393.724_2.86,0.137604435
X576.294_2.629,0.091244819
X446.196_2.386,0.040294691
X582.32_2.817,0.209573095
X354.373_3.821,0.110488322
X141.959_6.543,0.360358048
X488.208_2.381,0.172271396
X245.19_3.142,0.304509672
X784.548_3.742,0.011475436
X808.548_3.613,0.360358048
X824.541_3.361,0.256216659
X760.474_3.147,0.099172081
X784.547_3.568,0.018142267
X824.542_3.439,0.49290002
X546.28_2.319,0.624482997
X282.206_2.716,0.49290002
X632.428_3.094,0.071349953
X258.28_2.809,1
X784.547_3.642,0.07665921
X248.132_2.378,0.472119512
X824.579_3.859,0.107790125
X930.57_3.096,0.057769168
X396.311_2.801,0.228617853
X604.361_3.064,0.107790125
X786.563_3.567,0.034035313
X804.555_3.448,0.030923534
X862.552_3.287,0.060803258
X796.511_3.34,0.262620506
X786.563_3.593,0.014514438
X730.538_3.749,0.449472946
X814.521_3.173,0.031107774
X672.423_3.234,0.284740929
X472.342_2.865,0.484226581
X900.523_3.093,0.011475436
X264.127_2.276,0.012291705
X630.376_3.081,0.172271396
X392.34_3.657,0.49290002
X109.023_6.388,0.601897289
X381.384_3.721,0.107790125
X810.563_3.543,0.047773497
X685.435_4.991,0.49290002
X701.409_5.023,0.49290002
X822.527_3.453,0.169219056
X444.181_2.262,0.060803258
X769.556_5.559,0.49290002
X689.558_3.728,0.49290002
X750.542_4.149,0.256216659
X586.795_2.336,0.586541922
X604.327_2.639,0.172271396
X370.295_2.792,0.48198024
X319.227_2.7,0.331284132
X814.522_3.139,0.031429195
X616.325_2.61,0.191446679
X740.486_3.278,0.071349953
X900.484_2.874,0.741582927
X546.029_2.319,1
X894.548_3.278,0.107790125
X441.118_2.677,0.256216659
X678.397_3.062,0.047773497
X762.506_3.572,0.071349953
X572.262_2.564,0.566982871
X205.159_3.028,0.418827984
X812.506_3.271,0.07415692
X828.501_3.156,0.040294691
X678.397_2.89,0.151392916
X804.516_3.454,0.256216659
X646.372_3,0.030923534
X630.413_3.089,0.172271396
X350.305_3.336,0.587147098
X804.553_3.651,0.107790125
X734.459_2.999,0.360358048
X448.176_2.137,0.071349953
X856.532_3.358,0.091244819
X475.283_2.654,0.360358048
X450.192_2.316,0.256216659
X860.54_3.333,0.107790125
X418.265_2.316,0.107790125
X776.506_3.219,0.071349953
X438.322_2.729,0.741582927
X756.48_3.27,0.360358048
X588.366_3.086,0.49290002
X297.29_3.234,0.360358048
X689.559_3.645,0.694563071
X918.534_3.025,0.360358048
X828.501_3.1,0.022136793
X516.272_2.72,0.360358048
X572.263_2.557,0.210071786
X205.017_5.505,0.384805699
X658.407_3.012,0.476705799
X399.349_5.591,0.49290002
X484.247_2.622,0.030923534
X268.983_0.335,0.107790125
X260.186_2.331,0.247964265
X762.506_3.67,0.978310368
X784.511_3.335,0.262620506
X416.248_2.734,0.315591452
X822.526_3.333,0.071349953
X828.502_3.256,0.172271396
X574.279_2.559,0.196309064
X537.17_0.427,0.071349953
X878.54_3.156,0.151764046
X620.356_2.999,0.741582927
X427.133_2.772,0.496722308
X407.346_3.704,0.49290002
X928.553_3.201,0.191446679
X820.211_2.39,0.49290002
X347.172_2.542,0.011475436
X878.754_2.555,0.228617853
X864.572_3.503,0.49290002
X267.117_2.199,0.49290002
X698.439_3.092,0.982666934
X832.585_3.861,0.49290002
X726.506_3.565,0.172271396
X317.126_2.35,0.051415195
X702.434_3.064,0.315591452
X616.325_2.661,0.124566757
X394.338_3.619,1
X560.3_2.643,0.036214543
X820.51_3.273,0.360358048
X756.48_3.227,0.256216659
X408.354_5.59,0.49290002
X253.101_2.235,0.360358048
X319.227_2.783,0.418827984
X375.253_2.846,0.030923534
X402.78_3.474,0.172271396
X618.377_2.972,0.071349953
X689.558_3.819,0.360358048
X832.532_3.351,0.360358048
X746.51_3.501,0.49290002
X480.405_3.014,0.660416327
X804.551_3.912,0.694563071
X577.519_5.582,1
X704.448_3.082,0.67068248
X808.584_4.204,0.256216659
X894.548_3.086,0.172271396
X271.104_0.42,0.047773497
X375.217_2.605,0.071349953
X385.129_0.304,0.030923534
X806.569_5.586,0.660416327
X726.469_3.225,0.107790125
X730.464_3.193,0.828310326
X138.043_0.325,0.107790125
X702.434_3.129,0.315591452
X777.148_2.391,0.360358048
X806.53_3.404,0.49290002
X770.496_3.311,0.939306932
X238.111_2.16,0.107790125
X772.511_3.275,0.060803258
X634.412_3.027,0.496722308
X720.48_3.263,0.331284132
X717.59_5.578,0.360358048
X445.367_3.761,0.360358048
X878.55_3.264,0.018277847
X576.294_2.516,0.071029832
X894.548_3.072,0.107790125
X558.319_2.802,0.051415195
X864.574_3.563,0.360358048
X730.465_3.156,0.418827984
X386.29_2.704,0.741582927
X310.133_2.308,0.172271396
X393.264_2.827,0.071349953
X124.053_0.341,0.172271396
X292.607_2.098,0.640486867
X856.583_5.546,0.256216659
X613.16_0.396,0.099172081
X806.57_4.101,0.256216659
X962.56_3.064,0.360358048
X500.277_2.797,0.300581945
X180.033_0.381,0.107790125
X592.567_4.398,0.040294691
X343.226_2.913,0.016064146
X894.548_3.257,0.067272515
X508.268_2.584,0.172271396
X138.043_0.408,0.071349953
X415.357_3.504,0.360358048
X402.78_3.543,0.256216659
X409.257_2.779,0.011475436
X254.095_2.573,0.59991269
X962.559_3.094,0.172271396
X603.293_3.168,0.172271396
X385.333_3.644,1
X252.079_2.625,1
X456.333_2.609,0.496722308
X319.227_2.913,0.49290002
X137.038_5.762,0.49290002
X113_0.358,0.360358048
X572.262_2.707,0.044008044
X838.521_3.285,0.447721158
X616.326_2.561,0.169219056
X799.668_3.582,1
X251.114_1.542,0.172271396
X188.071_1.263,0.071349953
X251.114_1.428,0.256216659
X194.007_0.33,0.360358048
X249.149_2.639,0.48198024
X760.584_4.341,0.873351143
X734.569_4.31,0.651324768
X760.584_4.578,0.969849327
X734.569_4.399,0.95588711
X452.373_2.945,0.847500019
X734.57_4.45,1
X166.087_0.347,0.975219156
X462.192_2.403,0.031106329
X760.585_4.737,0.700610579
X786.6_4.602,1
X460.177_2.343,0.49290002
X812.543_3.297,0.203575885
X440.338_2.763,1
X442.353_2.819,0.704014135
X786.6_4.521,0.939306932
X335.143_2.416,0.256216659
X474.344_2.588,0.49290002
X347.125_2.289,0.074279258
X321.128_2.348,1
X592.325_2.623,0.331284132
X777.043_2.391,0.49290002
X820.155_2.39,0.49290002
X712.364_2.148,0.49290002
X236.084_2.348,0.071349953
X916.519_2.98,0.49290002
X665.976_2.25,0.018277847
X820.1_2.391,0.49290002
X263.146_0.316,0.91884181
X182.082_0.405,0.972210735
X776.99_2.391,0.360358048
X777.201_2.39,0.49290002
X590.275_2.421,0.049873397
X706.538_3.951,0.567261211
X618.341_2.519,0.227612412
X552.297_2.54,0.099172081
X229.155_0.434,0.071349953
X590.275_2.502,0.253897988
X552.295_2.672,0.418827984
X510.319_2.774,0.741582927
X850.594_3.601,0.480180845
X590.273_2.56,0.036456486
X566.274_2.546,0.360358048
X730.429_3.016,1
X399.251_3.057,0.741582927
X694.986_2.244,0.082710645
X934.529_2.963,0.228617853
X801.433_2.883,0.315591452
X594.342_2.705,0.49290002
X412.342_2.872,0.704014135
X757.622_5.627,0.611937192
X323.012_0.319,0.071349953
X606.27_2.452,0.49290002
X840.573_3.566,0.49290002
X614.309_2.711,0.586541922
X572.264_2.549,0.256216659
X632.322_2.44,0.48198024
X632.32_2.567,0.873351143
X718.429_3.073,0.071349953
X470.384_2.9,1
X518.253_2.548,0.043708836
X460.246_2.592,0.360358048
X822.563_3.369,0.737329053
X704.413_3.092,0.49290002
X724.439_2.916,0.49290002
X766.448_2.91,1
X512.336_2.83,0.49290002
X428.301_2.912,0.256216659
X824.579_3.559,0.49290002
X285.903_0.302,0.297057238
X282.137_2.281,0.256216659
X588.259_2.41,0.047773497
X738.454_3.014,0.496722308
X592.289_2.536,0.360358048
X560.3_2.553,0.197459179
X454.317_2.756,0.49290002
X606.27_2.406,0.047773497
X824.579_3.738,0.063815871
X244.093_0.305,0.099172081
X468.368_2.851,0.49290002
X588.263_2.541,0.49290002
X842.552_3.319,0.400413309
X315.109_2.399,0.360358048
X332.244_2.494,0.49290002
X335.222_2.518,0.939306932
X774.601_5.586,0.567261211
X234.957_6.368,0.741582927
X194.155_2.386,0.49290002
X246.17_2.138,0.331284132
X327.232_3.089,0.962767578
X729.59_4.03,0.071349953
X648.317_2.404,0.496722308
X373.201_2.572,0.124566757
X566.273_2.565,0.360358048
X234.957_6.408,0.805866744
X518.253_2.614,0.704014135
X544.305_2.627,0.256216659
X234.957_6.402,0.741582927
X726.419_2.89,0.49290002
X341.211_2.823,0.107790125
X127.039_6.611,1
X540.273_2.715,0.49290002
X516.237_2.545,0.107790125
X562.315_2.907,0.256216659
X772.512_3.255,0.256216659
X717.554_3.533,0.49290002
X801.815_2.767,1
X736.44_3.005,0.228617853
X445.232_2.773,0.172271396
X872.564_3.226,1
X468.39_3,0.256216659
X268.104_0.302,0.377826525
X530.406_3.094,0.49290002
X830.553_3.314,0.148514586
X746.554_2.343,0.364647805
X392.41_2.108,0.49290002
X814.148_2.344,1
X814.24_2.343,0.978310368
X666.399_3.04,0.360358048
X814.057_2.343,0.447721158
X679.068_2.179,0.263363722
X552.331_3.035,0.350635342
X130.534_6.153,0.847500019
X548.541_4.355,0.172271396
X720.443_2.989,0.496722308
X689.128_2.341,0.533102953
X690.433_2.989,0.694563071
X1131.721_2.956,0.741582927
X758.46_3.114,0.741582927
X209.073_2.279,1
X510.437_3.189,0.49290002
X401.341_3.451,0.528258898
X760.585_5.61,0.700610579
X280.264_3.159,0.49290002
X366.373_3.76,0.648081346
X782.569_4.084,0.865035342
X340.357_3.666,0.49290002
X321.315_3.572,0.496722308
X782.569_4.138,1
X786.602_5.6,0.360358048
X758.569_4.338,0.601897289
X669.741_2.258,0.741582927
X782.569_4.198,0.350635342
X621.671_2.438,0.528258898
X774.564_3.449,0.447721158
X660.547_2.42,0.704014135
X772.547_3.524,0.416027965
X774.565_3.634,0.172271396
X242.567_2.774,1
X616.177_2.74,0.704014135
X538.52_4.176,0.416027965
X288.633_2.894,1
X383.243_2.8,0.360358048
X377.174_2.515,0.360358048
X236.163_2.635,0.49290002
X566.31_2.557,0.49290002
X328.916_6.454,0.49290002
X830.571_3.706,0.805866744
X218.985_0.327,0.256216659
X110.02_5.98,0.49290002
X182.985_6.327,0.496722308
X328.915_6.305,0.847500019
X328.915_6.207,0.49290002
X328.916_6.068,0.704014135
X328.915_6.123,1
X328.916_5.996,0.700610579
X328.916_5.92,0.528258898
X287.889_6.433,0.704014135
X156.991_6.322,0.256216659
X109.023_6.094,0.49290002
X109.023_5.81,0.256216659
X109.023_5.957,0.906313874
X298.31_3.418,1
X156.991_6.263,0.805866744
X224.012_5.946,1
X224.012_5.77,0.741582927
X224.012_6.075,0.256216659
X287.889_6.264,0.49290002
X138.996_5.905,0.618950165
X287.889_6.133,0.49290002
X138.996_5.988,0.741582927
X141.959_6.052,1
X224.012_6.219.1,0.384805699
X138.996_6.184,0.865035342
X224.012_6.403,0.49290002
X224.012_6.359,0.704014135
X287.889_5.906,0.49290002
X158.986_6.213,1
X130.534_5.797,1
X138.996_6.425,0.49290002
X158.986_6.327,0.172271396
X130.534_5.853,0.873351143
X312.326_3.533,0.256216659
X115.964_6.221,0.49290002
X110.519_6.375,0.733538135
X115.965_6.432,0.256216659
X110.519_6.297,0.959722455
X110.519_6.337,0.651779299
X122.964_6.349,0.49290002
X110.519_5.887,0.660416327
X110.519_6.131,1
X158.986_6.377,0.360358048
X110.519_6.042,0.49290002
X169.978_5.921,0.690173103
X122.964_6.155,0.741582927
X122.964_6.235,1
X589.429_3.279,0.360358048
X377.269_3.093,0.256216659
X361.238_2.895,0.256216659
X361.236_2.988,0.315591452
X398.363_2.963,0.49290002
X787.668_3.937,0.256216659
X705.37_2.412,0.586541922
X703.575_3.896,0.665575744
X512.756_2.233,0.236740693
X112.036_5.367,0.360358048
X810.6_4.678,0.970396831
X854.553_3.58,0.256216659
X331.675_3.046,0.360358048
X462.227_2.432,0.49290002
X870.55_3.096,0.660416327
X126.022_0.443,0.107790125
X790.56_3.318,0.172271396
X918.535_2.976,0.360358048
X846.547_3.339,0.902375245
X293.211_3.087,0.567261211
X568.325_2.645,0.256216659
X309.206_2.858,0.172271396
X279.117_2.333,0.838885649
X311.222_2.808,0.172271396
X816.573_3.512,0.384805699
X610.335_2.957,0.49290002
X430.016_0.313,1
X724.403_2.978,0.360358048
X896.565_3.2,0.360358048
X184.17_2.63,0.49290002
X766.449_3.029,0.49290002
X722.46_3.017,1
X335.279_3.001,0.49290002
X320.975_0.302,0.099172081
X834.6_4.121,0.49290002
X810.601_4.362,0.657972216
X834.601_4.514,0.256216659
X790.537_3.75,0.360358048
X834.601_4.453,0.107790125
X834.601_4.577,0.660416327
X822.564_3.545,0.207010129
X708.511_4.989,0.49290002
X748.526_3.883,0.256216659
X790.537_3.877,0.256216659
X792.554_3.989,0.48198024
X792.554_4.114,0.611937192
X792.554_4.048,0.741582927
X748.527_3.925,0.256216659
X131.082_4.275,0.49290002
X758.569_4.567,0.733538135
X703.575_5.628,0.172271396
X792.554_4.169,0.49290002
X790.574_4.038,0.49290002
X790.574_3.936,0.675208626
X906.569_3.264,0.256216659
X526.315_5.668,0.733538135
X907.025_2.577,0.256216659
X884.599_3.32,0.660416327
X306.152_2.932,0.49290002
X766.537_3.976,0.49290002
X1015.672_2.923,0.836617234
X311.162_3.045,1
X790.574_4.122,0.360358048
X621.445_2.18,0.888086217
X556.443_3.104,0.496722308
X886.543_3.166,0.660416327
X792.589_4.249,0.172271396
X273.019_0.308,0.49290002
X886.543_3.252,0.982666934
X496.421_3.132,0.741582927
X832.584_4.057,0.256216659
X570.283_3.053,0.360358048
X828.551_3.962,0.49290002
X622.371_3.049,0.566982871
X830.554_3.264,0.071349953
X813.684_3.91,0.660416327
X424.342_2.894,0.900153536
X577.519_3.773,0.49290002
X165.164_2.712,0.982666934
X1273.605_3.33,0.360358048
X241.155_0.364,0.172271396
X806.57_3.972,0.49290002
X584.336_2.769,0.618950165
X173.133_3.319,0.496722308
X158.922_0.307,0.036214543
X495.663_2.271,0.284740929
X570.282_2.995,0.359779482
X619.327_2.27,0.350635342
X385.346_3.414,0.856792565
X339.138_2.425,0.350635342
X209.178_3.324,0.496722308
X558.285_2.261,0.524894562
X385.346_3.596,0.863422684
X333.163_2.467,0.49290002
X272.222_2.735,0.49290002
X380.182_2.267,0.071349953
X429.212_2.192,0.49290002
X487.75_2.206,0.49290002
X473.238_2.238,0.586541922
X500.241_2.634,0.49290002
X576.295_2.614,0.107790125
X393.694_2.19,0.805866744
X437.887_2.091,0.107790125
X649.755_2.425,0.945081978
X534.268_2.157,0.741582927
X349.222_2.205,0.107790125
X173.072_2.415,0.360358048
X444.578_2.096,0.49290002
X541.028_2.29,0.483506849
X331.263_3.1,0.49290002
X830.569_3.79,0.256216659
X494.997_2.235,0.256216659
X613.16_0.32,0.282280972
X676.418_3.012,0.378752343
X975.639_2.948,0.880436869
X467.266_2.157,0.256216659
X429.221_2.564,0.49290002
X840.537_3.295,0.091244819
X627.734_2.411,0.49290002
X764.523_3.86,0.49290002
X338.164_2.375,0.107790125
X542.799_2.245,0.856792565
X660.346_2.421,0.737329053
X566.345_3.09,0.49290002
X706.501_3.346,0.863422684
X550.278_2.527,0.172271396
X451.044_2.327,0.256216659
X663.454_5.038,0.49290002
X343.227_3.095,0.49290002
X431.237_2.665,0.49290002
X570.284_3.142,0.49290002
X359.222_2.756,0.018671672
X268.105_0.418,0.496722308
X317.247_3.189,0.813576881
X103.055_0.597,0.191446679
X997.624_2.921,0.496722308
X319.19_2.756,0.360358048
X500.24_2.698,0.256216659
X258.11_0.309,0.360358048
X301.114_0.419,0.071349953
X473.046_2.252,0.49290002
X774.563_3.651,0.49290002
X616.336_2.362,0.107790125
X636.965_2.251,0.172271396
X347.258_3.128,0.418827984
X526.277_2.241,1
X536.3_2.65,0.256216659
X353.191_2.187,0.360358048
X683.511_2.365,0.49290002
X302.143_2.431,0.172271396
X331.263_3.302,1
X301.216_2.905,0.633479625
X532.489_2.312,0.49290002
X488.516_2.327,0.49290002
X618.341_2.632,0.447721158
X591.056_2.252,0.49290002
X632.321_2.569,0.091244819
X166.042_2.26,1
X163.031_2.26,0.49290002
X542.324_2.718,0.2313261
X373.966_2.16,0.071349953
X338.974_2.023,0.256216659
X672.94_2.228,0.704014135
X375.217_2.781,0.055640039
X407.957_2.12,0.640486867
X496.304_2.737,0.360358048
X325.216_2.824,0.49290002
X542.323_2.885,0.49290002
X251.114_1.366,0.256216659
X251.114_1.48,0.256216659
X566.325_2.709,0.256216659
X389.196_2.612,0.256216659
X323.172_2.309,0.256216659
X251.114_1.334,0.256216659
X546.283_3.015,0.49290002
X447.232_2.538,0.49290002
X484.246_2.696,0.360358048
X352.182_2.856,0.611937192
X308.091_0.335,0.760864545
X706.428_2.946,0.435994867
X251.114_1.298,0.256216659
X333.243_3.067,0.733538135
X103.055_0.39,0.704014135
X142.949_0.309,1
X112.087_3.698,0.496722308
X1169.773_3.053,0.384805699
X214.181_3.152,0.760864545
X884.528_3.162,0.172271396
X810.526_3.365,0.091927249
X764.433_2.927,0.496722308
X399.326_3.519,0.49290002
X426.357_2.922,0.49290002
X554.345_3.062,0.49290002
X640.381_2.94,1
X274.991_0.316,0.256216659
X536.371_3.013,0.49290002
X448.211_2.372,0.49290002
X898.58_3.459,1
X728.485_3.29,0.350635342
X747.719_2.337,0.256216659
X802.595_3.942,0.741582927
X813.684_3.287,0.880436869
X594.582_4.804,0.172271396
X806.555_3.31,0.49290002
X366.132_2.184,0.360358048
X682.393_2.927,0.49290002
X734.569_4.504,0.49290002
X307.084_0.436,0.49290002
X327.231_3.019,0.586541922
X502.224_2.413,0.112143565
X352.291_3.851,1
X151.098_3.764,1
X423.733_2.079,0.360358048
X758.495_3.319,0.172271396
X436.176_2.342,1
X618.306_2.551,0.256216659
X308.092_2.314,0.360358048
X848.579_3.734,0.071349953
X694.428_3.078,0.107790125
X165.055_0.374,0.315591452
X180.033_0.392,0.107790125
X179.049_2.292,0.49290002
X166.123_2.519,0.660416327
X320.154_2.385,0.256216659
X392.978_0.309,0.660416327
X793.527_4.956,0.360358048
X520.234_2.371,0.256216659
X508.34_3.061,0.828310326
X808.584_3.586,0.360358048
X339.3_3.045,0.741582927
X685.393_3.003,0.49290002
X641.367_3.064,0.360358048
X718.574_5.582,0.172271396
X675.543_3.558,0.384805699
X451.315_2.964,0.049126054
X211.079_2.765,0.741582927
X205.098_0.721,0.640486867
X761.578_3.999,0.360358048
X247.129_0.567,0.49290002
X753.588_5.547,0.256216659
X377.233_2.823,0.172271396
X718.574_5.617,0.360358048
X414.96_0.304,0.660416327
X359.221_2.98,0.172271396
X337.237_2.86,0.315591452
X574.32_3.108,0.49290002
X158.013_0.32,0.172271396
X856.568_3.379,0.838885649
X810.601_5.6,0.304509672
X652.382_2.997,0.49290002
X300.199_2.264,0.49290002
X108.069_4.64,0.741582927
X351.253_2.805,0.360358048
X944.55_3.076,0.360358048
X642.53_3.723,0.360358048
X536.274_2.23,0.360358048
X214.217_3,0.733538135
X373.274_2.701,0.49290002
X347.692_2.101,0.360358048
X529.522_2.184,0.172271396
X493.749_2.203,0.360358048
X263.139_2.176,0.660416327
X572.29_2.141,0.49290002
X610.636_2.16,0.360358048
X423.819_2.185,0.360358048
X212.119_2.277,1
X733.712_2.255,0.360358048
X822.212_2.529,0.722431043
X344.316_3.095,1
X567.939_2.193,0.49290002
X526.314_3.393,0.360358048
X307.227_3.143,0.660416327
X260.223_2.558,1
X553.328_2.259,0.49290002
X354.264_2.541,0.256216659
X288.253_2.791,0.49290002
X594.311_2.18,0.49290002
X339.217_2.901,0.360358048
X432.332_2.798,0.49290002
X469.761_2.168,0.360358048
X414.321_3.08,0.49290002
X815.699_3.334,0.528258898
X305.248_3.146,1
X349.237_2.852,0.360358048
X339.289_2.941,0.360358048
X248.14_3.254,0.982666934
X836.602_3.252,0.982666934
X590.717_2.37,0.49290002
X329.248_3.098,0.49290002
X407.206_2.542,0.660416327
X578.317_2.257,0.741582927
X249.046_0.304,0.447721158
X634.86_2.297,0.741582927
X692.412_2.962,0.527724551
X401.269_2.92,0.49290002
X259.154_2.53,0.360358048
X407.222_2.409,1
X210.044_0.365,1
X804.538_3.258,0.496722308
X401.269_2.951,0.49290002
X730.883_2.408,0.360358048
X357.105_2.329,0.047773497
X384.395_2.542,0.741582927
X192.701_2.544,0.49290002
X352.321_3.202,0.939306932
X519.14_3.474,0.49290002
X302.208_2.286,0.982666934
X654.398_3.076,0.2313261
X732.553_4.261,0.265289081
X339.289_4.841,0.49290002
X770.532_3.386,0.496722308
X129.066_3.574,0.805866744
X810.6_4.843,0.49290002
X834.585_3.964,0.49290002
X752.391_2.819,0.256216659
X677.099_2.36,0.760864545
X596.521_2.413,0.900153536
X687.368_2.363,0.49290002
X621.32_2.18,0.910103419
X519.299_2.386,0.49290002
X638.366_3.044,0.253897988
X550.791_2.41,1
X621.303_3.107,0.660416327
X576.329_2.791,0.384805699
X442.389_3.008,0.229041795
X912.558_3.285,0.071349953
X600.33_2.804,0.704014135
X376.319_3.262,0.172271396
X621.303_3.147,0.49290002
X370.983_0.307,0.49290002
X542.289_2.643,0.49290002
X291.07_0.408,0.660416327
X784.584_3.275,0.978310368
X688.454_3.212,0.933876491
X838.626_3.389,0.49290002
X808.583_3.395,0.704014135
X836.613_5.59,1
X333.193_2.559,0.256216659
X215.016_0.409,0.360358048
X792.589_4.09,0.77717307
X719.57_3.725,0.256216659
X262.165_0.431,0.256216659
X285.083_0.446,0.49290002
X626.366_2.963,0.082710645
X806.571_4.266,0.49290002
X784.585_5.595,0.360358048
X384.116_0.473,0.49290002
X128.018_0.344,0.49290002
X806.571_4.175,0.49290002
X246.171_2.203,1
X858.584_3.415,0.256216659
X269.187_2.938,0.49290002
X293.192_2.164,0.49290002
X548.263_2.652,0.360358048
X258.11_2.954,0.49290002
X293.211_2.694,0.256216659
X876.524_3.133,0.49290002
X112.036_5.024,0.49290002
X112.036_5.276,0.49290002
X232.025_0.317,0.760864545
X291.232_3.049,0.760864545
X540.448_3.252,0.496722308
X112.036_5.195,0.49290002
X590.309_2.656,0.496722308
X349.201_2.643,0.172271396
X800.579_3.784,0.49290002
X705.329_3.357,0.360358048
X272.186_2.203,1
X112.036_4.857,0.704014135
X373.202_2.667,0.256216659
X584.474_3.242,0.496722308
X365.196_2.648,0.49290002
X132.549_4.966,0.49290002
X574.313_2.635,0.760864545
X112.036_4.793,0.49290002
X421.222_2.666,0.49290002
X135.079_4.526,0.741582927
X423.237_2.603,0.982666934
X365.196_2.646,0.360358048
X389.196_2.613,1
X381.227_2.697,0.360358048
X357.206_2.627,0.256216659
X330.264_2.816,0.360358048
X316.224_2.31,0.360358048
X524.278_2.733,0.435994867
X768.553_4.271,1
X393.225_2.522,0.660416327
X850.595_3.759,0.648519119
X842.551_3.341,0.741582927
X475.244_2.77,0.360358048
X768.553_4.333,0.172271396
X240.079_0.303,0.49290002
X788.616_4.205,0.49290002
X732.553_4.124,0.350635342
X189.124_0.309,0.360358048
X476.228_2.773,0.49290002
X161.092_0.387,0.263270588
X343.285_4.054,0.384805699
X734.57_4.07,1
X734.57_4.658,0.865035342
X701.558_3.623,0.805866744
X140.082_3.551,0.49290002
X389.191_2.451,0.49290002
X621.571_2.18,0.909839487
X774.6_5.602,0.49290002
X828.258_2.181,0.873351143
X518.323_2.92,0.49290002
X828.091_2.18,0.873351143
X740.522_3.75,0.49290002
X480.276_2.253,0.256216659
X516.3_2.57,1
X813.62_5.6,0.49290002
X701.558_3.695,0.172271396
X254.095_2.211,1
X349.189_2.464,0.360358048
X622.613_4.944,1
X709.649_2.179,0.360358048
X262.907_0.311,0.350635342
X528.226_2.146,0.49290002
X258.207_2.775,0.49290002
X302.305_2.804,0.805866744
X366.307_5.595,0.360358048
X378.78_3.494,1
X338.476_3.558,0.704014135
X312.192_2.12,0.49290002
X564.535_4.148,0.172271396
X668.378_2.923,0.49290002
X878.547_3.26,0.978310368
X516.299_2.609,0.49290002
X341.211_2.838,0.172271396
X498.289_2.708,0.49290002
X584.207_2.096,0.49290002
X620.598_4.648,0.49290002
X1075.695_2.976,1
X393.263_2.859,0.172271396
X440.314_2.95,0.49290002
X249.149_2.74,0.172271396
X602.346_2.704,0.360358048
X249.149_2.802,0.49290002
X630.306_2.441,0.496722308
X516.299_2.762,0.49290002
X794.532_3.407,0.172271396
X528.367_2.865,0.49290002
X347.172_2.535,0.49290002
X601.336_5.631,0.982666934
X772.584_4.226,0.49290002
X498.289_2.618,0.49290002
X362.29_2.707,0.49290002
X406.164_2.363,0.49290002
X323.222_2.853,0.49290002
X414.78_5.603,0.360358048
X962.559_3.159,0.360358048
X608.356_3.125,0.49290002
X461.215_2.518,1
X888.521_3.238,0.360358048
X806.15_2.462,0.256216659
X357.301_4.199,0.49290002
X744.48_3.262,0.49290002
X357.301_4.292,0.49290002
X357.206_2.75,0.360358048
X864.521_3.258,0.360358048
X848.564_3.208,0.49290002
X351.217_2.656,0.49290002
X604.255_2.414,0.49290002
X800.616_5.613,0.49290002
X265.144_2.511,0.49290002
X341.211_2.75,0.360358048
X726.506_3.529,0.256216659
X365.232_2.881,0.49290002
X729.42_3.043,0.49290002
X744.554_4.499,0.256216659
X405.191_2.536,0.49290002
X361.237_2.785,0.360358048
X792.553_3.62,0.360358048
X513.269_2.294,0.49290002
X550.314_2.664,0.496722308
X650.403_3.014,0.360358048
X404.301_2.779,0.49290002
X760.584_4.778,1
X372.347_2.911,0.741582927
X261.651_2.249,0.256216659
X836.606_3.279,0.49290002
X283.019_0.328,0.49290002
X826.557_3.439,0.49290002
X946.565_3.105,0.172271396
X928.554_3.072,0.49290002
X343.227_2.835,0.49290002
X618.377_3.107,0.49290002
X794.568_4.098,1
X736.544_4.956,0.265289081
X150.058_0.359,0.49290002
X814.558_3.514,0.360358048
X856.569_3.179,0.49290002
X746.569_5.544,0.49290002
X814.521_3.267,0.49290002
X468.405_3.022,0.360358048
X291.146_2.33,0.360358048
X826.594_3.853,0.360358048
X904.553_3.289,0.49290002
X556.302_2.972,1
X423.909_2.296,0.982666934
X1091.667_2.936,0.49290002
X780.55_4.028,0.49290002
X756.515_3.381,0.360358048
X311.633_2.893,0.360358048
X205.098_1.22,0.805866744
X648.424_3.067,1
X750.541_4.002,0.933876491
X472.327_2.935,0.49290002
X808.584_4.337,1
X603.293_3.149,0.172271396
X675.677_3.534,0.49290002
X912.56_3.117,0.741582927
X470.42_3.094,0.49290002
X352.291_5.59,0.704014135
X498.006_2.237,0.704014135
X407.258_5.641,0.360358048
X794.566_5.577,0.256216659
X366.203_2.245,0.660416327
X381.351_3.848,0.360358048
X290.61_2.88,0.360358048
X391.284_0.702,1
X665.853_2.416,0.359779482
X558.786_2.269,1
X622.407_3.119,0.360358048
X457.24_2.215,0.360358048
X319.263_3.495,0.741582927
X729.59_3.973,0.360358048
X405.3_3.193,0.49290002
X310.057_0.314,0.49290002
X628.732_2.427,0.49290002
X627.07_2.329,0.49290002
X493.315_3.011,0.49290002
X279.171_2.29,0.360358048
X612.815_2.332,0.107790125
X560.253_2.206,0.704014135
X637.582_2.364,0.256216659
X752.558_4.163,0.360358048
X712.873_2.428,0.360358048
X315.195_2.928,0.733538135
X811.941_2.422,0.360358048
X768.553_5.567,0.49290002
X838.63_5.599,0.49290002
X902.538_3.238,1
X796.583_4.129,1
X1021.624_2.921,0.603221549
X820.548_3.418,0.49290002
X518.281_2.314,0.805866744
X564.329_3.025,1
X103.055_0.486,0.256216659
X627.138_2.402,0.49290002
X593.72_2.375,0.360358048
X700.527_3.967,0.49290002
X298.274_2.73,0.256216659
X596.119_2.412,0.256216659
X812.521_3.604,0.49290002
X660.424_3.234,0.49290002
X287.237_3.171,0.660416327
X548.275_2.874,0.700610579
X1091.699_2.955,1
X778.537_3.785,0.49290002
X842.589_3.698,0.741582927
X538.52_4.168,1
X625.393_2.993,0.256216659
X810.6_4.741,0.888086217
X810.6_4.625,0.586541922
X558.283_2.791,0.704014135
X539.367_2.949,0.360358048
X341.247_3.166,0.49290002
X517.255_2.771,0.49290002
X400.159_0.337,0.982666934
X592.326_2.527,1
X375.253_2.935,0.49290002
X415.157_0.304,0.49290002
X880.571_3.378,1
X407.243_2.761,0.49290002
X301.115_0.328,0.360358048
X632.321_2.535,0.741582927
X662.403_3.148,0.256216659
X518.604_2.246,1
X301.115_0.413,0.49290002
X433.258_2.883,0.360358048
X401.269_2.983,0.49290002
X417.264_2.838,0.49290002
X277.995_0.326,0.360358048
X407.243_2.623,0.49290002
X663.672_2.237,0.49290002
X500.909_2.151,1
X766.536_3.971,0.256216659
X674.439_3.237,0.982666934
X608.32_2.651,0.49290002
X503.239_2.159,0.49290002
X316.285_2.96,0.741582927
X415.21_2.515,1
X455.587_2.2,0.49290002
X930.569_3.313,0.49290002
X590.274_2.559,0.660416327
X621.504_2.436,0.741582927
X353.269_2.989,0.982666934
X619.139_2.364,0.49290002
X505.281_2.132,0.49290002
X476.277_2.832,0.360358048
X774.543_4.007,0.49290002
X169.072_0.342,0.49290002
X639.976_2.342,0.49290002
X724.527_4.035,0.49290002
X311.258_3.155,0.49290002
X305.166_2.202,0.49290002
X774.541_3.95,0.360358048
X410.406_2.232,0.49290002
X630.306_2.472,1
X445.99_0.31,0.360358048
X630.305_2.513,1
X339.175_2.023,0.49290002
X785.588_5.592,1
X792.589_4.299,0.256216659
X590.273_2.68,0.49290002
X298.993_0.33,0.49290002
X834.528_3.349,0.528258898
X241.227_2.948,1
X876.535_3.274,0.172271396
X187.108_0.35,0.660416327
X634.336_2.536,0.49290002
X140.071_0.347,0.49290002
X681.362_2.79,0.360358048
X650.67_2.337,1
X704.807_2.338,1
X748.583_3.471,0.49290002
X114.103_3.728,0.360358048
X408.309_3.31,0.49290002
X703.574_4.223,0.49290002
X804.61_3.876,0.49290002
X722.459_3.049,1
X708.511_5.08,0.49290002
X708.48_3.293,1
X180.138_3.213,0.704014135
X490.01_2.106,0.49290002
X520.509_4.181,0.360358048
X368.389_3.87,0.071349953
X268.653_3.253,0.360358048
X264.078_2.788,0.49290002
X792.553_3.661,0.360358048
X792.553_3.738,0.360358048
X759.638_5.605,0.360358048
X728.405_3.431,0.49290002
X514.256_2.664,0.49290002
X383.367_4.065,0.496722308
X550.457_2.416,0.49290002
X742.538_3.999,0.733538135
X288.29_2.69,1
X745.603_2.438,1
X600.469_3.096,0.741582927
X142.027_0.328,0.360358048
X214.18_2.639,0.700610579
X810.6_4.952,1
X242.175_2.774,0.49290002
X215.139_0.439,0.49290002
X810.6_5.007,1
X810.6_5.504,0.496722308
X834.6_4.663,1
X242.212_2.726,1
X732.443_3.037,0.741582927
X236.201_3.428,0.360358048
X676.381_3.024,0.360358048
X784.584_4.62,0.49290002
X858.596_5.546,0.256216659
X485.288_3.422,0.49290002
X349.21_2.695,1
X352.291_5.536,0.49290002
X108.069_4.53,1
X798.539_5.559,0.360358048
X413.324_3.281,0.360358048
X126.022_0.447,0.360358048
X796.547_3.587,0.49290002
X808.548_3.669,0.360358048
X862.555_3.307,0.704014135
X368.279_2.763,0.49290002
X824.542_3.368,0.49290002
X313.237_2.732,0.49290002
X332.219_2.219,0.256216659
X398.326_2.87,1
X430.39_2.963,1
X762.506_3.463,1
X738.506_3.586,0.49290002
X343.263_3.433,1
X293.133_2.359,0.660416327
X832.532_3.436,0.49290002
X846.562_3.417,1
X838.594_3.65,0.360358048
X806.532_3.537,0.700610579
X786.491_3.258,0.360358048
X782.532_3.34,0.265289081
X752.558_5.583,0.360358048
X750.506_3.512,0.360358048
X506.324_2.987,0.360358048
X269.137_2.454,0.360358048
X404.796_3.712,0.49290002
X516.309_2.893,0.360358048
X317.211_2.828,0.741582927
X838.594_3.711,0.49290002
X506.36_3.003,0.49290002
X856.531_3.405,0.49290002
X177.127_2.779,0.49290002
X576.33_2.943,0.49290002
X337.237_2.687,1
X291.232_3.102,0.49290002
X810.527_3.324,0.49290002
X247.129_0.882,0.49290002
X247.129_0.799,0.49290002
X337.237_2.784,0.49290002
X796.582_5.568,0.49290002
X934.529_3.044,0.49290002
X247.129_0.718,0.49290002
X752.558_4.439,0.360358048
X794.604_4.185,0.49290002
X544.305_2.706,0.49290002
X658.408_3.184,0.49290002
X410.201_2.128,0.256216659
X746.51_3.618,0.360358048
X740.485_3.31,0.49290002
X394.259_2.837,0.49290002
X844.546_3.486,0.360358048
X263.091_2.771,0.360358048
X317.211_2.522,0.360358048
X377.232_2.775,0.49290002
X377.231_2.722,0.49290002
X754.537_3.679,0.49290002
X217.159_3.081,0.704014135
X544.304_2.727,0.49290002
X301.216_2.703,1
X536.504_3.919,1
X428.301_2.691,0.49290002
X694.464_3.127,0.660416327
X307.227_3.138,0.49290002
X556.268_2.65,0.49290002
X242.1_0.472,0.49290002
X325.219_3.011,0.49290002
X231.073_0.435,0.49290002
X722.47_3.124,0.49290002
X267.159_2.667,0.49290002
X662.439_3.169,0.49290002
X804.515_3.427,0.360358048
X784.51_3.338,0.49290002
X856.581_4.109,0.49290002
X316.284_2.805,0.49290002
X882.585_3.628,0.49290002
X254.211_3.32,1
X844.524_3.844,0.49290002
X804.55_4.007,0.49290002
X686.438_3.138,0.741582927
X1023.639_2.932,0.49290002
X644.494_3.093,0.741582927
X363.31_3.14,0.741582927
X846.554_3.341,0.49290002
X796.511_3.392,0.360358048
X344.316_2.827,0.49290002
X846.559_3.356,1
X848.578_3.623,0.660416327
X372.347_3.225,1
X399.358_2.909,0.49290002
X545.403_3.255,0.360358048
X628.5_3.232,0.360358048
X300.253_3.1,0.49290002
X457.35_3.267,0.360358048
X716.522_3.969,1
X501.376_3.262,0.360358048
X479.394_3.267,0.360358048
X704.448_3.178,0.49290002
X435.368_3.27,0.360358048
X676.417_3.058,0.741582927
X452.395_3.267,0.49290002
X407.337_3.13,0.360358048
X343.227_2.709,1
X856.581_4.278,0.49290002
X688.52_3.089,1
X502.337_3.019,1
X458.348_3.097,0.49290002
X644.392_3.176,0.49290002
X561.398_3.107,0.49290002
X672.526_3.222,1
X698.437_3.068,0.49290002
X546.364_3.011,1
X559.151_0.434,0.360358048
X506.361_3.016,0.49290002
X766.5_3.304,0.49290002
X539.415_3.114,0.49290002
X397.382_4.184,0.49290002
X295.648_2.934,0.49290002
X429.319_3.126,0.49290002
X182.588_2.711,1
X878.553_3.331,0.360358048
X301.216_2.769,1
X672.423_3.1,0.741582927
X703.538_3.191,0.660416327
X294.243_2.738,1
X776.558_4.123,1
X766.574_4.106,1
X830.102_2.454,0.49290002
X519.269_2.285,0.660416327
X138.043_0.411,0.49290002
X820.584_4.09,0.49290002
X834.528_3.29,0.741582927
X348.07_0.322,0.256216659
X703.574_4.303,0.49290002
X834.584_3.416,0.360358048
X780.539_3.606,0.49290002
X149.095_5.377,0.49290002
X358.295_3.078,0.49290002
X758.569_4.65,0.49290002
X570.458_3.173,0.49290002
X614.484_3.156,0.49290002
X1063.671_2.922,1
X122.072_3.9,0.137604435
X407.346_3.639,0.49290002
X398.34_3.584,0.49290002
X759.637_3.27,0.360358048
X759.637_3.187,0.49290002
X153.041_0.4,0.047773497
X862.624_3.581,0.172271396
X786.164_2.355,0.360358048
X678.471_3.313,0.49290002
X756.55_5.552,0.704014135
X678.781_2.175,0.360358048
X462.319_3.281,0.49290002
X785.662_2.425,0.360358048
X581.811_2.258,0.256216659
X594.06_2.176,0.360358048
X691.114_2.412,0.360358048
X501.511_2.288,0.256216659
X485.395_3.286,0.49290002
X888.466_2.881,0.49290002
X546.269_2.157,0.360358048
X584.962_2.257,0.256216659
X572.298_2.749,0.49290002
X374.303_3.249,0.49290002
X211.079_2.777,0.49290002
X688.455_3.234,0.741582927
X533.664_2.139,0.360358048
X319.227_2.762,0.360358048
X352.291_3.779,0.256216659
X307.065_0.432,0.360358048
X377.162_3.033,0.49290002
X706.538_4.03,0.704014135
X622.658_2.313,0.49290002
X253.055_0.388,0.49290002
X627.31_2.249,0.49290002
X257.117_0.431,1
X348.071_0.332,0.360358048
X188.067_0.434,0.49290002
X1040.532_2.538,0.360358048
X758.569_5.591,0.49290002
X255.142_2.716,0.49290002
X788.618_5.596,0.49290002
X786.6_4.389,0.49290002
X776.507_3.184,0.49290002
X758.531_3.361,0.360358048
X804.553_3.437,0.49290002
X462.298_2.924,0.49290002
X720.59_5.603,0.49290002
X632.393_3.035,0.49290002
X888.521_3.27,0.49290002
X720.591_5.646,0.49290002
X566.273_2.608,0.49290002
X622.371_2.984,0.256216659
X405.3_3.21,0.49290002
X708.512_4.975,0.49290002
X736.543_5.021,0.360358048
X288.217_2.455,0.49290002
X211.079_2.93,0.49290002
X558.283_2.643,0.660416327
X540.447_3.12,0.49290002
X391.342_3.278,0.49290002
X584.473_3.112,0.49290002
X189.124_0.452,0.49290002
X802.557_3.396,0.49290002
X487.361_3.179,0.49290002
X553.314_3.021,0.49290002
X330.337_2.844,0.49290002
X476.374_2.929,0.49290002
X531.387_3.175,0.49290002
X414.78_5.653,0.49290002
X222.889_0.32,0.360358048
X561.38_2.951,0.360358048
X248.892_0.31,0.360358048
X878.538_3.154,0.360358048
X628.383_2.98,0.49290002
X370.158_5.642,0.49290002
X762.599_5.596,0.49290002
X699.371_5.603,0.49290002
X799.668_3.612,0.49290002
X570.357_2.934,0.49290002
X860.599_3.311,0.256216659
X113.964_1.541,0.256216659
X664.418_3.08,0.360358048
X177.958_0.317,0.256216659
X1039.674_2.917,0.360358048
X812.507_3.228,0.49290002
X706.538_3.9,0.49290002
X798.527_3.326,0.360358048
X559.347_2.335,0.49290002
X425.137_2.77,0.49290002
X417.337_3.296,0.360358048
X834.602_3.204,0.360358048
X276.02_2.431,0.49290002
X262.988_2.432,0.49290002
X234.993_2.429,0.49290002
X212.165_3.038,0.49290002
X340.284_3.153,0.256216659
X760.584_4.836,0.49290002
X866.589_3.607,0.360358048
X344.255_2.329,0.49290002
X719.569_3.662,0.49290002
X772.526_3.686,0.49290002
X729.59_3.837,0.49290002
X884.6_3.286,0.360358048
X828.552_3.591,0.49290002
X820.584_3.93,0.49290002
X552.402_3.174,0.49290002
X706.496_4.937,0.256216659
X520.509_4.14,0.360358048
X746.511_3.621,0.49290002
X325.238_2.849,0.49290002
X703.575_3.835,0.360358048
X834.601_4.284,0.360358048
X468.39_3.123,0.49290002
X703.574_4.167,0.256216659
X758.457_3.022,0.49290002
X384.275_2.625,0.49290002
X577.519_3.672,0.49290002
X758.57_3.242,0.360358048
X815.699_3.272,0.49290002
X718.574_3.28,0.49290002
X799.668_3.364,0.49290002
X799.668_3.367,0.49290002
X606.376_3.028,0.360358048
X799.668_3.618,0.49290002
X816.646_3.398,0.49290002
X713.444_3.014,0.49290002
X796.584_4.035,0.49290002
X240.115_2.229,0.49290002
X600.331_2.658,0.49290002
X646.613_4.656,0.49290002
X666.435_3.08,0.256216659
X217.12_4.979,0.49290002
X217.12_4.904,0.49290002
X512.336_2.657,0.49290002
X510.32_2.768,0.49290002
X512.336_2.725,0.49290002
X581.365_3.001,0.360358048
X496.421_3.256,0.49290002
X658.51_3.151,0.49290002
X149.013_0.333,0.49290002
X408.369_3.278,0.49290002
X746.565_3.303,0.49290002
X451.363_3.126,0.49290002
X368.315_3.007,0.360358048
X473.345_3.119,0.49290002
X318.241_2.972,0.49290002
X348.288_3.044,0.49290002
X209.984_0.329,0.360358048
X546.353_3.209,0.360358048
X316.995_0.316,0.360358048
X195.969_0.321,0.360358048
X776.579_3.556,0.49290002
X826.594_3.633,0.49290002
X403.358_3.54,0.360358048
X538.52_4.124,0.360358048
X811.667_3.276,0.49290002
X811.667_3.348,0.49290002
X342.264_2.993,0.49290002
X724.527_3.925,0.49290002
X663.454_4.973,0.256216659
X222.998_0.342,0.107790125
X534.283_2.717,0.49290002
X370.126_2.341,0.256216659
X169.076_2.23,0.172271396
X482.324_3.036,0.360358048
X382.866_0.317,0.360358048
X250.1_2.306,0.360358048
X332.091_0.898,0.360358048
X240.196_2.725,0.256216659
X303.074_0.317,0.360358048
X245.125_0.301,0.360358048
X541.361_2.79,0.49290002
X540.309_2.901,0.360358048
X249.114_2.344,0.256216659
X281.092_0.366,0.360358048
X332.091_0.86,0.360358048
X594.342_2.513,0.49290002
X195.003_0.365,0.49290002
X332.091_0.721,0.49290002
X474.343_2.839,0.49290002
X480.335_2.99,0.49290002
X646.301_2.451,0.49290002
X298.115_0.465,0.49290002
X298.115_0.465.1,0.49290002
X293.284_3.382,0.360358048
X275.935_0.337,0.49290002
X812.544_5.597,0.49290002
X1091.702_3.029,0.49290002
X272.088_2.077,0.360358048
X768.589_4.124,0.49290002
X641.333_2.329,0.49290002
X455.091_0.434,0.49290002
X796.584_4.19,0.49290002
X244.98_0.316,0.49290002
X398.34_3.841,0.49290002
X385.333_3.54,0.49290002
X394.338_3.803,0.49290002
X785.652_3.303,0.49290002
X577.519_4.118,0.49290002
X463.165_2.925,0.49290002
X379.087_2.328,0.49290002
X272.088_2.17,0.49290002
X226.975_1.957,0.49290002
X1318.665_3.329,0.49290002
X308.295_3.309,0.49290002
X782.57_5.591,0.49290002
X208.17_3.328.1,0.49290002
X191.143_3.328,0.49290002
X177.958_0.325,0.49290002
X692.493_3.101,0.49290002
X238.082_2.33,0.49290002
X116.987_0.321,0.49290002
X223.963_0.316,0.49290002
X200.984_0.333,0.49290002
X303.131_0.336,0.49290002
