filename,MouseID,Treatmentgroup,status,DPI,organ,well_position,plate,mass_400,mass_500,mass_600,mass_700,mass_800
X501_Group1A_50dpi_LA_251_B_A1_P121.mzXML,501,Group1A,naive,50,LA,A1,P121,0.036805406,5.72E-02,0.00076056,0.031205378,0.002291347
X501_Group1A_50dpi_LV_bottom_251_B_A1_P133.mzXML,501,Group1A,naive,50,LV_bottom,A1,P133,0.078923501,0.065306991,0.000970399,0.001945097,0.000366071
X501_Group1A_50dpi_LV_top_251_B_A1_P129.mzXML,501,Group1A,naive,50,LV_top,A1,P129,0.085203762,0.114249346,0.003061546,0.012707655,0.00390909
X501_Group1A_50dpi_RA_251_B_A1_P125.mzXML,501,Group1A,naive,50,RA,A1,P125,0.027834249,0.043995472,0.001158695,0.023595791,0.008372238
X501_Group1A_50dpi_RV_bottom_251_B_A1_P141.mzXML,501,Group1A,naive,50,RV_bottom,A1,P141,0.043428338,0.054974155,0.000742324,0.000115581,0.000597756
X501_Group1A_50dpi_RV_top_251_B_A1_P137.mzXML,501,Group1A,naive,50,RV_top,A1,P137,0.029713808,0.022202126,0.0000786,0.002125298,0
X502_Group1A_50dpi_LA_252_B_A2_P121.mzXML,502,Group1A,naive,50,LA,A2,P121,0.050302468,0.055799713,0.001677424,0.042509779,0.015692309
X502_Group1A_50dpi_LV_bottom_252_B_A2_P133.mzXML,502,Group1A,naive,50,LV_bottom,A2,P133,0.079242557,0.076174289,0.002993028,8.44E-03,0.004184386
X502_Group1A_50dpi_LV_top_252_B_A2_P129.mzXML,502,Group1A,naive,50,LV_top,A2,P129,0.096287286,0.107408683,0.001904863,9.86E-03,0.009529682
X502_Group1A_50dpi_RA_252_B_A2_P125.mzXML,502,Group1A,naive,50,RA,A2,P125,0.033785399,4.30E-02,0.000571394,0.015961516,0.002533112
X502_Group1A_50dpi_RV_bottom_252_B_A2_P141.mzXML,502,Group1A,naive,50,RV_bottom,A2,P141,0.050039889,0.101181452,0.00244645,0.013312979,0.022775175
X502_Group1A_50dpi_RV_top_252_B_A2_P137.mzXML,502,Group1A,naive,50,RV_top,A2,P137,0.036674539,0.038578694,0.000675094,0.003480386,0.00349994
X503_Group1A_50dpi_LA_253_B_A3_P121.mzXML,503,Group1A,naive,50,LA,A3,P121,0.044316837,5.17E-02,0.000937343,0.040181915,0.012112645
X503_Group1A_50dpi_LV_bottom_253_B_A3_P133.mzXML,503,Group1A,naive,50,LV_bottom,A3,P133,0.096994365,0.098730227,0.003911717,0.009612853,0.002613826
X503_Group1A_50dpi_LV_top_253_B_A3_P129.mzXML,503,Group1A,naive,50,LV_top,A3,P129,0.090024637,0.124002904,0.002197743,0.008374795,0.009014913
X503_Group1A_50dpi_RA_253_B_A3_P125.mzXML,503,Group1A,naive,50,RA,A3,P125,0.018263205,0.023991752,0.000426553,0.006921314,0.00598674
X503_Group1A_50dpi_RV_bottom_253_B_A3_P141.mzXML,503,Group1A,naive,50,RV_bottom,A3,P141,0.041391143,0.052267972,0.001007878,0.031294605,0.009746465
X503_Group1A_50dpi_RV_top_253_B_A3_P137.mzXML,503,Group1A,naive,50,RV_top,A3,P137,0.035403308,0.030019022,0.000535181,0.005257024,0.007673925
X504_Group1A_50dpi_LA_254_B_A4_P121.mzXML,504,Group1A,naive,50,LA,A4,P121,0.01793115,3.13E-02,0.00125422,0.041006624,0.011346929
X504_Group1A_50dpi_LV_bottom_254_B_A4_P133.mzXML,504,Group1A,naive,50,LV_bottom,A4,P133,0.1057254,0.098460789,0.004994654,0.004941648,0.001521743
X504_Group1A_50dpi_LV_top_254_B_A4_P129.mzXML,504,Group1A,naive,50,LV_top,A4,P129,0.079562389,0.111695154,0.002840599,0.009764016,0.003003261
X504_Group1A_50dpi_RA_254_B_A4_P125.mzXML,504,Group1A,naive,50,RA,A4,P125,0.023369477,0.024397742,0.000282014,0.001110971,0.000516804
X504_Group1A_50dpi_RV_bottom_254_B_A4_P141.mzXML,504,Group1A,naive,50,RV_bottom,A4,P141,0.033482737,0.040185277,0.001037871,0.002241342,0.002011229
X504_Group1A_50dpi_RV_top_254_B_A4_P137.mzXML,504,Group1A,naive,50,RV_top,A4,P137,0.041352685,0.037121551,0.000900666,0.000650154,0.001575612
X505_Group1A_50dpi_LA_255_B_A5_P121.mzXML,505,Group1A,naive,50,LA,A5,P121,0.061516223,8.59E-02,0.001179035,0.017767807,0.013053424
X505_Group1A_50dpi_LV_bottom_255_B_A5_P133.mzXML,505,Group1A,naive,50,LV_bottom,A5,P133,0.081355246,7.72E-02,0.00408695,0.00632891,0.003207701
X505_Group1A_50dpi_LV_top_255_B_A5_P129.mzXML,505,Group1A,naive,50,LV_top,A5,P129,0.078224877,0.106459796,0.002835057,0.014087989,0.006528662
X505_Group1A_50dpi_RA_255_B_A5_P125.mzXML,505,Group1A,naive,50,RA,A5,P125,0.023675373,0.032485306,0.000438144,0.00893129,0.002606911
X505_Group1A_50dpi_RV_bottom_255_B_A5_P141.mzXML,505,Group1A,naive,50,RV_bottom,A5,P141,0.022434586,0.028390918,0.000746064,0.003137893,0.001178689
X505_Group1A_50dpi_RV_top_255_B_A5_P137.mzXML,505,Group1A,naive,50,RV_top,A5,P137,0.037115231,0.034288479,0.001060644,0.004597098,0.001621096
X521_Group1A_50dpi_LA_256_B_A6_P121.mzXML,521,Group1A,naive,50,LA,A6,P121,0.059230365,7.05E-02,0.001097703,0.025816479,0.011216905
X521_Group1A_50dpi_LV_bottom_256_B_A6_P133.mzXML,521,Group1A,naive,50,LV_bottom,A6,P133,0.079755246,0.087290914,0.003954718,0.009437329,0.003987342
X521_Group1A_50dpi_LV_top_256_B_A6_P129.mzXML,521,Group1A,naive,50,LV_top,A6,P129,0.080379538,1.07E-01,0.002012212,0.011846743,0.010792394
X521_Group1A_50dpi_RA_256_B_A6_P125.mzXML,521,Group1A,naive,50,RA,A6,P125,0.025348339,0.019771216,0.000199671,0.002390123,0.003758617
X521_Group1A_50dpi_RV_bottom_256_B_A6_P141.mzXML,521,Group1A,naive,50,RV_bottom,A6,P141,0.026191745,0.028005882,0.0006811,0.000826693,0.000861809
X521_Group1A_50dpi_RV_top_256_B_A6_P137.mzXML,521,Group1A,naive,50,RV_top,A6,P137,0.023270261,0.020962961,0.000790152,0.003665277,0.001131362
X522_Group1A_50dpi_LA_257_B_A7_P121.mzXML,522,Group1A,naive,50,LA,A7,P121,0.052488602,8.27E-02,0.001938458,0.032949636,0.017714658
X522_Group1A_50dpi_LV_bottom_257_B_A7_P133.mzXML,522,Group1A,naive,50,LV_bottom,A7,P133,0.047656842,0.039402563,0.000696963,0.000222586,0
X522_Group1A_50dpi_LV_top_257_B_A7_P129.mzXML,522,Group1A,naive,50,LV_top,A7,P129,0.070524721,0.118722299,0.003536759,0.020122926,0.007699623
X522_Group1A_50dpi_RA_257_B_A7_P125.mzXML,522,Group1A,naive,50,RA,A7,P125,0.020482744,2.22E-02,0.000518243,0.009083782,0.000240823
X522_Group1A_50dpi_RV_bottom_257_B_A7_P141.mzXML,522,Group1A,naive,50,RV_bottom,A7,P141,0.02199058,0.026195343,0.0002404,0,0
X522_Group1A_50dpi_RV_top_257_B_A7_P137.mzXML,522,Group1A,naive,50,RV_top,A7,P137,0.030882548,0.034838078,0.001101745,0.003613164,0.00350376
X523_Group1A_50dpi_LA_258_B_A8_P121.mzXML,523,Group1A,naive,50,LA,A8,P121,0.049059106,5.44E-02,0.001036401,0.020194156,0.010070921
X523_Group1A_50dpi_LV_bottom_258_B_A8_P133.mzXML,523,Group1A,naive,50,LV_bottom,A8,P133,0.09464861,8.65E-02,0.003768263,0.001364059,0.000337605
X523_Group1A_50dpi_LV_top_258_B_A8_P129.mzXML,523,Group1A,naive,50,LV_top,A8,P129,0.079180533,0.114973135,0.003266375,0.004692664,0.003310726
X523_Group1A_50dpi_RA_258_B_A8_P125.mzXML,523,Group1A,naive,50,RA,A8,P125,0.020402523,0.017317653,0.000216445,0.011252827,0.001235085
X523_Group1A_50dpi_RV_bottom_258_B_A8_P141.mzXML,523,Group1A,naive,50,RV_bottom,A8,P141,0.05806146,0.053984408,0.000737746,0,0
X523_Group1A_50dpi_RV_top_258_B_A8_P137.mzXML,523,Group1A,naive,50,RV_top,A8,P137,0.032163499,0.023409308,0.000278138,0.0001123,0
X524_Group1A_50dpi_LA_259_B_A9_P121.mzXML,524,Group1A,naive,50,LA,A9,P121,0.063364527,7.18E-02,0.001116448,0.041721035,0.015549704
X524_Group1A_50dpi_LV_bottom_259_B_A9_P133.mzXML,524,Group1A,naive,50,LV_bottom,A9,P133,0.0956102,8.97E-02,0.004363859,0.004107843,0.000713995
X524_Group1A_50dpi_LV_top_259_B_A9_P129.mzXML,524,Group1A,naive,50,LV_top,A9,P129,0.067953415,0.120228289,0.002828719,0.002079376,0.001394597
X524_Group1A_50dpi_RA_259_B_A9_P125.mzXML,524,Group1A,naive,50,RA,A9,P125,0.019892077,1.82E-02,0.000297419,0.000536621,0
X524_Group1A_50dpi_RV_bottom_259_B_A9_P141.mzXML,524,Group1A,naive,50,RV_bottom,A9,P141,0.024534943,0.034107036,0.000675702,0.001672321,0.00068171
X524_Group1A_50dpi_RV_top_259_B_A9_P137.mzXML,524,Group1A,naive,50,RV_top,A9,P137,0.02029533,0.021630831,0.000882643,0.004366756,0.002240561
X525_Group1A_50dpi_LA_260_B_A10_P121.mzXML,525,Group1A,naive,50,LA,A10,P121,0.022485425,0.040747142,0.001470124,0.031277974,0.004881561
X525_Group1A_50dpi_LV_bottom_260_B_A10_P133.mzXML,525,Group1A,naive,50,LV_bottom,A10,P133,0.074459267,0.082079368,0.00420788,0.006694884,0.001577344
X525_Group1A_50dpi_LV_top_260_B_A10_P129.mzXML,525,Group1A,naive,50,LV_top,A10,P129,0.049753357,7.37E-02,0.001755914,0.00911654,0.005086839
X525_Group1A_50dpi_RA_260_B_A10_P125.mzXML,525,Group1A,naive,50,RA,A10,P125,0.024489365,0.021564375,0.000306593,0.01198844,0.000863835
X525_Group1A_50dpi_RV_bottom_260_B_A10_P141.mzXML,525,Group1A,naive,50,RV_bottom,A10,P141,0.023862815,0.026264609,0.000591586,0.000178518,0
X525_Group1A_50dpi_RV_top_260_B_A10_P137.mzXML,525,Group1A,naive,50,RV_top,A10,P137,0.031827898,0.037204086,0.001159012,0.001496333,0.001099155
X541_Group1A_50dpi_LA_261_B_A11_P121.mzXML,541,Group1A,naive,50,LA,A11,P121,0.035977806,7.01E-02,0.001078151,0.042704287,0.016401998
X541_Group1A_50dpi_LV_bottom_261_B_A11_P133.mzXML,541,Group1A,naive,50,LV_bottom,A11,P133,0.07716943,8.08E-02,0.004759275,0.01325579,0.005196084
X541_Group1A_50dpi_LV_top_261_B_A11_P129.mzXML,541,Group1A,naive,50,LV_top,A11,P129,0.032602495,0.044009085,0.000530814,0.000753235,0.000375867
X541_Group1A_50dpi_RA_261_B_A11_P125.mzXML,541,Group1A,naive,50,RA,A11,P125,0.026347469,2.50E-02,0.000452314,0.002832549,0.001919806
X541_Group1A_50dpi_RV_bottom_261_B_A11_P141.mzXML,541,Group1A,naive,50,RV_bottom,A11,P141,0.030235694,0.031301578,0.000219632,0,0
X541_Group1A_50dpi_RV_top_261_B_A11_P137.mzXML,541,Group1A,naive,50,RV_top,A11,P137,0.020654435,0.026770672,0.000488472,0.003961695,0.002845926
X542_Group1A_50dpi_LA_262_B_A12_P121.mzXML,542,Group1A,naive,50,LA,A12,P121,0.034415367,5.02E-02,0.001184917,0.044963837,0.033149964
X542_Group1A_50dpi_LV_bottom_262_B_A12_P133.mzXML,542,Group1A,naive,50,LV_bottom,A12,P133,0.074843964,7.32E-02,0.00380817,7.85E-03,0.004587652
X542_Group1A_50dpi_LV_top_262_B_A12_P129.mzXML,542,Group1A,naive,50,LV_top,A12,P129,0.044912958,0.056881495,0.002629234,0.019735324,0.01913451
X542_Group1A_50dpi_RA_262_B_A12_P125.mzXML,542,Group1A,naive,50,RA,A12,P125,0.019907307,0.0262801,0.000272002,0.005382248,0.005151963
X542_Group1A_50dpi_RV_bottom_262_B_A12_P141.mzXML,542,Group1A,naive,50,RV_bottom,A12,P141,0.039266673,0.050266404,0.000669619,0,0
X542_Group1A_50dpi_RV_top_262_B_A12_P137.mzXML,542,Group1A,naive,50,RV_top,A12,P137,0.031143877,0.041293155,0.001120804,0.002179837,0.003899886
X543_Group1A_50dpi_LA_263_B_B1_P121.mzXML,543,Group1A,naive,50,LA,B1,P121,0.034391129,3.84E-02,0.0005331,0.014078662,0.001119007
X543_Group1A_50dpi_LV_bottom_263_B_B1_P133.mzXML,543,Group1A,naive,50,LV_bottom,B1,P133,0.02096921,0.017132963,0.0000485,0.000939011,0
X543_Group1A_50dpi_LV_top_263_B_B1_P129.mzXML,543,Group1A,naive,50,LV_top,B1,P129,0.09456409,0.128166435,0.003153289,0.016489076,0.004805959
X543_Group1A_50dpi_RA_263_B_B1_P125.mzXML,543,Group1A,naive,50,RA,B1,P125,0.034686589,0.03524825,0.000438219,0.009869285,0.002885975
X543_Group1A_50dpi_RV_bottom_263_B_B1_P141.mzXML,543,Group1A,naive,50,RV_bottom,B1,P141,0.038684232,0.047405715,0.0008103,0.001518462,0.000402203
X543_Group1A_50dpi_RV_top_263_B_B1_P137.mzXML,543,Group1A,naive,50,RV_top,B1,P137,0.033606666,0.03345831,0.001021527,0.006094709,0.003508638
X544_Group1A_50dpi_LA_264_B_B2_P121.mzXML,544,Group1A,naive,50,LA,B2,P121,0.035552726,5.51E-02,0.001287547,0.022306003,0.010617431
X544_Group1A_50dpi_LV_bottom_264_B_B2_P133.mzXML,544,Group1A,naive,50,LV_bottom,B2,P133,0.064425003,0.06920755,0.003487371,0.01687435,0.00616816
X544_Group1A_50dpi_LV_top_264_B_B2_P129.mzXML,544,Group1A,naive,50,LV_top,B2,P129,0.085265435,0.123611237,0.003068487,0.020084959,0.009414068
X544_Group1A_50dpi_RA_264_B_B2_P125.mzXML,544,Group1A,naive,50,RA,B2,P125,0.020560995,0.026743062,0.000461578,0.003574792,0.003057196
X544_Group1A_50dpi_RV_bottom_264_B_B2_P141.mzXML,544,Group1A,naive,50,RV_bottom,B2,P141,0.047515356,0.075175866,0.001121079,0.00261782,0.00179485
X544_Group1A_50dpi_RV_top_264_B_B2_P137.mzXML,544,Group1A,naive,50,RV_top,B2,P137,0.037678765,0.048802637,0.001031437,0.006376895,0.006451313
X545_Group1A_50dpi_LA_265_B_B3_P121.mzXML,545,Group1A,naive,50,LA,B3,P121,0.030147788,4.22E-02,0.00131815,0.033039556,0.017076489
X545_Group1A_50dpi_LV_bottom_265_B_B3_P133.mzXML,545,Group1A,naive,50,LV_bottom,B3,P133,0.062038008,6.92E-02,0.003590402,0.008550072,0.004814288
X545_Group1A_50dpi_LV_top_265_B_B3_P129.mzXML,545,Group1A,naive,50,LV_top,B3,P129,0.085801671,0.14173103,0.003739091,0.01009611,0.006387373
X545_Group1A_50dpi_RA_265_B_B3_P125.mzXML,545,Group1A,naive,50,RA,B3,P125,0.013702439,0.015906311,0.0001258,0.006443869,0.00209666
X545_Group1A_50dpi_RV_bottom_265_B_B3_P141.mzXML,545,Group1A,naive,50,RV_bottom,B3,P141,0.043425998,0.064893429,0.001753933,0.002019543,0.001176931
X545_Group1A_50dpi_RV_top_265_B_B3_P137.mzXML,545,Group1A,naive,50,RV_top,B3,P137,0.034234909,0.044294278,0.000813447,0.002066234,0.001486454
X506_Group1B_70dpi_LA_281_B_C7_P121.mzXML,506,Group1B,naive,75,LA,C7,P121,0.034161154,0.064557895,0.000556131,0.04352986,0.017244881
X506_Group1B_70dpi_LV_bottom_281_B_C7_P133.mzXML,506,Group1B,naive,75,LV_bottom,C7,P133,0.068288413,0.062924035,0.002967751,7.30E-03,0.003110738
X506_Group1B_70dpi_LV_top_281_B_C7_P129.mzXML,506,Group1B,naive,75,LV_top,C7,P129,0.061957279,0.088220809,0.003303184,0.016052386,0.009774094
X506_Group1B_70dpi_RA_281_B_C7_P125.mzXML,506,Group1B,naive,75,RA,C7,P125,0.018572901,0.018033679,0.000276647,0.001122779,0
X506_Group1B_70dpi_RV_bottom_281_B_C7_P141.mzXML,506,Group1B,naive,75,RV_bottom,C7,P141,0.032561912,3.35E-02,0.000656095,0.000433041,0
X506_Group1B_70dpi_RV_top_281_B_C7_P137.mzXML,506,Group1B,naive,75,RV_top,C7,P137,0.028290355,0.026314654,0.000521709,0.001231503,0.001111573
X507_Group1B_70dpi_LA_282_B_C8_P121.mzXML,507,Group1B,naive,75,LA,C8,P121,0.051465458,0.048398551,0.001154099,0.031223514,0.009250843
X507_Group1B_70dpi_LV_bottom_282_B_C8_P133.mzXML,507,Group1B,naive,75,LV_bottom,C8,P133,0.065729827,0.057434102,0.00276356,0.006749543,0.003015778
X507_Group1B_70dpi_LV_top_282_B_C8_P129.mzXML,507,Group1B,naive,75,LV_top,C8,P129,0.062016253,0.064192928,0.001732098,0.010686263,0.005741669
X507_Group1B_70dpi_RA_282_B_C8_P125.mzXML,507,Group1B,naive,75,RA,C8,P125,0.019216229,0.014577766,0.000477393,0.001282485,0.000359235
X507_Group1B_70dpi_RV_bottom_282_B_C8_P141.mzXML,507,Group1B,naive,75,RV_bottom,C8,P141,0.016820196,0.016510926,0.000247683,0.005847646,0.000860721
X507_Group1B_70dpi_RV_top_282_B_C8_P137.mzXML,507,Group1B,naive,75,RV_top,C8,P137,0.016509086,0.013712936,0.000176998,0.000702323,0.000291528
X508_Group1B_70dpi_LA_283_B_C9_P121.mzXML,508,Group1B,naive,75,LA,C9,P121,0.034135498,3.48E-02,0.001034894,0.005573955,0
X508_Group1B_70dpi_LV_bottom_283_B_C9_P133.mzXML,508,Group1B,naive,75,LV_bottom,C9,P133,0.065796734,0.058638332,0.003233173,0.010467686,0.003320559
X508_Group1B_70dpi_LV_top_283_B_C9_P129.mzXML,508,Group1B,naive,75,LV_top,C9,P129,0.040542057,0.042370788,0.002343598,0.011328216,0.01418415
X508_Group1B_70dpi_RA_283_B_C9_P125.mzXML,508,Group1B,naive,75,RA,C9,P125,0.038395492,0.041980997,0.000413115,0.010923034,0.002420697
X508_Group1B_70dpi_RV_bottom_283_B_C9_P141.mzXML,508,Group1B,naive,75,RV_bottom,C9,P141,0.019126115,0.018848414,0.00044875,0.00017476,0
X508_Group1B_70dpi_RV_top_283_B_C9_P137.mzXML,508,Group1B,naive,75,RV_top,C9,P137,0.027869443,0.025241117,0.000669473,0.002659125,0.002395484
X509_Group1B_70dpi_LA_284_B_C10_P121.mzXML,509,Group1B,naive,75,LA,C10,P121,0.044816897,7.10E-02,0.001274772,0.057401374,0.023490219
X509_Group1B_70dpi_LV_bottom_284_B_C10_P133.mzXML,509,Group1B,naive,75,LV_bottom,C10,P133,0.022995846,0.019380953,0.000337286,0.007340795,0.001557687
X509_Group1B_70dpi_LV_top_284_B_C10_P129.mzXML,509,Group1B,naive,75,LV_top,C10,P129,0.059426311,6.48E-02,0.002205949,0.016815087,0.012132695
X509_Group1B_70dpi_RA_284_B_C10_P125.mzXML,509,Group1B,naive,75,RA,C10,P125,0.015654948,0.02410419,0.000551592,8.50E-03,0.0000575
X509_Group1B_70dpi_RV_bottom_284_B_C10_P141.mzXML,509,Group1B,naive,75,RV_bottom,C10,P141,0.022924757,0.020069651,0,0,0
X509_Group1B_70dpi_RV_top_284_B_C10_P137.mzXML,509,Group1B,naive,75,RV_top,C10,P137,0.025978415,0.019656841,0.000259646,0.000277268,0.000307272
X510_Group1B_70dpi_LA_285_B_C11_P121.mzXML,510,Group1B,naive,75,LA,C11,P121,0.04007528,0.044419666,0.000851339,0.024014018,0.003751892
X510_Group1B_70dpi_LV_bottom_285_B_C11_P133.mzXML,510,Group1B,naive,75,LV_bottom,C11,P133,0.052630856,4.60E-02,0.00073616,0.002057198,0.000266219
X510_Group1B_70dpi_LV_top_285_B_C11_P129.mzXML,510,Group1B,naive,75,LV_top,C11,P129,0.052718907,0.070966369,0.003146978,0.022320136,0.013799209
X510_Group1B_70dpi_RA_285_B_C11_P125.mzXML,510,Group1B,naive,75,RA,C11,P125,0.032911908,2.96E-02,0.000331893,0.007959684,0.000545069
X510_Group1B_70dpi_RV_bottom_285_B_C11_P141.mzXML,510,Group1B,naive,75,RV_bottom,C11,P141,0.027317027,0.031778375,0.000084,0,0
X510_Group1B_70dpi_RV_top_285_B_C11_P137.mzXML,510,Group1B,naive,75,RV_top,C11,P137,0.021834686,0.021076159,0.000487923,0.002627399,0.000999993
X526_Group1B_70dpi_LA_286_B_C12_P121.mzXML,526,Group1B,naive,75,LA,C12,P121,0.056308904,6.03E-02,0.000635305,0.020958845,0.005377992
X526_Group1B_70dpi_LV_bottom_286_B_C12_P133.mzXML,526,Group1B,naive,75,LV_bottom,C12,P133,0.072026923,6.70E-02,0.002716652,0.001190607,0.0000383
X526_Group1B_70dpi_LV_top_286_B_C12_P129.mzXML,526,Group1B,naive,75,LV_top,C12,P129,0.033610915,0.04173296,0.000921003,0.010843489,0.004033887
X526_Group1B_70dpi_RA_286_B_C12_P125.mzXML,526,Group1B,naive,75,RA,C12,P125,0.0240457,0.01885878,0.000239692,0.016895539,0.00107132
X526_Group1B_70dpi_RV_bottom_286_B_C12_P141.mzXML,526,Group1B,naive,75,RV_bottom,C12,P141,0.045996759,0.046501588,0.000285631,0,0
X526_Group1B_70dpi_RV_top_286_B_C12_P137.mzXML,526,Group1B,naive,75,RV_top,C12,P137,0.023086792,0.017685343,0,0,0
X527_Group1B_70dpi_LA_287_B_D1_P121.mzXML,527,Group1B,naive,75,LA,D1,P121,0.026214604,0.059393948,0.000774923,0.046997165,0.037741827
X527_Group1B_70dpi_LV_bottom_287_B_D1_P133.mzXML,527,Group1B,naive,75,LV_bottom,D1,P133,0.076804271,7.98E-02,0.003201121,0.008132565,0.004835063
X527_Group1B_70dpi_LV_top_287_B_D1_P129.mzXML,527,Group1B,naive,75,LV_top,D1,P129,0.075716138,0.114980738,0.001977188,0.010781613,0.005028687
X527_Group1B_70dpi_RA_287_B_D1_P125.mzXML,527,Group1B,naive,75,RA,D1,P125,0.025906051,0.031158074,0.00034578,0.004233647,0.001838722
X527_Group1B_70dpi_RV_bottom_287_B_D1_P141.mzXML,527,Group1B,naive,75,RV_bottom,D1,P141,0.016809226,0.013791339,0,0,0
X527_Group1B_70dpi_RV_top_287_B_D1_P137.mzXML,527,Group1B,naive,75,RV_top,D1,P137,0.025323262,0.019407102,0.000170324,0.000908431,0.001415452
X528_Group1B_70dpi_LA_288_B_D2_P121.mzXML,528,Group1B,naive,75,LA,D2,P121,0.054766824,8.90E-02,0.00148998,0.041680187,0.021509723
X528_Group1B_70dpi_LV_bottom_288_B_D2_P133.mzXML,528,Group1B,naive,75,LV_bottom,D2,P133,0.040402665,4.04E-02,0.002047455,0.005017269,0.00137823
X528_Group1B_70dpi_LV_top_288_B_D2_P129.mzXML,528,Group1B,naive,75,LV_top,D2,P129,0.046040403,0.064813155,0.001235786,0.001384796,0.001074707
X528_Group1B_70dpi_RA_288_B_D2_P125.mzXML,528,Group1B,naive,75,RA,D2,P125,0.034014189,0.043508593,0.000674319,0.00267359,0
X528_Group1B_70dpi_RV_bottom_288_B_D2_P141.mzXML,528,Group1B,naive,75,RV_bottom,D2,P141,0.026887182,0.031091236,0.000389387,0.000477367,0.00017846
X528_Group1B_70dpi_RV_top_288_B_D2_P137.mzXML,528,Group1B,naive,75,RV_top,D2,P137,0.027016748,0.025229646,0.000670253,0.00466367,0.001108364
X529_Group1B_70dpi_LA_289_B_D3_P121.mzXML,529,Group1B,naive,75,LA,D3,P121,0.028436977,0.065164822,0.000998169,0.025188381,0.037177033
X529_Group1B_70dpi_LV_bottom_289_B_D3_P133.mzXML,529,Group1B,naive,75,LV_bottom,D3,P133,0.08591896,0.067251812,0.003267867,0.008762006,0.004148332
X529_Group1B_70dpi_LV_top_289_B_D3_P129.mzXML,529,Group1B,naive,75,LV_top,D3,P129,0.064217191,8.01E-02,0.001266525,0.009433325,0.004423052
X529_Group1B_70dpi_RA_289_B_D3_P125.mzXML,529,Group1B,naive,75,RA,D3,P125,0.03378232,4.08E-02,0.000768303,2.12E-02,0.00830353
X529_Group1B_70dpi_RV_bottom_289_B_D3_P141.mzXML,529,Group1B,naive,75,RV_bottom,D3,P141,0.028669977,0.028956558,0.000671257,0.021187149,0.004117375
X529_Group1B_70dpi_RV_top_289_B_D3_P137.mzXML,529,Group1B,naive,75,RV_top,D3,P137,0.028459104,0.024932229,0.000713878,0.002469131,0.002234198
X530_Group1B_70dpi_LA_290_B_D4_P121.mzXML,530,Group1B,naive,75,LA,D4,P121,0.051482547,6.64E-02,0.001052989,0.030092402,0.011695014
X530_Group1B_70dpi_LV_bottom_290_B_D4_P133.mzXML,530,Group1B,naive,75,LV_bottom,D4,P133,0.061105966,6.13E-02,0.002897446,0.008972116,0.00510826
X530_Group1B_70dpi_LV_top_290_B_D4_P129.mzXML,530,Group1B,naive,75,LV_top,D4,P129,0.077257725,0.094601656,0.002603262,0.025897749,0.016263458
X530_Group1B_70dpi_RA_290_B_D4_P125.mzXML,530,Group1B,naive,75,RA,D4,P125,0.022174346,0.026334213,0.000437211,0.001490157,0.000210784
X530_Group1B_70dpi_RV_bottom_290_B_D4_P141.mzXML,530,Group1B,naive,75,RV_bottom,D4,P141,0.02370458,0.027686138,0.000415546,0.000762422,0
X530_Group1B_70dpi_RV_top_290_B_D4_P137.mzXML,530,Group1B,naive,75,RV_top,D4,P137,0.023438647,0.020411546,0.000472105,0.001969746,0.00154119
X546_Group1B_70dpi_LA_291_B_D5_P121.mzXML,546,Group1B,naive,75,LA,D5,P121,0.015094816,0.023398115,0.00095931,0.004780191,0.001357013
X546_Group1B_70dpi_LV_bottom_291_B_D5_P133.mzXML,546,Group1B,naive,75,LV_bottom,D5,P133,0.068969295,0.062251899,0.003067693,0.005530727,0.003836358
X546_Group1B_70dpi_LV_top_291_B_D5_P129.mzXML,546,Group1B,naive,75,LV_top,D5,P129,0.070355504,0.08332993,0.004359015,0.043882178,0.01490941
X546_Group1B_70dpi_RA_291_B_D5_P125.mzXML,546,Group1B,naive,75,RA,D5,P125,0.014752859,0.014584082,0.000252998,0.008167368,0.003137105
X546_Group1B_70dpi_RV_bottom_291_B_D5_P141.mzXML,546,Group1B,naive,75,RV_bottom,D5,P141,0.014902167,0.011738746,0.0000683,0,0
X546_Group1B_70dpi_RV_top_291_B_D5_P137.mzXML,546,Group1B,naive,75,RV_top,D5,P137,0.026074311,0.015906301,0.0000566,0,0
X547_Group1B_70dpi_LA_292_B_D6_P121.mzXML,547,Group1B,naive,75,LA,D6,P121,0.042068901,0.076026825,0.000473833,0.024634481,0.015618344
X547_Group1B_70dpi_LV_bottom_292_B_D6_P133.mzXML,547,Group1B,naive,75,LV_bottom,D6,P133,0.033474537,0.028117356,0.000484379,0.00366765,0.000325117
X547_Group1B_70dpi_LV_top_292_B_D6_P129.mzXML,547,Group1B,naive,75,LV_top,D6,P129,0.002012335,0.001486142,0,0,0
X547_Group1B_70dpi_RA_292_B_D6_P125.mzXML,547,Group1B,naive,75,RA,D6,P125,0.019195425,0.021566234,0.000120495,0.002655056,0.000155253
X547_Group1B_70dpi_RV_bottom_292_B_D6_P141.mzXML,547,Group1B,naive,75,RV_bottom,D6,P141,0.010461695,0.01342446,0.000049,0.000109081,0
X547_Group1B_70dpi_RV_top_292_B_D6_P137.mzXML,547,Group1B,naive,75,RV_top,D6,P137,0.026771336,0.021909598,0.000142043,0.000727161,0.000624602
X548_Group1B_70dpi_LA_293_B_D7_P121.mzXML,548,Group1B,naive,75,LA,D7,P121,0.001585566,0.001969961,0,0.00606625,0.000969327
X548_Group1B_70dpi_LV_bottom_293_B_D7_P133.mzXML,548,Group1B,naive,75,LV_bottom,D7,P133,0.058802131,4.81E-02,0.002246571,0.001123624,0.000194704
X548_Group1B_70dpi_LV_top_293_B_D7_P129.mzXML,548,Group1B,naive,75,LV_top,D7,P129,0.058282182,0.082945377,0.002784595,0.015488878,0.007343566
X548_Group1B_70dpi_RA_293_B_D7_P125.mzXML,548,Group1B,naive,75,RA,D7,P125,0.016443946,0.019015286,0.000164265,0.008476383,0.000213326
X548_Group1B_70dpi_RV_bottom_293_B_D7_P141.mzXML,548,Group1B,naive,75,RV_bottom,D7,P141,0.021932456,0.0263353,0.000392579,0.0156276,0.004697125
X548_Group1B_70dpi_RV_top_293_B_D7_P137.mzXML,548,Group1B,naive,75,RV_top,D7,P137,0.021924793,0.020091425,0.000203263,0.00013705,0.000354992
X549_Group1B_70dpi_LA_294_B_D8_P121.mzXML,549,Group1B,naive,75,LA,D8,P121,0.034364761,5.86E-02,0.001036926,0.023461576,0.006858481
X549_Group1B_70dpi_LV_bottom_294_B_D8_P133.mzXML,549,Group1B,naive,75,LV_bottom,D8,P133,0.074056852,0.065724117,0.003248685,0.006160914,0.001054163
X549_Group1B_70dpi_LV_top_294_B_D8_P129.mzXML,549,Group1B,naive,75,LV_top,D8,P129,0.046834185,0.076235276,0.002460563,0.01538625,0.007957152
X549_Group1B_70dpi_RA_294_B_D8_P125.mzXML,549,Group1B,naive,75,RA,D8,P125,0.017294242,0.029299209,0.000416761,0.00141597,0
X549_Group1B_70dpi_RV_bottom_294_B_D8_P141.mzXML,549,Group1B,naive,75,RV_bottom,D8,P141,0.022077295,0.02075474,0,0,0
X549_Group1B_70dpi_RV_top_294_B_D8_P137.mzXML,549,Group1B,naive,75,RV_top,D8,P137,0.018031496,0.010160374,0,0.004428732,0.003446633
X550_Group1B_70dpi_LA_295_B_D9_P121.mzXML,550,Group1B,naive,75,LA,D9,P121,0.029877694,5.01E-02,0.001198827,0.036305908,0.01893877
X550_Group1B_70dpi_LV_bottom_295_B_D9_P133.mzXML,550,Group1B,naive,75,LV_bottom,D9,P133,0.061709957,0.073923637,0.003667637,0.004269967,0.00200694
X550_Group1B_70dpi_LV_top_295_B_D9_P129.mzXML,550,Group1B,naive,75,LV_top,D9,P129,0.061432638,0.092259427,0.003422796,0.016227489,0.010431022
X550_Group1B_70dpi_RA_295_B_D9_P125.mzXML,550,Group1B,naive,75,RA,D9,P125,0.022173077,0.026296245,0.0001476,0.002942697,0
X550_Group1B_70dpi_RV_bottom_295_B_D9_P141.mzXML,550,Group1B,naive,75,RV_bottom,D9,P141,0.007283417,0.008130614,0,0.000242994,0
X550_Group1B_70dpi_RV_top_295_B_D9_P137.mzXML,550,Group1B,naive,75,RV_top,D9,P137,0.020049938,0.021787965,0.000394119,0.000265588,0.000108865
X511_Group1C_142dpi_LA_161_G_A1_P120.mzXML,511,Group1C,naive,142,LA,A1,P120,0.057088339,0.058687987,0.001422083,0.024448705,0.002961521
X511_Group1C_142dpi_LV_bottom_161_G_A1_P132.mzXML,511,Group1C,naive,142,LV_bottom,A1,P132,0.043827893,0.079977727,0.002684053,0.003825973,0.000280747
X511_Group1C_142dpi_LV_top_161_G_A1_P128.mzXML,511,Group1C,naive,142,LV_top,A1,P128,0.065565436,0.095731657,0.002550993,0.005125326,0.004634527
X511_Group1C_142dpi_RA_161_G_A1_P124.mzXML,511,Group1C,naive,142,RA,A1,P124,0.019942835,0.02502781,0.000415632,0.005854332,0.003647412
X511_Group1C_142dpi_RV_bottom_161_G_A1_P140.mzXML,511,Group1C,naive,142,RV_bottom,A1,P140,0.010702499,0.018784438,0,0,0
X511_Group1C_142dpi_RV_top_161_G_A1_P136.mzXML,511,Group1C,naive,142,RV_top,A1,P136,0.032091931,0.026205891,0.000100362,0,0
X512_Group1C_142dpi_LA_162_G_A2_P120.mzXML,512,Group1C,naive,142,LA,A2,P120,0.043649806,0.035292388,0.001064818,0.015103071,0.001586869
X512_Group1C_142dpi_LV_bottom_162_G_A2_P132.mzXML,512,Group1C,naive,142,LV_bottom,A2,P132,0.039081502,6.24E-02,0.0029983,0.003632408,0.001471252
X512_Group1C_142dpi_LV_top_162_G_A2_P128.mzXML,512,Group1C,naive,142,LV_top,A2,P128,0.060895436,0.085315981,0.001798692,0.002720909,0.002227292
X512_Group1C_142dpi_RA_162_G_A2_P124.mzXML,512,Group1C,naive,142,RA,A2,P124,0.036269927,4.24E-02,0.000906489,0.01103642,0.003723513
X512_Group1C_142dpi_RV_bottom_162_G_A2_P140.mzXML,512,Group1C,naive,142,RV_bottom,A2,P140,0.018174011,0.025207861,0.0000717,0,0
X512_Group1C_142dpi_RV_top_162_G_A2_P136.mzXML,512,Group1C,naive,142,RV_top,A2,P136,0.025402882,0.030534463,0.000454363,0.001898197,0.000330184
X513_Group1C_142dpi_LA_163_G_A3_P120.mzXML,513,Group1C,naive,142,LA,A3,P120,0.027236625,0.023089072,0.000641467,0.004038756,0.001170106
X513_Group1C_142dpi_LV_bottom_163_G_A3_P132.mzXML,513,Group1C,naive,142,LV_bottom,A3,P132,0.032670718,4.62E-02,0.001726274,0.004220656,0.002569278
X513_Group1C_142dpi_LV_top_163_G_A3_P128.mzXML,513,Group1C,naive,142,LV_top,A3,P128,0.063582502,0.150533079,0.004499186,1.51E-02,0.023117551
X513_Group1C_142dpi_RA_163_G_A3_P124.mzXML,513,Group1C,naive,142,RA,A3,P124,0.031512615,5.47E-02,0.001419182,0.025528456,0.020909886
X513_Group1C_142dpi_RV_bottom_163_G_A3_P140.mzXML,513,Group1C,naive,142,RV_bottom,A3,P140,0.012460664,0.014387724,0,0.00102245,0.000313152
X513_Group1C_142dpi_RV_top_163_G_A3_P136.mzXML,513,Group1C,naive,142,RV_top,A3,P136,0.033665283,0.032277149,0.000964191,0.000102656,0.000358707
X514_Group1C_142dpi_LA_164_G_A4_P120.mzXML,514,Group1C,naive,142,LA,A4,P120,0.047952077,0.052034147,0.002287018,0.027557699,0.002876021
X514_Group1C_142dpi_LV_bottom_164_G_A4_P132.mzXML,514,Group1C,naive,142,LV_bottom,A4,P132,0.041721884,5.52E-02,0.001976908,0.003830678,0.000883582
X514_Group1C_142dpi_LV_top_164_G_A4_P128.mzXML,514,Group1C,naive,142,LV_top,A4,P128,0.061260911,0.069982227,0.00132241,0.001122947,0.001015702
X514_Group1C_142dpi_RA_164_G_A4_P124.mzXML,514,Group1C,naive,142,RA,A4,P124,0.034280176,0.039614432,0.00091083,0.003097366,0.00538055
X514_Group1C_142dpi_RV_bottom_164_G_A4_P140.mzXML,514,Group1C,naive,142,RV_bottom,A4,P140,0.013938643,0.018600493,0.000228515,0.0000606,0
X514_Group1C_142dpi_RV_top_164_G_A4_P136.mzXML,514,Group1C,naive,142,RV_top,A4,P136,0.019596124,0.020882444,0.000388447,0.002484004,0.0000963
X515_Group1C_142dpi_LA_165_G_A5_P120.mzXML,515,Group1C,naive,142,LA,A5,P120,0.060625346,0.055201815,0.001113023,0.016928592,0.002033275
X515_Group1C_142dpi_LV_bottom_165_G_A5_P132.mzXML,515,Group1C,naive,142,LV_bottom,A5,P132,0.035059784,0.058580274,0.002110626,0.002231458,0.001315984
X515_Group1C_142dpi_LV_top_165_G_A5_P128.mzXML,515,Group1C,naive,142,LV_top,A5,P128,0.09292099,0.14679559,0.00346371,1.56E-02,0.019521396
X515_Group1C_142dpi_RA_165_G_A5_P124.mzXML,515,Group1C,naive,142,RA,A5,P124,0.02349768,2.73E-02,0.001071729,0.00405903,0.002179902
X515_Group1C_142dpi_RV_bottom_165_G_A5_P140.mzXML,515,Group1C,naive,142,RV_bottom,A5,P140,0.020760944,0.022556423,0.000521923,0.000221919,0
X515_Group1C_142dpi_RV_top_165_G_A5_P136.mzXML,515,Group1C,naive,142,RV_top,A5,P136,0.05050674,0.045026912,0.000908792,0.000529243,0.000356704
X531_Group1C_142dpi_LA_166_G_A6_P120.mzXML,531,Group1C,naive,142,LA,A6,P120,0.051733298,0.042888715,0.001191404,0.006303823,0.001142296
X531_Group1C_142dpi_LV_bottom_166_G_A6_P132.mzXML,531,Group1C,naive,142,LV_bottom,A6,P132,0.032718284,3.97E-02,0.001690467,0.0061366,0.002555819
X531_Group1C_142dpi_LV_top_166_G_A6_P128.mzXML,531,Group1C,naive,142,LV_top,A6,P128,0.080852449,0.141706975,0.003290438,0.013793976,0.011966565
X531_Group1C_142dpi_RA_166_G_A6_P124.mzXML,531,Group1C,naive,142,RA,A6,P124,0.025858216,3.34E-02,0.0009383,1.29E-02,0.007982976
X531_Group1C_142dpi_RV_bottom_166_G_A6_P140.mzXML,531,Group1C,naive,142,RV_bottom,A6,P140,0.01498764,0.019303145,0.000296114,0,0
X531_Group1C_142dpi_RV_top_166_G_A6_P136.mzXML,531,Group1C,naive,142,RV_top,A6,P136,0.014178742,0.009011964,0.0000519,0.003505334,0.001524456
X532_Group1C_142dpi_LA_167_G_A7_P120.mzXML,532,Group1C,naive,142,LA,A7,P120,0.043925753,0.043052028,0.001768802,1.25E-02,0.0001139
X532_Group1C_142dpi_LV_bottom_167_G_A7_P132.mzXML,532,Group1C,naive,142,LV_bottom,A7,P132,0.040565622,0.060124642,0.002358184,0.001932979,0.000835822
X532_Group1C_142dpi_LV_top_167_G_A7_P128.mzXML,532,Group1C,naive,142,LV_top,A7,P128,0.066179641,0.097324863,0.002248258,0.005990147,0.008215334
X532_Group1C_142dpi_RA_167_G_A7_P124.mzXML,532,Group1C,naive,142,RA,A7,P124,0.024761672,0.026102286,0.000211087,0.007370659,0.004820024
X532_Group1C_142dpi_RV_bottom_167_G_A7_P140.mzXML,532,Group1C,naive,142,RV_bottom,A7,P140,0.009144121,0.010922774,0.0000699,0.000535351,0
X532_Group1C_142dpi_RV_top_167_G_A7_P136.mzXML,532,Group1C,naive,142,RV_top,A7,P136,0.013255028,0.009220371,0.000062,0,0
X533_Group1C_142dpi_LA_168_G_A8_P120.mzXML,533,Group1C,naive,142,LA,A8,P120,0.024615367,0.020005701,0.000327913,0.008255499,0.000229724
X533_Group1C_142dpi_LV_bottom_168_G_A8_P132.mzXML,533,Group1C,naive,142,LV_bottom,A8,P132,0.043631152,6.76E-02,0.002264667,0.00516417,0.002720221
X533_Group1C_142dpi_LV_top_168_G_A8_P128.mzXML,533,Group1C,naive,142,LV_top,A8,P128,0.073257317,0.118915595,0.001863646,1.35E-02,0.012884615
X533_Group1C_142dpi_RA_168_G_A8_P124.mzXML,533,Group1C,naive,142,RA,A8,P124,0.028949127,3.45E-02,0.001267203,0.011881974,0.00782687
X533_Group1C_142dpi_RV_bottom_168_G_A8_P140.mzXML,533,Group1C,naive,142,RV_bottom,A8,P140,0.013248665,0.016402516,0.000258726,0,0
X533_Group1C_142dpi_RV_top_168_G_A8_P136.mzXML,533,Group1C,naive,142,RV_top,A8,P136,0.013438296,0.007907952,0,0,0
X534_Group1C_142dpi_LA_169_G_A9_P120.mzXML,534,Group1C,naive,142,LA,A9,P120,0.036963,0.042606236,0.001968751,0.017850814,0.002617012
X534_Group1C_142dpi_LV_bottom_169_G_A9_P132.mzXML,534,Group1C,naive,142,LV_bottom,A9,P132,0.034743853,0.048406811,0.001895897,0.004145536,0.001396689
X534_Group1C_142dpi_LV_top_169_G_A9_P128.mzXML,534,Group1C,naive,142,LV_top,A9,P128,0.04335837,0.06906421,0.001902407,0.016636705,0.006215393
X534_Group1C_142dpi_RA_169_G_A9_P124.mzXML,534,Group1C,naive,142,RA,A9,P124,0.035838137,0.036084867,0.0001523,0.000468412,0
X534_Group1C_142dpi_RV_bottom_169_G_A9_P140.mzXML,534,Group1C,naive,142,RV_bottom,A9,P140,0.018191462,0.025543651,0.000340055,0,0
X534_Group1C_142dpi_RV_top_169_G_A9_P136.mzXML,534,Group1C,naive,142,RV_top,A9,P136,0.025635682,0.025257531,0.000339953,0.000102069,0.000371276
X535_Group1C_142dpi_LA_170_G_A10_P120.mzXML,535,Group1C,naive,142,LA,A10,P120,0.025084491,0.027428178,0.001361898,0.010482335,0.00275192
X535_Group1C_142dpi_LV_bottom_170_G_A10_P132.mzXML,535,Group1C,naive,142,LV_bottom,A10,P132,0.026018701,0.037574571,0.001181785,0.001423776,0.003364134
X535_Group1C_142dpi_LV_top_170_G_A10_P128.mzXML,535,Group1C,naive,142,LV_top,A10,P128,0.040010474,0.06406205,0.000720707,0.003210069,0.00195323
X535_Group1C_142dpi_RA_170_G_A10_P124.mzXML,535,Group1C,naive,142,RA,A10,P124,0.023746006,0.031788389,0.000581695,0.001106489,0.001231509
X535_Group1C_142dpi_RV_bottom_170_G_A10_P140.mzXML,535,Group1C,naive,142,RV_bottom,A10,P140,0.01606015,0.018755666,0.000392582,0,0
X535_Group1C_142dpi_RV_top_170_G_A10_P136.mzXML,535,Group1C,naive,142,RV_top,A10,P136,0.025950926,0.021070126,0.000483824,0.000147987,0.000340628
X551_Group1C_142dpi_LA_171_G_A11_P120.mzXML,551,Group1C,naive,142,LA,A11,P120,0.046159079,0.051303816,0.00217678,0.022613185,0.004121204
X551_Group1C_142dpi_LV_bottom_171_G_A11_P132.mzXML,551,Group1C,naive,142,LV_bottom,A11,P132,0.042672818,0.068186079,0.002223042,0.005356417,0.002493371
X551_Group1C_142dpi_LV_top_171_G_A11_P128.mzXML,551,Group1C,naive,142,LV_top,A11,P128,0.063790142,9.48E-02,0.002165375,0.015541595,0.005689063
X551_Group1C_142dpi_RA_171_G_A11_P124.mzXML,551,Group1C,naive,142,RA,A11,P124,0.027313346,4.37E-02,0.00105068,0.02652729,0.024057841
X551_Group1C_142dpi_RV_bottom_171_G_A11_P140.mzXML,551,Group1C,naive,142,RV_bottom,A11,P140,0.011397485,0.014785037,0.0000757,0,0
X551_Group1C_142dpi_RV_top_171_G_A11_P136.mzXML,551,Group1C,naive,142,RV_top,A11,P136,0.009134552,0.006988521,0,0.0000485,0
X552_Group1C_142dpi_LA_172_G_A12_P120.mzXML,552,Group1C,naive,142,LA,A12,P120,0.044920822,0.050934033,0.001883462,0.020508285,0.00572665
X552_Group1C_142dpi_LV_bottom_172_G_A12_P132.mzXML,552,Group1C,naive,142,LV_bottom,A12,P132,0.043751498,0.062526376,0.002564734,0.006578542,0.003792509
X552_Group1C_142dpi_LV_top_172_G_A12_P128.mzXML,552,Group1C,naive,142,LV_top,A12,P128,0.058188401,0.074741145,0.001378898,0.001601977,0.001682853
X552_Group1C_142dpi_RA_172_G_A12_P124.mzXML,552,Group1C,naive,142,RA,A12,P124,0.031452763,3.28E-02,0.000927309,0.005411842,0.001951292
X552_Group1C_142dpi_RV_bottom_172_G_A12_P140.mzXML,552,Group1C,naive,142,RV_bottom,A12,P140,0.018691804,0.026686093,0.000395796,0.007106253,0.000446986
X552_Group1C_142dpi_RV_top_172_G_A12_P136.mzXML,552,Group1C,naive,142,RV_top,A12,P136,0.039027894,0.049926059,0.000340301,0.001124596,0.000814697
X553_Group1C_142dpi_LA_173_G_B1_P120.mzXML,553,Group1C,naive,142,LA,B1,P120,0.057861146,0.068414783,0.002191191,0.02349747,0.005592272
X553_Group1C_142dpi_LV_bottom_173_G_B1_P132.mzXML,553,Group1C,naive,142,LV_bottom,B1,P132,0.066618811,8.12E-02,0.002472581,0.005629735,0.00608705
X553_Group1C_142dpi_LV_top_173_G_B1_P128.mzXML,553,Group1C,naive,142,LV_top,B1,P128,0.086396312,0.120106787,0.002203362,0.023472311,0.036662718
X553_Group1C_142dpi_RA_173_G_B1_P124.mzXML,553,Group1C,naive,142,RA,B1,P124,0.024705978,0.02852526,0.000568868,0.004297495,0.003629028
X553_Group1C_142dpi_RV_bottom_173_G_B1_P140.mzXML,553,Group1C,naive,142,RV_bottom,B1,P140,0.011098198,0.013178015,0.0000713,0,0
X553_Group1C_142dpi_RV_top_173_G_B1_P136.mzXML,553,Group1C,naive,142,RV_top,B1,P136,0.036002003,0.03383119,0.0006165,0.001533659,0.000823851
X554_Group1C_142dpi_LA_174_G_B2_P120.mzXML,554,Group1C,naive,142,LA,B2,P120,0.014265241,0.0185481,0.001897406,0.029586849,0.007613493
X554_Group1C_142dpi_LV_bottom_174_G_B2_P132.mzXML,554,Group1C,naive,142,LV_bottom,B2,P132,0.027038803,0.042737922,0.000995773,0.00845084,0.003082775
X554_Group1C_142dpi_LV_top_174_G_B2_P128.mzXML,554,Group1C,naive,142,LV_top,B2,P128,0.076529819,0.111819411,0.001244093,0.007312124,0.005641256
X554_Group1C_142dpi_RA_174_G_B2_P124.mzXML,554,Group1C,naive,142,RA,B2,P124,0.023311965,0.030060667,0.00064487,0.010448144,0.00540186
X554_Group1C_142dpi_RV_bottom_174_G_B2_P140.mzXML,554,Group1C,naive,142,RV_bottom,B2,P140,0.015217468,0.018241127,0.0000796,0,0
X554_Group1C_142dpi_RV_top_174_G_B2_P136.mzXML,554,Group1C,naive,142,RV_top,B2,P136,0.031592678,0.030282367,0.000705186,0.0000599,0
X555_Group1C_142dpi_LA_175_G_B3_P120.mzXML,555,Group1C,naive,142,LA,B3,P120,0.0730605,0.065029075,0.001441913,0.02509816,0.005432323
X555_Group1C_142dpi_LV_bottom_175_G_B3_P132.mzXML,555,Group1C,naive,142,LV_bottom,B3,P132,0.038491038,5.33E-02,0.00205679,0.009062418,0.011609149
X555_Group1C_142dpi_LV_top_175_G_B3_P128.mzXML,555,Group1C,naive,142,LV_top,B3,P128,0.072814989,0.140993524,0.002302861,1.98E-02,0.027806219
X555_Group1C_142dpi_RA_175_G_B3_P124.mzXML,555,Group1C,naive,142,RA,B3,P124,0.033103813,3.49E-02,0.00102993,8.95E-03,0.005288455
X555_Group1C_142dpi_RV_bottom_175_G_B3_P140.mzXML,555,Group1C,naive,142,RV_bottom,B3,P140,0.013284542,0.016334998,0.000326134,0,0
X555_Group1C_142dpi_RV_top_175_G_B3_P136.mzXML,555,Group1C,naive,142,RV_top,B3,P136,0.032367747,0.027459259,0.000803847,0.001927539,0.00027628
X561_Group3A_50dpi_LA_266_B_B4_P121.mzXML,561,Group3A,infected,50,LA,B4,P121,0.03408937,0.051181584,0.000279056,0.038256978,0.02034626
X561_Group3A_50dpi_LV_bottom_266_B_B4_P133.mzXML,561,Group3A,infected,50,LV_bottom,B4,P133,0.094310466,0.083523571,0.002697172,0.005567809,0.000693632
X561_Group3A_50dpi_LV_top_266_B_B4_P129.mzXML,561,Group3A,infected,50,LV_top,B4,P129,0.086456671,0.114042973,0.003487265,0.028005272,0.018630848
X561_Group3A_50dpi_RA_266_B_B4_P125.mzXML,561,Group3A,infected,50,RA,B4,P125,0.015545165,0.01743988,0.0000704,0.015436478,0.000782436
X561_Group3A_50dpi_RV_bottom_266_B_B4_P141.mzXML,561,Group3A,infected,50,RV_bottom,B4,P141,0.056610406,0.065687451,0.001979366,0.006309488,0.003715427
X561_Group3A_50dpi_RV_top_266_B_B4_P137.mzXML,561,Group3A,infected,50,RV_top,B4,P137,0.040800812,0.036188405,0.000465655,0.002177727,0.002445499
X562_Group3A_50dpi_LA_267_B_B5_P121.mzXML,562,Group3A,infected,50,LA,B5,P121,0.048882972,5.89E-02,0.000731078,0.042560416,0.024612741
X562_Group3A_50dpi_LV_bottom_267_B_B5_P133.mzXML,562,Group3A,infected,50,LV_bottom,B5,P133,0.050572276,0.037128324,0.000604808,0.003632734,0.000629132
X562_Group3A_50dpi_LV_top_267_B_B5_P129.mzXML,562,Group3A,infected,50,LV_top,B5,P129,0.114448325,0.117060097,0.002509799,0.011346913,0.014817848
X562_Group3A_50dpi_RA_267_B_B5_P125.mzXML,562,Group3A,infected,50,RA,B5,P125,0.033586715,4.73E-02,0.000893584,0.015083101,0.007128834
X562_Group3A_50dpi_RV_bottom_267_B_B5_P141.mzXML,562,Group3A,infected,50,RV_bottom,B5,P141,0.033691008,0.036463643,0.000584443,0.000731721,0.0000842
X562_Group3A_50dpi_RV_top_267_B_B5_P137.mzXML,562,Group3A,infected,50,RV_top,B5,P137,0.037491504,0.039491849,0.000608416,0.005105763,0.006666786
X563_Group3A_50dpi_LA_268_B_B6_P121.mzXML,563,Group3A,infected,50,LA,B6,P121,0.083354465,0.060191761,0.000424386,0.013044369,0.011668446
X563_Group3A_50dpi_LV_bottom_268_B_B6_P133.mzXML,563,Group3A,infected,50,LV_bottom,B6,P133,0.112928912,9.72E-02,0.003904444,0.007665108,0.006701103
X563_Group3A_50dpi_LV_top_268_B_B6_P129.mzXML,563,Group3A,infected,50,LV_top,B6,P129,0.113128766,0.099231728,0.003046099,0.026680204,0.024585093
X563_Group3A_50dpi_RA_268_B_B6_P125.mzXML,563,Group3A,infected,50,RA,B6,P125,0.020774849,0.028374791,0.000344417,0.00566681,0.000388217
X563_Group3A_50dpi_RV_bottom_268_B_B6_P141.mzXML,563,Group3A,infected,50,RV_bottom,B6,P141,0.031311609,0.028309716,0.000477387,0.000608914,0.000565478
X563_Group3A_50dpi_RV_top_268_B_B6_P137.mzXML,563,Group3A,infected,50,RV_top,B6,P137,0.03015098,0.028249529,0.000794002,0.003416453,0.002452715
X564_Group3A_50dpi_LA_269_B_B7_P121.mzXML,564,Group3A,infected,50,LA,B7,P121,0.074901674,0.07416329,0.000388523,0.027376728,0.019155434
X564_Group3A_50dpi_LV_bottom_269_B_B7_P133.mzXML,564,Group3A,infected,50,LV_bottom,B7,P133,0.068014441,6.89E-02,0.002667304,0.007266407,0.00275813
X564_Group3A_50dpi_LV_top_269_B_B7_P129.mzXML,564,Group3A,infected,50,LV_top,B7,P129,0.071846982,0.08790892,0.002615947,0.014385372,0.015920565
X564_Group3A_50dpi_RA_269_B_B7_P125.mzXML,564,Group3A,infected,50,RA,B7,P125,0.017213844,0.022725245,0.000358822,0.014405125,0.000660747
X564_Group3A_50dpi_RV_bottom_269_B_B7_P141.mzXML,564,Group3A,infected,50,RV_bottom,B7,P141,0.029635511,0.027927558,0.000372458,0.000064,0
X564_Group3A_50dpi_RV_top_269_B_B7_P137.mzXML,564,Group3A,infected,50,RV_top,B7,P137,0.026384483,0.033835191,0.001147283,0.003050011,0.000291722
X565_Group3A_50dpi_LA_270_B_B8_P121.mzXML,565,Group3A,infected,50,LA,B8,P121,0.035756601,0.033574707,0.0001105,8.52E-03,0.001421099
X565_Group3A_50dpi_LV_bottom_270_B_B8_P133.mzXML,565,Group3A,infected,50,LV_bottom,B8,P133,0.113498317,8.42E-02,0.003050135,0.008699128,0.006444201
X565_Group3A_50dpi_LV_top_270_B_B8_P129.mzXML,565,Group3A,infected,50,LV_top,B8,P129,0.065341351,1.01E-01,0.003299113,0.019083627,0.01348742
X565_Group3A_50dpi_RA_270_B_B8_P125.mzXML,565,Group3A,infected,50,RA,B8,P125,0.026384345,0.027132422,0.0002207,0.001712124,0.000295834
X565_Group3A_50dpi_RV_bottom_270_B_B8_P141.mzXML,565,Group3A,infected,50,RV_bottom,B8,P141,0.035774129,0.052825501,0.001162464,0.00116653,0.00073995
X565_Group3A_50dpi_RV_top_270_B_B8_P137.mzXML,565,Group3A,infected,50,RV_top,B8,P137,0.029243325,0.033504868,0.000613272,0.003325246,0.003835332
X646_Group3A_50dpi_LA_271_B_B9_P121.mzXML,646,Group3A,infected,50,LA,B9,P121,0.065091402,0.066746308,0.000619047,0.017849371,0.012300132
X646_Group3A_50dpi_LV_bottom_271_B_B9_P133.mzXML,646,Group3A,infected,50,LV_bottom,B9,P133,0.036265417,0.023881768,0.000168,0.003117901,0.000347303
X646_Group3A_50dpi_LV_top_271_B_B9_P129.mzXML,646,Group3A,infected,50,LV_top,B9,P129,0.07705935,0.125759014,0.002812104,0.014910407,0.008609353
X646_Group3A_50dpi_RA_271_B_B9_P125.mzXML,646,Group3A,infected,50,RA,B9,P125,0.044343001,0.060342373,0.000480898,0.005304473,0.001129115
X646_Group3A_50dpi_RV_bottom_271_B_B9_P141.mzXML,646,Group3A,infected,50,RV_bottom,B9,P141,0.059661584,0.069753067,0.00131091,0.003603349,0.001535665
X646_Group3A_50dpi_RV_top_271_B_B9_P137.mzXML,646,Group3A,infected,50,RV_top,B9,P137,0.041249539,0.070087047,0.000232407,0.009447168,0.003136391
X647_Group3A_50dpi_LA_272_B_B10_P121.mzXML,647,Group3A,infected,50,LA,B10,P121,0.073410589,0.07377667,0.000402551,0.022054502,0.007051549
X647_Group3A_50dpi_LV_bottom_272_B_B10_P133.mzXML,647,Group3A,infected,50,LV_bottom,B10,P133,0.144968348,0.101339695,0.003334391,0.004862489,0.001191908
X647_Group3A_50dpi_LV_top_272_B_B10_P129.mzXML,647,Group3A,infected,50,LV_top,B10,P129,0.074105691,0.078995959,0.001831068,0.013548902,0.007956613
X647_Group3A_50dpi_RA_272_B_B10_P125.mzXML,647,Group3A,infected,50,RA,B10,P125,0.037630889,0.03468454,0.0000798,0.001364824,0.001547033
X647_Group3A_50dpi_RV_bottom_272_B_B10_P141.mzXML,647,Group3A,infected,50,RV_bottom,B10,P141,0.094985978,0.092981497,0.002271606,0.00849573,0.009111084
X647_Group3A_50dpi_RV_top_272_B_B10_P137.mzXML,647,Group3A,infected,50,RV_top,B10,P137,0.037476463,0.036586525,0.000671804,0.000602174,0.001127548
X648_Group3A_50dpi_LA_273_B_B11_P121.mzXML,648,Group3A,infected,50,LA,B11,P121,0,0.00238145,0,0.005912918,0
X648_Group3A_50dpi_LV_bottom_273_B_B11_P133.mzXML,648,Group3A,infected,50,LV_bottom,B11,P133,0.036607387,0.023209951,0.0001036,0.005745256,0.000247252
X648_Group3A_50dpi_LV_top_273_B_B11_P129.mzXML,648,Group3A,infected,50,LV_top,B11,P129,0.040346143,0.057303545,0.000536068,0.004371973,0.002964417
X648_Group3A_50dpi_RA_273_B_B11_P125.mzXML,648,Group3A,infected,50,RA,B11,P125,0.020405347,0.018866423,0.000211967,0.003822965,0.00012756
X648_Group3A_50dpi_RV_bottom_273_B_B11_P141.mzXML,648,Group3A,infected,50,RV_bottom,B11,P141,0.034516037,0.049691919,0.000643641,0.002104952,0.002064796
X648_Group3A_50dpi_RV_top_273_B_B11_P137.mzXML,648,Group3A,infected,50,RV_top,B11,P137,0.019115754,0.015420302,0.000235572,0.001902182,0.000264945
X649_Group3A_50dpi_LA_274_B_B12_P121.mzXML,649,Group3A,infected,50,LA,B12,P121,0.050207688,0.071754412,0.000662215,0.060417664,0.039985658
X649_Group3A_50dpi_LV_bottom_274_B_B12_P133.mzXML,649,Group3A,infected,50,LV_bottom,B12,P133,0.076214894,0.063791343,0.000751529,0.002203435,0.000403778
X649_Group3A_50dpi_LV_top_274_B_B12_P129.mzXML,649,Group3A,infected,50,LV_top,B12,P129,0.011071701,0.008548449,0,0.003023082,0.001833972
X649_Group3A_50dpi_RA_274_B_B12_P125.mzXML,649,Group3A,infected,50,RA,B12,P125,0.021384385,0.02360411,0.000295547,0.004793262,0.000274643
X649_Group3A_50dpi_RV_bottom_274_B_B12_P141.mzXML,649,Group3A,infected,50,RV_bottom,B12,P141,0.059311452,0.070858957,0.000879404,0.002406489,0.002747209
X649_Group3A_50dpi_RV_top_274_B_B12_P137.mzXML,649,Group3A,infected,50,RV_top,B12,P137,0.024389267,0.020288863,0.000378102,0.00125024,0.001123389
X650_Group3A_50dpi_LA_275_B_C1_P121.mzXML,650,Group3A,infected,50,LA,C1,P121,0.046707531,3.97E-02,0.001747053,0.03707941,0.004809128
X650_Group3A_50dpi_LV_bottom_275_B_C1_P133.mzXML,650,Group3A,infected,50,LV_bottom,C1,P133,0.034278371,0.018993178,0.000673746,0.002418587,0
X650_Group3A_50dpi_LV_top_275_B_C1_P129.mzXML,650,Group3A,infected,50,LV_top,C1,P129,0.031896387,0.024306484,0.001147493,0.001331877,0.000671177
X650_Group3A_50dpi_RA_275_B_C1_P125.mzXML,650,Group3A,infected,50,RA,C1,P125,0.059646955,0.055494488,0.001414502,0.011349027,0.005935293
X650_Group3A_50dpi_RV_bottom_275_B_C1_P141.mzXML,650,Group3A,infected,50,RV_bottom,C1,P141,0.083743114,8.40E-02,0.004529391,0.014716201,0.013492254
X650_Group3A_50dpi_RV_top_275_B_C1_P137.mzXML,650,Group3A,infected,50,RV_top,C1,P137,0.029547235,0.024894988,0.001095554,0.003854052,0.002472881
X731_Group3A_50dpi_LA_276_B_C2_P121.mzXML,731,Group3A,infected,50,LA,C2,P121,0.046517505,4.69E-02,0.001881775,0.03076967,0.006954114
X731_Group3A_50dpi_LV_bottom_276_B_C2_P133.mzXML,731,Group3A,infected,50,LV_bottom,C2,P133,0.065863141,0.05329467,0.002010932,0.001968385,0.000855117
X731_Group3A_50dpi_LV_top_276_B_C2_P129.mzXML,731,Group3A,infected,50,LV_top,C2,P129,0.081409107,7.42E-02,0.003031465,0.012202161,0.010905845
X731_Group3A_50dpi_RA_276_B_C2_P125.mzXML,731,Group3A,infected,50,RA,C2,P125,0.04497175,5.55E-02,0.002088647,0.036192126,0.022604573
X731_Group3A_50dpi_RV_bottom_276_B_C2_P141.mzXML,731,Group3A,infected,50,RV_bottom,C2,P141,0.075707244,0.081561575,0.002223984,0.003348569,0.001366496
X731_Group3A_50dpi_RV_top_276_B_C2_P137.mzXML,731,Group3A,infected,50,RV_top,C2,P137,0.036361877,0.038701647,0.001287389,0.005196392,0.001638314
X732_Group3A_50dpi_LA_277_B_C3_P121.mzXML,732,Group3A,infected,50,LA,C3,P121,0.041936585,0.023022274,0.000209205,0.00942839,0.000357158
X732_Group3A_50dpi_LV_bottom_277_B_C3_P133.mzXML,732,Group3A,infected,50,LV_bottom,C3,P133,0.059894983,0.040854385,0.00158621,0.013510864,0.005584308
X732_Group3A_50dpi_LV_top_277_B_C3_P129.mzXML,732,Group3A,infected,50,LV_top,C3,P129,0.105945573,1.10E-01,0.002144844,0.026521972,0.03170585
X732_Group3A_50dpi_RA_277_B_C3_P125.mzXML,732,Group3A,infected,50,RA,C3,P125,0.021330761,0.0164671,0.000256788,0.013698443,0.010937874
X732_Group3A_50dpi_RV_bottom_277_B_C3_P141.mzXML,732,Group3A,infected,50,RV_bottom,C3,P141,0.022432348,0.020894678,0.000196666,0,0
X732_Group3A_50dpi_RV_top_277_B_C3_P137.mzXML,732,Group3A,infected,50,RV_top,C3,P137,0.021213979,0.014041286,0.0000432,0.000684006,0.000523561
X733_Group3A_50dpi_LA_278_B_C4_P121.mzXML,733,Group3A,infected,50,LA,C4,P121,0.043018151,0.027786906,0.000164483,0.006813957,0.000775002
X733_Group3A_50dpi_LV_bottom_278_B_C4_P133.mzXML,733,Group3A,infected,50,LV_bottom,C4,P133,0.014735546,0.008038848,0,0.001906223,0.000152183
X733_Group3A_50dpi_LV_top_278_B_C4_P129.mzXML,733,Group3A,infected,50,LV_top,C4,P129,0.026048996,0.019211588,0,0.000323585,0
X733_Group3A_50dpi_RA_278_B_C4_P125.mzXML,733,Group3A,infected,50,RA,C4,P125,0.02490688,0.032062209,0.000419691,0.005727881,0.000307414
X733_Group3A_50dpi_RV_bottom_278_B_C4_P141.mzXML,733,Group3A,infected,50,RV_bottom,C4,P141,0.020448354,0.021154738,0.000162278,0,0
X733_Group3A_50dpi_RV_top_278_B_C4_P137.mzXML,733,Group3A,infected,50,RV_top,C4,P137,0.025282962,0.020430639,0.000296882,0.001200713,0.000399961
X734_Group3A_50dpi_LA_279_B_C5_P121.mzXML,734,Group3A,infected,50,LA,C5,P121,0.042543127,0.037967334,0.000482013,6.67E-03,0
X734_Group3A_50dpi_LV_bottom_279_B_C5_P133.mzXML,734,Group3A,infected,50,LV_bottom,C5,P133,0.095947651,0.085901574,0.002612736,0.009833662,0.003403786
X734_Group3A_50dpi_LV_top_279_B_C5_P129.mzXML,734,Group3A,infected,50,LV_top,C5,P129,0.004069227,0.003633238,0,0.007604539,0.006715162
X734_Group3A_50dpi_RA_279_B_C5_P125.mzXML,734,Group3A,infected,50,RA,C5,P125,0.032817291,0.049367633,0.000642284,0.01000782,0.004423422
X734_Group3A_50dpi_RV_bottom_279_B_C5_P141.mzXML,734,Group3A,infected,50,RV_bottom,C5,P141,0.026448784,0.02524288,0.000851141,0.000186477,0
X734_Group3A_50dpi_RV_top_279_B_C5_P137.mzXML,734,Group3A,infected,50,RV_top,C5,P137,0.043887171,0.026463537,0.000371144,0.002616739,0.000698437
X735_Group3A_50dpi_LA_280_B_C6_P121.mzXML,735,Group3A,infected,50,LA,C6,P121,0.035869175,0.034493079,0.000280553,0.013346078,0.002050384
X735_Group3A_50dpi_LV_bottom_280_B_C6_P133.mzXML,735,Group3A,infected,50,LV_bottom,C6,P133,0.003152157,0.002154601,0,0.000411491,0.0000408
X735_Group3A_50dpi_LV_top_280_B_C6_P129.mzXML,735,Group3A,infected,50,LV_top,C6,P129,0.01728126,0.011430099,0,0.005784966,0.0000498
X735_Group3A_50dpi_RA_280_B_C6_P125.mzXML,735,Group3A,infected,50,RA,C6,P125,0.031881332,4.96E-02,0.001081596,0.022043113,0.034877676
X735_Group3A_50dpi_RV_bottom_280_B_C6_P141.mzXML,735,Group3A,infected,50,RV_bottom,C6,P141,0.040555943,0.052720006,0.001436846,0.000244851,0.000480924
X735_Group3A_50dpi_RV_top_280_B_C6_P137.mzXML,735,Group3A,infected,50,RV_top,C6,P137,0.020080855,0.01601921,0.0000541,0.000401016,0.00066383
X566_Group3B_70dpi_LA_296_B_D10_P121.mzXML,566,Group3B,infected,75,LA,D10,P121,0.058865279,0.062539834,0.000402239,0.031114133,0.012249781
X566_Group3B_70dpi_LV_bottom_296_B_D10_P133.mzXML,566,Group3B,infected,75,LV_bottom,D10,P133,0.137099609,9.28E-02,0.004061479,0.01160275,0.006998394
X566_Group3B_70dpi_LV_top_296_B_D10_P129.mzXML,566,Group3B,infected,75,LV_top,D10,P129,0.037213811,0.055537422,0.000789219,1.65E-02,0.013179021
X566_Group3B_70dpi_RA_296_B_D10_P125.mzXML,566,Group3B,infected,75,RA,D10,P125,0.01726917,0.01387753,0.000211346,0.007229423,0.001488001
X566_Group3B_70dpi_RV_bottom_296_B_D10_P141.mzXML,566,Group3B,infected,75,RV_bottom,D10,P141,0.032519788,0.025912724,0.000443544,0,0
X566_Group3B_70dpi_RV_top_296_B_D10_P137.mzXML,566,Group3B,infected,75,RV_top,D10,P137,0.02762708,0.02107143,0.0004982,0.004099359,0.002700295
X567_Group3B_70dpi_LA_297_B_D11_P121.mzXML,567,Group3B,infected,75,LA,D11,P121,0.034873789,0.073824271,0.001004584,0.032808551,0.026453407
X567_Group3B_70dpi_LV_bottom_297_B_D11_P133.mzXML,567,Group3B,infected,75,LV_bottom,D11,P133,0.110046505,7.90E-02,0.00348708,0.003322744,0.002348657
X567_Group3B_70dpi_LV_top_297_B_D11_P129.mzXML,567,Group3B,infected,75,LV_top,D11,P129,0.058042119,0.077856378,0.002414743,0.016844179,0.024879165
X567_Group3B_70dpi_RA_297_B_D11_P125.mzXML,567,Group3B,infected,75,RA,D11,P125,0.035717838,0.034809803,0.0001576,0.006665426,0
X567_Group3B_70dpi_RV_bottom_297_B_D11_P141.mzXML,567,Group3B,infected,75,RV_bottom,D11,P141,0.035379818,0.019878065,0.000285391,0,0
X567_Group3B_70dpi_RV_top_297_B_D11_P137.mzXML,567,Group3B,infected,75,RV_top,D11,P137,0.043145764,0.020205036,0.000239261,0.000750799,0.001235833
X568_Group3B_70dpi_LA_298_B_D12_P121.mzXML,568,Group3B,infected,75,LA,D12,P121,0.049274043,5.16E-02,0.000716563,0.030195079,0.009908311
X568_Group3B_70dpi_LV_bottom_298_B_D12_P133.mzXML,568,Group3B,infected,75,LV_bottom,D12,P133,0.055437651,0.03874153,0.000317413,0.004589467,0.000550069
X568_Group3B_70dpi_LV_top_298_B_D12_P129.mzXML,568,Group3B,infected,75,LV_top,D12,P129,0.072888565,6.99E-02,0.001943947,0.015600385,0.018036842
X568_Group3B_70dpi_RA_298_B_D12_P125.mzXML,568,Group3B,infected,75,RA,D12,P125,0.019596811,0.026191513,0.000132,0.000194843,0.0000679
X568_Group3B_70dpi_RV_bottom_298_B_D12_P141.mzXML,568,Group3B,infected,75,RV_bottom,D12,P141,0.039595764,0.037918005,0.000559504,0.001671646,0.001305797
X568_Group3B_70dpi_RV_top_298_B_D12_P137.mzXML,568,Group3B,infected,75,RV_top,D12,P137,0.029460209,0.017856799,0.0000706,0.000447399,0.000438667
X569_Group3B_70dpi_LA_299_B_E1_P121.mzXML,569,Group3B,infected,75,LA,E1,P121,0.045881417,6.33E-02,0.001039116,0.037043764,0.023854888
X569_Group3B_70dpi_LV_bottom_299_B_E1_P133.mzXML,569,Group3B,infected,75,LV_bottom,E1,P133,0.039478958,0.026222649,0.000700283,0.000807786,0
X569_Group3B_70dpi_LV_top_299_B_E1_P129.mzXML,569,Group3B,infected,75,LV_top,E1,P129,0.084869077,0.107673493,0.000293965,1.72E-02,0.015270484
X569_Group3B_70dpi_RA_299_B_E1_P125.mzXML,569,Group3B,infected,75,RA,E1,P125,0.059620934,0.050639433,0.000330775,0.005727229,0
X569_Group3B_70dpi_RV_bottom_299_B_E1_P141.mzXML,569,Group3B,infected,75,RV_bottom,E1,P141,0.042400257,0.030344779,0,0,0
X569_Group3B_70dpi_RV_top_299_B_E1_P137.mzXML,569,Group3B,infected,75,RV_top,E1,P137,0.062311266,0.041419913,0.000323008,0.002775628,0.00239048
X570_Group3B_70dpi_LA_300_B_E2_P121.mzXML,570,Group3B,infected,75,LA,E2,P121,0.037198314,0.085951367,0.000773679,0.054557089,0.04318681
X570_Group3B_70dpi_LV_bottom_300_B_E2_P133.mzXML,570,Group3B,infected,75,LV_bottom,E2,P133,0.096352031,1.03E-01,0.004069535,0.010034734,0.004440781
X570_Group3B_70dpi_LV_top_300_B_E2_P129.mzXML,570,Group3B,infected,75,LV_top,E2,P129,0.058672047,6.58E-02,0.002097572,0.017008982,0.019467378
X570_Group3B_70dpi_RA_300_B_E2_P125.mzXML,570,Group3B,infected,75,RA,E2,P125,0.023726148,0.021753982,0.0003388,0.007211318,0.007011252
X570_Group3B_70dpi_RV_bottom_300_B_E2_P141.mzXML,570,Group3B,infected,75,RV_bottom,E2,P141,0.03416335,0.024969657,0,0,0
X570_Group3B_70dpi_RV_top_300_B_E2_P137.mzXML,570,Group3B,infected,75,RV_top,E2,P137,0.016313105,0.009600036,0,0.001844596,0.001903228
X651_Group3B_70dpi_LA_301_B_E3_P121.mzXML,651,Group3B,infected,75,LA,E3,P121,0.05129008,5.73E-02,0.000447749,0.016333235,0.013947132
X651_Group3B_70dpi_LV_bottom_301_B_E3_P133.mzXML,651,Group3B,infected,75,LV_bottom,E3,P133,0.057570661,0.061553827,0.002063552,0.011775916,0.008046618
X651_Group3B_70dpi_LV_top_301_B_E3_P129.mzXML,651,Group3B,infected,75,LV_top,E3,P129,0.071359093,0.087618787,0.002356424,0.010579548,0.004328886
X651_Group3B_70dpi_RA_301_B_E3_P125.mzXML,651,Group3B,infected,75,RA,E3,P125,0.042062098,5.55E-02,0.001183278,0.016788165,0.005686379
X651_Group3B_70dpi_RV_bottom_301_B_E3_P141.mzXML,651,Group3B,infected,75,RV_bottom,E3,P141,0.035810605,0.042739702,0.001263792,0.000659701,0.000599565
X651_Group3B_70dpi_RV_top_301_B_E3_P137.mzXML,651,Group3B,infected,75,RV_top,E3,P137,0.048024396,0.044644487,0.000896564,0.008269324,0.010145917
X652_Group3B_70dpi_LA_302_B_E4_P121.mzXML,652,Group3B,infected,75,LA,E4,P121,0.059821527,0.060923352,0.000912393,0.007890372,0.004084779
X652_Group3B_70dpi_LV_bottom_302_B_E4_P133.mzXML,652,Group3B,infected,75,LV_bottom,E4,P133,0.099904095,1.08E-01,0.004505481,0.007565787,0.003029518
X652_Group3B_70dpi_LV_top_302_B_E4_P129.mzXML,652,Group3B,infected,75,LV_top,E4,P129,0.023419366,0.018319864,0.0000439,0.002134915,0.001514825
X652_Group3B_70dpi_RA_302_B_E4_P125.mzXML,652,Group3B,infected,75,RA,E4,P125,0.008774741,0.022045063,0.0003016,0.006094616,0.00309629
X652_Group3B_70dpi_RV_bottom_302_B_E4_P141.mzXML,652,Group3B,infected,75,RV_bottom,E4,P141,0.028365703,0.027659886,0.0001177,0.000177628,0.000173901
X652_Group3B_70dpi_RV_top_302_B_E4_P137.mzXML,652,Group3B,infected,75,RV_top,E4,P137,0.043893329,0.036248344,0.002061836,1.47E-02,0.016089932
X653_Group3B_70dpi_LA_303_B_E5_P121.mzXML,653,Group3B,infected,75,LA,E5,P121,0.08366857,6.97E-02,0.00062899,9.52E-03,0.001765354
X653_Group3B_70dpi_LV_bottom_303_B_E5_P133.mzXML,653,Group3B,infected,75,LV_bottom,E5,P133,0.086448677,0.094769264,0.00358275,0.006932883,0.004632322
X653_Group3B_70dpi_LV_top_303_B_E5_P129.mzXML,653,Group3B,infected,75,LV_top,E5,P129,0.102511214,0.121486521,0.002539164,0.013414004,0.012155194
X653_Group3B_70dpi_RA_303_B_E5_P125.mzXML,653,Group3B,infected,75,RA,E5,P125,0.032510863,5.76E-02,0.001900217,0.012781902,0.017102267
X653_Group3B_70dpi_RV_bottom_303_B_E5_P141.mzXML,653,Group3B,infected,75,RV_bottom,E5,P141,0.032993216,0.037009776,0.001092523,0.002737291,0.001967945
X653_Group3B_70dpi_RV_top_303_B_E5_P137.mzXML,653,Group3B,infected,75,RV_top,E5,P137,0.03976691,0.037026131,0.000508362,0.002474151,0.003717155
X654_Group3B_70dpi_LA_304_B_E6_P121.mzXML,654,Group3B,infected,75,LA,E6,P121,0.118002877,0.09761922,0.000946685,0.010590864,0.003670062
X654_Group3B_70dpi_LV_bottom_304_B_E6_P133.mzXML,654,Group3B,infected,75,LV_bottom,E6,P133,0.088290769,9.59E-02,0.00447543,0.018200189,0.006223759
X654_Group3B_70dpi_LV_top_304_B_E6_P129.mzXML,654,Group3B,infected,75,LV_top,E6,P129,0.081598978,0.105314352,0.00264507,0.010911523,0.013901215
X654_Group3B_70dpi_RA_304_B_E6_P125.mzXML,654,Group3B,infected,75,RA,E6,P125,0.030793906,3.92E-02,0.000680326,0.014993799,0.009502511
X654_Group3B_70dpi_RV_bottom_304_B_E6_P141.mzXML,654,Group3B,infected,75,RV_bottom,E6,P141,0.036450487,0.042246073,0.001217676,0.001570307,0.001763131
X654_Group3B_70dpi_RV_top_304_B_E6_P137.mzXML,654,Group3B,infected,75,RV_top,E6,P137,0.036036145,0.026982566,0.000664659,0.00053066,0
X655_Group3B_70dpi_LA_305_B_E7_P121.mzXML,655,Group3B,infected,75,LA,E7,P121,0.108162718,0.094890208,0.001965975,0.008813822,0.003715759
X655_Group3B_70dpi_LV_bottom_305_B_E7_P133.mzXML,655,Group3B,infected,75,LV_bottom,E7,P133,0.061441519,0.066084435,0.003011987,0.005974263,0.001404122
X655_Group3B_70dpi_LV_top_305_B_E7_P129.mzXML,655,Group3B,infected,75,LV_top,E7,P129,0.074298881,8.62E-02,0.002680143,0.018266026,0.01481687
X655_Group3B_70dpi_RA_305_B_E7_P125.mzXML,655,Group3B,infected,75,RA,E7,P125,0.056710577,0.076505047,0.001077197,0.013399632,0.010244547
X655_Group3B_70dpi_RV_bottom_305_B_E7_P141.mzXML,655,Group3B,infected,75,RV_bottom,E7,P141,0.089544502,7.74E-02,0.002398353,0.006780575,0.007610747
X655_Group3B_70dpi_RV_top_305_B_E7_P137.mzXML,655,Group3B,infected,75,RV_top,E7,P137,0.04095716,0.03818867,0.001848312,1.73E-02,0.010942724
X736_Group3B_70dpi_LA_306_B_E8_P121.mzXML,736,Group3B,infected,75,LA,E8,P121,0.06481167,4.51E-02,0.0001754,0.009067691,0.000455753
X736_Group3B_70dpi_LV_bottom_306_B_E8_P133.mzXML,736,Group3B,infected,75,LV_bottom,E8,P133,0.12335049,8.48E-02,0.003605614,0.006567672,0.005875199
X736_Group3B_70dpi_LV_top_306_B_E8_P129.mzXML,736,Group3B,infected,75,LV_top,E8,P129,0.068388247,0.062070026,0.002213491,0.013901393,0.018676889
X736_Group3B_70dpi_RA_306_B_E8_P125.mzXML,736,Group3B,infected,75,RA,E8,P125,0.045562635,0.070453291,0.000601545,0.016427099,0.000940715
X736_Group3B_70dpi_RV_bottom_306_B_E8_P141.mzXML,736,Group3B,infected,75,RV_bottom,E8,P141,0.034907187,0.04103839,0.001427804,0.002579024,0.002597207
X736_Group3B_70dpi_RV_top_306_B_E8_P137.mzXML,736,Group3B,infected,75,RV_top,E8,P137,0.033536037,0.031533887,0.000405268,0.001024217,0.002044378
X737_Group3B_70dpi_LA_307_B_E9_P121.mzXML,737,Group3B,infected,75,LA,E9,P121,0.026904589,3.89E-02,0.00079334,0.024712347,0.022225766
X737_Group3B_70dpi_LV_bottom_307_B_E9_P133.mzXML,737,Group3B,infected,75,LV_bottom,E9,P133,0.129592044,9.22E-02,0.003819319,0.005822253,0.003336441
X737_Group3B_70dpi_LV_top_307_B_E9_P129.mzXML,737,Group3B,infected,75,LV_top,E9,P129,0.069597254,0.074030557,0.002201785,0.013764323,0.018938221
X737_Group3B_70dpi_RA_307_B_E9_P125.mzXML,737,Group3B,infected,75,RA,E9,P125,0.056745592,6.74E-02,0.001077306,0.024554124,0.008207326
X737_Group3B_70dpi_RV_bottom_307_B_E9_P141.mzXML,737,Group3B,infected,75,RV_bottom,E9,P141,0.052021463,0.042548567,0.001365532,0.004127138,0.005084461
X737_Group3B_70dpi_RV_top_307_B_E9_P137.mzXML,737,Group3B,infected,75,RV_top,E9,P137,0.062703971,4.45E-02,0.00138676,0.003797722,0.004373541
X738_Group3B_70dpi_LA_308_B_E10_P121.mzXML,738,Group3B,infected,75,LA,E10,P121,0.048061056,5.19E-02,0.001362066,0.026007325,0.023620513
X738_Group3B_70dpi_LV_bottom_308_B_E10_P133.mzXML,738,Group3B,infected,75,LV_bottom,E10,P133,0.09340569,0.090417655,0.003082317,0.006346816,0.002395012
X738_Group3B_70dpi_LV_top_308_B_E10_P129.mzXML,738,Group3B,infected,75,LV_top,E10,P129,0.047768591,5.14E-02,0.002389316,0.012458245,0.017430669
X738_Group3B_70dpi_RA_308_B_E10_P125.mzXML,738,Group3B,infected,75,RA,E10,P125,0.03394666,0.049121214,0.000837726,0.032385319,0.025910396
X738_Group3B_70dpi_RV_bottom_308_B_E10_P141.mzXML,738,Group3B,infected,75,RV_bottom,E10,P141,0.048091289,0.051611217,0.001494927,0.00202254,0.002181358
X738_Group3B_70dpi_RV_top_308_B_E10_P137.mzXML,738,Group3B,infected,75,RV_top,E10,P137,0.027722438,0.025377334,0.00030162,0.002163251,0.002609286
X739_Group3B_70dpi_LA_309_B_E11_P121.mzXML,739,Group3B,infected,75,LA,E11,P121,0.049206227,6.75E-02,0.00073132,0.028650673,0.016149931
X739_Group3B_70dpi_LV_bottom_309_B_E11_P133.mzXML,739,Group3B,infected,75,LV_bottom,E11,P133,0.089193534,0.08517997,0.001736799,0.003430456,0.003157625
X739_Group3B_70dpi_LV_top_309_B_E11_P129.mzXML,739,Group3B,infected,75,LV_top,E11,P129,0.040306234,0.034874949,0.000269854,0.003463588,0.001322058
X739_Group3B_70dpi_RA_309_B_E11_P125.mzXML,739,Group3B,infected,75,RA,E11,P125,0.060265835,0.089907552,0.000958453,0.022471636,0.005780422
X739_Group3B_70dpi_RV_bottom_309_B_E11_P141.mzXML,739,Group3B,infected,75,RV_bottom,E11,P141,0.046229748,0.052027629,0.001715805,0.00589429,0.005054341
X739_Group3B_70dpi_RV_top_309_B_E11_P137.mzXML,739,Group3B,infected,75,RV_top,E11,P137,0.026733813,0.028752269,0.000239,0.003784602,0.00666679
X740_Group3B_70dpi_LA_310_B_E12_P121.mzXML,740,Group3B,infected,75,LA,E12,P121,0.055021019,5.44E-02,0.000770127,0.009466723,0.003405159
X740_Group3B_70dpi_LV_bottom_310_B_E12_P133.mzXML,740,Group3B,infected,75,LV_bottom,E12,P133,0.1085789,1.09E-01,0.003207122,0.014213706,0.011198791
X740_Group3B_70dpi_LV_top_310_B_E12_P129.mzXML,740,Group3B,infected,75,LV_top,E12,P129,0.042259938,0.039065066,0.000498882,0.00583253,0.004088083
X740_Group3B_70dpi_RA_310_B_E12_P125.mzXML,740,Group3B,infected,75,RA,E12,P125,0.04597705,5.68E-02,0.001170372,0.049904129,0.01884993
X740_Group3B_70dpi_RV_bottom_310_B_E12_P141.mzXML,740,Group3B,infected,75,RV_bottom,E12,P141,0.068246157,0.068178548,0.001828694,0.004442532,0.004270708
X740_Group3B_70dpi_RV_top_310_B_E12_P137.mzXML,740,Group3B,infected,75,RV_top,E12,P137,0.045410788,0.040653036,0.00034781,0.005873776,0.005628684
X581_Group3E_142dpi_LA_176_G_B4_P120.mzXML,581,Group3E,infected,142,LA,B4,P120,0.076791234,0.064597601,0.000748383,0.013592907,0.002109551
X581_Group3E_142dpi_LV_bottom_176_G_B4_P132.mzXML,581,Group3E,infected,142,LV_bottom,B4,P132,0.064923867,4.99E-02,0.002081265,6.48E-03,0.003550676
X581_Group3E_142dpi_LV_top_176_G_B4_P128.mzXML,581,Group3E,infected,142,LV_top,B4,P128,0.05917028,0.144646802,0.002258752,0.019965924,0.024196529
X581_Group3E_142dpi_RA_176_G_B4_P124.mzXML,581,Group3E,infected,142,RA,B4,P124,0.046698557,0.049084091,0.000932883,0.012035066,0.013508859
X581_Group3E_142dpi_RV_bottom_176_G_B4_P140.mzXML,581,Group3E,infected,142,RV_bottom,B4,P140,0.014116598,0.011602317,0.0000711,0,0
X581_Group3E_142dpi_RV_top_176_G_B4_P136.mzXML,581,Group3E,infected,142,RV_top,B4,P136,0.028377749,0.022834037,0.000315686,0.0002324,0
X582_Group3E_142dpi_LA_177_G_B5_P120.mzXML,582,Group3E,infected,142,LA,B5,P120,0.056376917,0.041226667,0.000886637,0.024421916,0.006401568
X582_Group3E_142dpi_LV_bottom_177_G_B5_P132.mzXML,582,Group3E,infected,142,LV_bottom,B5,P132,0.036956516,0.062339795,0.001795235,0.01118153,0.011186446
X582_Group3E_142dpi_LV_top_177_G_B5_P128.mzXML,582,Group3E,infected,142,LV_top,B5,P128,0.069891349,0.087157212,0.002073981,0.015894947,0.011310604
X582_Group3E_142dpi_RA_177_G_B5_P124.mzXML,582,Group3E,infected,142,RA,B5,P124,0.054074597,0.076360612,0.000661701,0.034576449,0.007365232
X582_Group3E_142dpi_RV_bottom_177_G_B5_P140.mzXML,582,Group3E,infected,142,RV_bottom,B5,P140,0.011548522,0.011997421,0.000281116,0,0
X582_Group3E_142dpi_RV_top_177_G_B5_P136.mzXML,582,Group3E,infected,142,RV_top,B5,P136,0.028718545,0.020977836,0.000173354,0,0
X583_Group3E_142dpi_LA_178_G_B6_P120.mzXML,583,Group3E,infected,142,LA,B6,P120,0.0620849,0.052140472,0.001578818,0.013405126,0.002711381
X583_Group3E_142dpi_LV_bottom_178_G_B6_P132.mzXML,583,Group3E,infected,142,LV_bottom,B6,P132,0.036069434,5.15E-02,0.001668329,0.011848941,0.005145605
X583_Group3E_142dpi_LV_top_178_G_B6_P128.mzXML,583,Group3E,infected,142,LV_top,B6,P128,0.081830524,0.152722319,0.001671131,0.016177212,0.017405851
X583_Group3E_142dpi_RA_178_G_B6_P124.mzXML,583,Group3E,infected,142,RA,B6,P124,0.024673167,0.027011814,0.00041646,0.003147407,0.000313457
X583_Group3E_142dpi_RV_bottom_178_G_B6_P140.mzXML,583,Group3E,infected,142,RV_bottom,B6,P140,0.009337858,0.010103911,0.0000906,0,0
X583_Group3E_142dpi_RV_top_178_G_B6_P136.mzXML,583,Group3E,infected,142,RV_top,B6,P136,0.017991306,0.01655577,0.000197216,0.002339933,0.002753124
X584_Group3E_142dpi_LA_179_G_B7_P120.mzXML,584,Group3E,infected,142,LA,B7,P120,0.048457283,0.049998078,0.001582853,0.019946098,0.00138442
X584_Group3E_142dpi_LV_bottom_179_G_B7_P132.mzXML,584,Group3E,infected,142,LV_bottom,B7,P132,0.030799094,0.045671337,0.001573917,0.003792443,0.003028223
X584_Group3E_142dpi_LV_top_179_G_B7_P128.mzXML,584,Group3E,infected,142,LV_top,B7,P128,0.04360125,0.042503098,0.001427776,0.006811321,0.005660542
X584_Group3E_142dpi_RA_179_G_B7_P124.mzXML,584,Group3E,infected,142,RA,B7,P124,0.020476754,2.69E-02,0.000715276,0.025465232,0.022815355
X584_Group3E_142dpi_RV_bottom_179_G_B7_P140.mzXML,584,Group3E,infected,142,RV_bottom,B7,P140,0.013359138,0.014246993,0.0002151,0,0
X584_Group3E_142dpi_RV_top_179_G_B7_P136.mzXML,584,Group3E,infected,142,RV_top,B7,P136,0.019163335,0.012070618,0.000131078,0.0000917,0
X585_Group3E_142dpi_LA_180_G_B8_P120.mzXML,585,Group3E,infected,142,LA,B8,P120,0.033041032,0.029669492,0.000760197,0.007445944,0.001272537
X585_Group3E_142dpi_LV_bottom_180_G_B8_P132.mzXML,585,Group3E,infected,142,LV_bottom,B8,P132,0.03190038,0.052078453,0.001750879,0.005605542,0.00433139
X585_Group3E_142dpi_LV_top_180_G_B8_P128.mzXML,585,Group3E,infected,142,LV_top,B8,P128,0.05866167,9.04E-02,0.002172306,0.017464916,0.016216802
X585_Group3E_142dpi_RA_180_G_B8_P124.mzXML,585,Group3E,infected,142,RA,B8,P124,0.050556666,0.063827282,0.000854813,0.028639445,0.020467843
X585_Group3E_142dpi_RV_bottom_180_G_B8_P140.mzXML,585,Group3E,infected,142,RV_bottom,B8,P140,0.011763544,0.014142223,0.000339557,0.00237373,0.001749487
X585_Group3E_142dpi_RV_top_180_G_B8_P136.mzXML,585,Group3E,infected,142,RV_top,B8,P136,0.010710951,0.007062768,0,0,0
X666_Group3E_142dpi_LA_201_G_D5_P120.mzXML,666,Group3E,infected,142,LA,D5,P120,0.056446839,0.05746368,0.001501546,0.015771917,0.009721856
X666_Group3E_142dpi_LV_bottom_201_G_D5_P132.mzXML,666,Group3E,infected,142,LV_bottom,D5,P132,0.03855542,0.05790084,0.00196223,0.005031554,0.00910709
X666_Group3E_142dpi_LV_top_201_G_D5_P128.mzXML,666,Group3E,infected,142,LV_top,D5,P128,0.047128007,0.116659693,0.002499683,0.042364017,0.010734698
X666_Group3E_142dpi_RA_201_G_D5_P124.mzXML,666,Group3E,infected,142,RA,D5,P124,0.023677223,0.032270526,0.000845291,0.024808733,0.017886095
X666_Group3E_142dpi_RV_bottom_201_G_D5_P140.mzXML,666,Group3E,infected,142,RV_bottom,D5,P140,0.009862041,0.01023995,0,0,0
X666_Group3E_142dpi_RV_top_201_G_D5_P136.mzXML,666,Group3E,infected,142,RV_top,D5,P136,0.027372159,0.019342261,0.0000734,0.002431999,0.000326417
X667_Group3E_142dpi_LA_202_G_D6_P120.mzXML,667,Group3E,infected,142,LA,D6,P120,0.042398969,0.041649403,0.001721232,0.036082257,0.005587892
X667_Group3E_142dpi_LV_bottom_202_G_D6_P132.mzXML,667,Group3E,infected,142,LV_bottom,D6,P132,0.026625951,0.04719623,0.001176466,0.005823454,0.003236471
X667_Group3E_142dpi_LV_top_202_G_D6_P128.mzXML,667,Group3E,infected,142,LV_top,D6,P128,0.070434438,0.119732056,0.001644857,0.021453963,0.01763585
X667_Group3E_142dpi_RA_202_G_D6_P124.mzXML,667,Group3E,infected,142,RA,D6,P124,0.033146953,0.024774442,0.000508416,0.006772067,0.004919932
X667_Group3E_142dpi_RV_bottom_202_G_D6_P140.mzXML,667,Group3E,infected,142,RV_bottom,D6,P140,0.008740944,0.008528251,0,0.000503301,0.000377911
X667_Group3E_142dpi_RV_top_202_G_D6_P136.mzXML,667,Group3E,infected,142,RV_top,D6,P136,0.026557625,0.021274632,0.000449218,0.00110625,0.001861606
X668_Group3E_142dpi_LA_203_G_D7_P120.mzXML,668,Group3E,infected,142,LA,D7,P120,0.062083213,0.056639015,0.001527127,0.022350174,0.006043788
X668_Group3E_142dpi_LV_bottom_203_G_D7_P132.mzXML,668,Group3E,infected,142,LV_bottom,D7,P132,0.036309489,0.038391761,0.001361896,0.004820534,0.002002947
X668_Group3E_142dpi_LV_top_203_G_D7_P128.mzXML,668,Group3E,infected,142,LV_top,D7,P128,0.054133526,0.073448144,0.000833493,0.011407927,0.011522142
X668_Group3E_142dpi_RA_203_G_D7_P124.mzXML,668,Group3E,infected,142,RA,D7,P124,0.020215867,0.026309529,0.00043716,1.60E-02,0.012272432
X668_Group3E_142dpi_RV_bottom_203_G_D7_P140.mzXML,668,Group3E,infected,142,RV_bottom,D7,P140,0.008780162,0.009389767,0.0000566,0.003337624,0.0001502
X668_Group3E_142dpi_RV_top_203_G_D7_P136.mzXML,668,Group3E,infected,142,RV_top,D7,P136,0.02757191,0.018468214,0.000209633,0,0
X669_Group3E_142dpi_LA_204_G_D8_P120.mzXML,669,Group3E,infected,142,LA,D8,P120,0.054361224,0.060827143,0.002031351,0.029004928,0.009562616
X669_Group3E_142dpi_LV_bottom_204_G_D8_P132.mzXML,669,Group3E,infected,142,LV_bottom,D8,P132,0.032152339,0.042142921,0.00148259,0.006072011,0.00317816
X669_Group3E_142dpi_LV_top_204_G_D8_P128.mzXML,669,Group3E,infected,142,LV_top,D8,P128,0.045860479,0.051569453,0.002455266,9.98E-03,0.016324491
X669_Group3E_142dpi_RA_204_G_D8_P124.mzXML,669,Group3E,infected,142,RA,D8,P124,0.020467984,0.026148864,0.000716634,0.008185778,0.005800175
X669_Group3E_142dpi_RV_bottom_204_G_D8_P140.mzXML,669,Group3E,infected,142,RV_bottom,D8,P140,0.006374382,0.007392699,0,0.002160511,0.00039113
X669_Group3E_142dpi_RV_top_204_G_D8_P136.mzXML,669,Group3E,infected,142,RV_top,D8,P136,0.032199356,0.030326058,0.000374924,0.004210324,0.00133191
X670_Group3E_142dpi_LA_205_G_D9_P120.mzXML,670,Group3E,infected,142,LA,D9,P120,0.040316645,0.037399989,0.001366219,0.027934494,0.002540332
X670_Group3E_142dpi_LV_bottom_205_G_D9_P132.mzXML,670,Group3E,infected,142,LV_bottom,D9,P132,0.046245798,0.044216359,0.001810607,0.004516918,0.003264402
X670_Group3E_142dpi_LV_top_205_G_D9_P128.mzXML,670,Group3E,infected,142,LV_top,D9,P128,0.013718034,0.027418098,0.000596732,0.00326178,0.0000623
X670_Group3E_142dpi_RA_205_G_D9_P124.mzXML,670,Group3E,infected,142,RA,D9,P124,0.029771576,0.030465794,0.000477303,0.008640208,0.002907744
X670_Group3E_142dpi_RV_bottom_205_G_D9_P140.mzXML,670,Group3E,infected,142,RV_bottom,D9,P140,0.009917605,0.00940178,0,0,0
X670_Group3E_142dpi_RV_top_205_G_D9_P136.mzXML,670,Group3E,infected,142,RV_top,D9,P136,0.018753085,0.015342243,0.000272379,0.0000737,0
X751_Group3E_142dpi_LA_226_G_F6_P120.mzXML,751,Group3E,infected,142,LA,F6,P120,0.057980959,0.044541451,0.000977282,0.011732424,0.003757619
X751_Group3E_142dpi_LV_bottom_226_G_F6_P132.mzXML,751,Group3E,infected,142,LV_bottom,F6,P132,0.042614101,0.04887115,0.001868185,0.002973236,0.001972893
X751_Group3E_142dpi_LV_top_226_G_F6_P128.mzXML,751,Group3E,infected,142,LV_top,F6,P128,0.058006258,0.083573679,0.001697932,0.014000963,0.006949185
X751_Group3E_142dpi_RA_226_G_F6_P124.mzXML,751,Group3E,infected,142,RA,F6,P124,0.058015493,0.055708437,0.000765283,0.008750499,0.001449073
X751_Group3E_142dpi_RV_bottom_226_G_F6_P140.mzXML,751,Group3E,infected,142,RV_bottom,F6,P140,0.016335059,0.01814751,0.000332725,0.000260947,0.0001281
X751_Group3E_142dpi_RV_top_226_G_F6_P136.mzXML,751,Group3E,infected,142,RV_top,F6,P136,0.044292743,0.042069384,0.001250248,0.015092129,0.005248017
X752_Group3E_142dpi_LA_227_G_F7_P120.mzXML,752,Group3E,infected,142,LA,F7,P120,0.047142176,0.047333465,0.001792991,0.015201057,0.00658285
X752_Group3E_142dpi_LV_bottom_227_G_F7_P132.mzXML,752,Group3E,infected,142,LV_bottom,F7,P132,0.020566991,0.02700585,0.000453372,0.003795169,0.00402634
X752_Group3E_142dpi_LV_top_227_G_F7_P128.mzXML,752,Group3E,infected,142,LV_top,F7,P128,0.063475102,0.092276787,0.001440442,0.01448608,0.009926635
X752_Group3E_142dpi_RA_227_G_F7_P124.mzXML,752,Group3E,infected,142,RA,F7,P124,0.048355152,5.36E-02,0.001097576,0.004082002,0.002340524
X752_Group3E_142dpi_RV_bottom_227_G_F7_P140.mzXML,752,Group3E,infected,142,RV_bottom,F7,P140,0.006695043,0.006900587,0,0.00043091,0
X752_Group3E_142dpi_RV_top_227_G_F7_P136.mzXML,752,Group3E,infected,142,RV_top,F7,P136,0.019104633,0.019862499,0.000800215,0.006109785,0.003366342
X753_Group3E_142dpi_LA_228_G_F8_P120.mzXML,753,Group3E,infected,142,LA,F8,P120,0.032562852,2.26E-02,0.000215714,0.002434439,0.000216528
X753_Group3E_142dpi_LV_bottom_228_G_F8_P132.mzXML,753,Group3E,infected,142,LV_bottom,F8,P132,0.033180638,0.037566264,0.001379367,0.002327283,0.00251067
X753_Group3E_142dpi_LV_top_228_G_F8_P128.mzXML,753,Group3E,infected,142,LV_top,F8,P128,0.042170051,0.056156642,0.001133357,0.024891425,0.016726286
X753_Group3E_142dpi_RA_228_G_F8_P124.mzXML,753,Group3E,infected,142,RA,F8,P124,0.031446067,0.03210494,0.00080894,0.017815617,0.011696208
X753_Group3E_142dpi_RV_bottom_228_G_F8_P140.mzXML,753,Group3E,infected,142,RV_bottom,F8,P140,0.015049297,0.01562038,0.000250894,0.02300142,0.005810353
X753_Group3E_142dpi_RV_top_228_G_F8_P136.mzXML,753,Group3E,infected,142,RV_top,F8,P136,0.032575379,0.024944813,0.000264527,0.002440796,0.001635274
X754_Group3E_142dpi_LA_229_G_F9_P120.mzXML,754,Group3E,infected,142,LA,F9,P120,0.032560623,0.027668367,0.000645376,0.006248219,0.000793925
X754_Group3E_142dpi_LV_bottom_229_G_F9_P132.mzXML,754,Group3E,infected,142,LV_bottom,F9,P132,0.023143066,0.029761619,0.000706995,0.00370845,0.003977562
X754_Group3E_142dpi_LV_top_229_G_F9_P128.mzXML,754,Group3E,infected,142,LV_top,F9,P128,0.046365876,0.069099617,0.002317175,0.017519673,0.005500732
X754_Group3E_142dpi_RA_229_G_F9_P124.mzXML,754,Group3E,infected,142,RA,F9,P124,0.028991312,0.0325316,0.000706669,0.005969374,0.005093265
X754_Group3E_142dpi_RV_bottom_229_G_F9_P140.mzXML,754,Group3E,infected,142,RV_bottom,F9,P140,0.01147478,0.012824873,0.000294671,0,0
X754_Group3E_142dpi_RV_top_229_G_F9_P136.mzXML,754,Group3E,infected,142,RV_top,F9,P136,0.020753085,0.017892875,0.000393003,0.001753509,0.000831877
X755_Group3E_142dpi_LA_230_G_F10_P120.mzXML,755,Group3E,infected,142,LA,F10,P120,0.023211022,0.019350759,0.000924843,0.013502653,0.000451458
X755_Group3E_142dpi_LV_bottom_230_G_F10_P132.mzXML,755,Group3E,infected,142,LV_bottom,F10,P132,0.02717071,0.028640664,0.001022373,0.001074855,0.000866407
X755_Group3E_142dpi_LV_top_230_G_F10_P128.mzXML,755,Group3E,infected,142,LV_top,F10,P128,0.045446621,5.41E-02,0.002026782,0.022041234,0.032221886
X755_Group3E_142dpi_RA_230_G_F10_P124.mzXML,755,Group3E,infected,142,RA,F10,P124,0.043287783,4.78E-02,0.000622025,0.004743727,0.000196872
X755_Group3E_142dpi_RV_bottom_230_G_F10_P140.mzXML,755,Group3E,infected,142,RV_bottom,F10,P140,0.009684411,0.01153915,0,0,0
X755_Group3E_142dpi_RV_top_230_G_F10_P136.mzXML,755,Group3E,infected,142,RV_top,F10,P136,0.021125575,0.018483706,0.000612078,0.008863277,0.000593109
