filename,MouseID,Treatmentgroup,DPI,organ,well_position,plate,mass_400,mass_500,mass_600,mass_700,mass_800
X511_Group1C_142dpi_LA_161_G_A1_P120.mzXML,511,naive,142dpi,LA,A1,P120,0.002077955,0.002490702,0,0.000232453,0.000149389
X511_Group1C_142dpi_LV_bottom_161_G_A1_P132.mzXML,511,naive,142dpi,LV_bottom,A1,P132,0.002386624,0.006808896,0.000837413,0.000237425,0
X511_Group1C_142dpi_LV_top_161_G_A1_P128.mzXML,511,naive,142dpi,LV_top,A1,P128,0.007457554,0.027445968,0.000521874,0.000673111,0
X511_Group1C_142dpi_RA_161_G_A1_P124.mzXML,511,naive,142dpi,RA,A1,P124,0.000654335,0.003736275,0,0.00083227,0
X511_Group1C_142dpi_RV_bottom_161_G_A1_P140.mzXML,511,naive,142dpi,RV_bottom,A1,P140,0.011070737,0.001992138,0,0,0
X511_Group1C_142dpi_RV_top_161_G_A1_P136.mzXML,511,naive,142dpi,RV_top,A1,P136,0.000569869,0.002178443,0,0,0
X512_Group1C_142dpi_LA_162_G_A2_P120.mzXML,512,naive,142dpi,LA,A2,P120,0.001422483,0.001827962,0.0000259,0.000955615,0
X512_Group1C_142dpi_LV_bottom_162_G_A2_P132.mzXML,512,naive,142dpi,LV_bottom,A2,P132,0.001949328,5.01E-03,0.000781512,0.000308839,0.00011588
X512_Group1C_142dpi_LV_top_162_G_A2_P128.mzXML,512,naive,142dpi,LV_top,A2,P128,0.008515695,0.027412065,0.000255829,0.000566018,0
X512_Group1C_142dpi_RA_162_G_A2_P124.mzXML,512,naive,142dpi,RA,A2,P124,0.001902661,7.22E-03,0,0.003141999,0
X512_Group1C_142dpi_RV_bottom_162_G_A2_P140.mzXML,512,naive,142dpi,RV_bottom,A2,P140,0.018662542,0.003579901,0,0,0
X512_Group1C_142dpi_RV_top_162_G_A2_P136.mzXML,512,naive,142dpi,RV_top,A2,P136,0.000509792,0.002042879,0,0,0
X513_Group1C_142dpi_LA_163_G_A3_P120.mzXML,513,naive,142dpi,LA,A3,P120,0.000422008,0.001031656,0.0000461,0,0
X513_Group1C_142dpi_LV_bottom_163_G_A3_P132.mzXML,513,naive,142dpi,LV_bottom,A3,P132,0.001434203,4.69E-03,0.000345234,0.000658709,0
X513_Group1C_142dpi_LV_top_163_G_A3_P128.mzXML,513,naive,142dpi,LV_top,A3,P128,0.008847471,0.03699675,0,7.03E-03,0.000523528
X513_Group1C_142dpi_RA_163_G_A3_P124.mzXML,513,naive,142dpi,RA,A3,P124,0.005683259,6.81E-03,0.000069,0.010410065,0.000484937
X513_Group1C_142dpi_RV_bottom_163_G_A3_P140.mzXML,513,naive,142dpi,RV_bottom,A3,P140,0.012768515,0.002431946,0,0,0
X513_Group1C_142dpi_RV_top_163_G_A3_P136.mzXML,513,naive,142dpi,RV_top,A3,P136,0.000816324,0.002407532,0.0000479,0,0
X514_Group1C_142dpi_LA_164_G_A4_P120.mzXML,514,naive,142dpi,LA,A4,P120,0.00186151,0.002679198,0.0000195,0.001053337,0.0000818
X514_Group1C_142dpi_LV_bottom_164_G_A4_P132.mzXML,514,naive,142dpi,LV_bottom,A4,P132,0.001641283,3.34E-03,0.000589426,0.0000834,0
X514_Group1C_142dpi_LV_top_164_G_A4_P128.mzXML,514,naive,142dpi,LV_top,A4,P128,0.006734363,0.018650592,0.000214131,0,0
X514_Group1C_142dpi_RA_164_G_A4_P124.mzXML,514,naive,142dpi,RA,A4,P124,0.004470928,0.004333828,0.000201159,0.001951171,0
X514_Group1C_142dpi_RV_bottom_164_G_A4_P140.mzXML,514,naive,142dpi,RV_bottom,A4,P140,0.000315233,0.003336661,0,0.0000606,0
X514_Group1C_142dpi_RV_top_164_G_A4_P136.mzXML,514,naive,142dpi,RV_top,A4,P136,0.000301313,0.002019899,0,0,0
X515_Group1C_142dpi_LA_165_G_A5_P120.mzXML,515,naive,142dpi,LA,A5,P120,0.001966674,0.002742174,0.00002,0.000639894,0.00015191
X515_Group1C_142dpi_LV_bottom_165_G_A5_P132.mzXML,515,naive,142dpi,LV_bottom,A5,P132,0.001665581,0.005882812,0.000535521,0,0
X515_Group1C_142dpi_LV_top_165_G_A5_P128.mzXML,515,naive,142dpi,LV_top,A5,P128,0.012388772,0.034749768,0.000635973,6.52E-03,0.000621587
X515_Group1C_142dpi_RA_165_G_A5_P124.mzXML,515,naive,142dpi,RA,A5,P124,0.00050434,2.66E-03,0,0.000772434,0
X515_Group1C_142dpi_RV_bottom_165_G_A5_P140.mzXML,515,naive,142dpi,RV_bottom,A5,P140,0.000593772,0.004155339,0,0,0
X515_Group1C_142dpi_RV_top_165_G_A5_P136.mzXML,515,naive,142dpi,RV_top,A5,P136,0.001533985,0.002727735,0.0000935,0,0
X531_Group1C_142dpi_LA_166_G_A6_P120.mzXML,531,naive,142dpi,LA,A6,P120,0.001182584,0.001621899,0.0000375,0,0
X531_Group1C_142dpi_LV_bottom_166_G_A6_P132.mzXML,531,naive,142dpi,LV_bottom,A6,P132,0.001219054,3.26E-03,0.000628733,0.000790339,0.0000656
X531_Group1C_142dpi_LV_top_166_G_A6_P128.mzXML,531,naive,142dpi,LV_top,A6,P128,0.012357413,0.031136552,0.000643272,0.007864901,0.000467785
X531_Group1C_142dpi_RA_166_G_A6_P124.mzXML,531,naive,142dpi,RA,A6,P124,0.003767551,9.47E-03,0,2.65E-03,0
X531_Group1C_142dpi_RV_bottom_166_G_A6_P140.mzXML,531,naive,142dpi,RV_bottom,A6,P140,0.000452,0.004626188,0,0,0
X531_Group1C_142dpi_RV_top_166_G_A6_P136.mzXML,531,naive,142dpi,RV_top,A6,P136,0.000153049,0.000965296,0,0.000247528,0
X532_Group1C_142dpi_LA_167_G_A7_P120.mzXML,532,naive,142dpi,LA,A7,P120,0.001504649,0.001894215,0.0000566,1.06E-04,0
X532_Group1C_142dpi_LV_bottom_167_G_A7_P132.mzXML,532,naive,142dpi,LV_bottom,A7,P132,0.001795573,0.004772157,0.000495074,0,0
X532_Group1C_142dpi_LV_top_167_G_A7_P128.mzXML,532,naive,142dpi,LV_top,A7,P128,0.009592636,0.022187879,0.000253102,0.001157849,0.0000847
X532_Group1C_142dpi_RA_167_G_A7_P124.mzXML,532,naive,142dpi,RA,A7,P124,0.001517949,0.011335882,0,0.005563492,0
X532_Group1C_142dpi_RV_bottom_167_G_A7_P140.mzXML,532,naive,142dpi,RV_bottom,A7,P140,0.000172605,0.002749717,0,0,0
X532_Group1C_142dpi_RV_top_167_G_A7_P136.mzXML,532,naive,142dpi,RV_top,A7,P136,0.0000755,0.00121312,0,0,0
X533_Group1C_142dpi_LA_168_G_A8_P120.mzXML,533,naive,142dpi,LA,A8,P120,0.000233053,0.000824168,0,0,0
X533_Group1C_142dpi_LV_bottom_168_G_A8_P132.mzXML,533,naive,142dpi,LV_bottom,A8,P132,0.002234918,5.42E-03,0.000413138,0.000325774,0.0000637
X533_Group1C_142dpi_LV_top_168_G_A8_P128.mzXML,533,naive,142dpi,LV_top,A8,P128,0.009171067,0.032161322,0.000284424,3.15E-03,0.0000814
X533_Group1C_142dpi_RA_168_G_A8_P124.mzXML,533,naive,142dpi,RA,A8,P124,0.001959477,4.74E-03,0.000112444,0.00332913,0
X533_Group1C_142dpi_RV_bottom_168_G_A8_P140.mzXML,533,naive,142dpi,RV_bottom,A8,P140,0.000379485,0.002792147,0,0,0
X533_Group1C_142dpi_RV_top_168_G_A8_P136.mzXML,533,naive,142dpi,RV_top,A8,P136,0.000145535,0.001532144,0,0,0
X534_Group1C_142dpi_LA_169_G_A9_P120.mzXML,534,naive,142dpi,LA,A9,P120,0.001368836,0.002097561,0.0000231,0.000500256,0.0000772
X534_Group1C_142dpi_LV_bottom_169_G_A9_P132.mzXML,534,naive,142dpi,LV_bottom,A9,P132,0.001583809,0.004293131,0.000414748,0.000274422,0.000033
X534_Group1C_142dpi_LV_top_169_G_A9_P128.mzXML,534,naive,142dpi,LV_top,A9,P128,0.005449869,0.021174059,0.000278587,0.001512774,0
X534_Group1C_142dpi_RA_169_G_A9_P124.mzXML,534,naive,142dpi,RA,A9,P124,0.002994415,0.0115363,0,0.000541951,0
X534_Group1C_142dpi_RV_bottom_169_G_A9_P140.mzXML,534,naive,142dpi,RV_bottom,A9,P140,0.018867684,0.004707539,0,0,0
X534_Group1C_142dpi_RV_top_169_G_A9_P136.mzXML,534,naive,142dpi,RV_top,A9,P136,0.001038047,0.004464137,0,0,0
X535_Group1C_142dpi_LA_170_G_A10_P120.mzXML,535,naive,142dpi,LA,A10,P120,0.000696004,0.002011549,0.0000295,0.002329258,0.0000848
X535_Group1C_142dpi_LV_bottom_170_G_A10_P132.mzXML,535,naive,142dpi,LV_bottom,A10,P132,0.000870789,0.004582205,0.000116844,0.000674013,0
X535_Group1C_142dpi_LV_top_170_G_A10_P128.mzXML,535,naive,142dpi,LV_top,A10,P128,0.005808289,0.018638456,0.00013729,0.000396516,0
X535_Group1C_142dpi_RA_170_G_A10_P124.mzXML,535,naive,142dpi,RA,A10,P124,0.000303758,0.002895742,0,0.000888971,0
X535_Group1C_142dpi_RV_bottom_170_G_A10_P140.mzXML,535,naive,142dpi,RV_bottom,A10,P140,0.000431413,0.003617499,0,0,0
X535_Group1C_142dpi_RV_top_170_G_A10_P136.mzXML,535,naive,142dpi,RV_top,A10,P136,0.000436314,0.001584317,0,0,0
X551_Group1C_142dpi_LA_171_G_A11_P120.mzXML,551,naive,142dpi,LA,A11,P120,0.001927404,0.003465862,0.0000735,0.001539389,0.000180591
X551_Group1C_142dpi_LV_bottom_171_G_A11_P132.mzXML,551,naive,142dpi,LV_bottom,A11,P132,0.002084659,0.005846914,0.000529472,0.000333558,0
X551_Group1C_142dpi_LV_top_171_G_A11_P128.mzXML,551,naive,142dpi,LV_top,A11,P128,0.009907023,2.17E-02,0.000270569,0.002303199,0.000225835
X551_Group1C_142dpi_RA_171_G_A11_P124.mzXML,551,naive,142dpi,RA,A11,P124,0.004739988,1.14E-02,0,0.012963938,0.0000822
X551_Group1C_142dpi_RV_bottom_171_G_A11_P140.mzXML,551,naive,142dpi,RV_bottom,A11,P140,0.000255216,0.002688105,0,0,0
X551_Group1C_142dpi_RV_top_171_G_A11_P136.mzXML,551,naive,142dpi,RV_top,A11,P136,0,0.000759807,0,0,0
X552_Group1C_142dpi_LA_172_G_A12_P120.mzXML,552,naive,142dpi,LA,A12,P120,0.001847992,0.003467323,0,0.002499821,0.000089
X552_Group1C_142dpi_LV_bottom_172_G_A12_P132.mzXML,552,naive,142dpi,LV_bottom,A12,P132,0.00207546,0.005936022,0.000346977,0.000996804,0.000134158
X552_Group1C_142dpi_LV_top_172_G_A12_P128.mzXML,552,naive,142dpi,LV_top,A12,P128,0.007681753,0.018423849,0.000246572,0.000162443,0
X552_Group1C_142dpi_RA_172_G_A12_P124.mzXML,552,naive,142dpi,RA,A12,P124,0.000859999,4.18E-03,0,0.000440698,0
X552_Group1C_142dpi_RV_bottom_172_G_A12_P140.mzXML,552,naive,142dpi,RV_bottom,A12,P140,0.000625182,0.00367602,0,0,0
X552_Group1C_142dpi_RV_top_172_G_A12_P136.mzXML,552,naive,142dpi,RV_top,A12,P136,0.001382608,0.004233342,0,0,0
X553_Group1C_142dpi_LA_173_G_B1_P120.mzXML,553,naive,142dpi,LA,B1,P120,0.002746289,0.00415747,0.000101723,0.002059262,0.000232048
X553_Group1C_142dpi_LV_bottom_173_G_B1_P132.mzXML,553,naive,142dpi,LV_bottom,B1,P132,0.002481509,6.47E-03,0.000684149,0.000505311,0.0000919
X553_Group1C_142dpi_LV_top_173_G_B1_P128.mzXML,553,naive,142dpi,LV_top,B1,P128,0.005759053,0.024849978,0.000365955,0.012059818,0.001416417
X553_Group1C_142dpi_RA_173_G_B1_P124.mzXML,553,naive,142dpi,RA,B1,P124,0.001795163,0.00316538,0.000113822,0.002203896,0
X553_Group1C_142dpi_RV_bottom_173_G_B1_P140.mzXML,553,naive,142dpi,RV_bottom,B1,P140,0.000336561,0.002081335,0,0,0
X553_Group1C_142dpi_RV_top_173_G_B1_P136.mzXML,553,naive,142dpi,RV_top,B1,P136,0.000741191,0.003148006,0,0.000310199,0
X554_Group1C_142dpi_LA_174_G_B2_P120.mzXML,554,naive,142dpi,LA,B2,P120,0.000427877,0.0013953,0.00010639,0.000836145,0
X554_Group1C_142dpi_LV_bottom_174_G_B2_P132.mzXML,554,naive,142dpi,LV_bottom,B2,P132,0.001082505,0.003909082,0.000187725,0.000388151,0
X554_Group1C_142dpi_LV_top_174_G_B2_P128.mzXML,554,naive,142dpi,LV_top,B2,P128,0.009423142,0.03224386,0.000223252,0.000894712,0
X554_Group1C_142dpi_RA_174_G_B2_P124.mzXML,554,naive,142dpi,RA,B2,P124,0.003370242,0.003699897,0,0.003042212,0.0000223
X554_Group1C_142dpi_RV_bottom_174_G_B2_P140.mzXML,554,naive,142dpi,RV_bottom,B2,P140,0.000445159,0.002118063,0,0,0
X554_Group1C_142dpi_RV_top_174_G_B2_P136.mzXML,554,naive,142dpi,RV_top,B2,P136,0.001008741,0.002326894,0.000104976,0,0
X555_Group1C_142dpi_LA_175_G_B3_P120.mzXML,555,naive,142dpi,LA,B3,P120,0.002605183,0.002725392,0,0.000988586,0.000120159
X555_Group1C_142dpi_LV_bottom_175_G_B3_P132.mzXML,555,naive,142dpi,LV_bottom,B3,P132,0.001589865,5.42E-03,0.000610133,0.002240806,0.000166443
X555_Group1C_142dpi_LV_top_175_G_B3_P128.mzXML,555,naive,142dpi,LV_top,B3,P128,0.008509249,0.037236989,0.000303505,7.89E-03,0.000756203
X555_Group1C_142dpi_RA_175_G_B3_P124.mzXML,555,naive,142dpi,RA,B3,P124,0.001475775,5.55E-03,0,1.72E-03,0
X555_Group1C_142dpi_RV_bottom_175_G_B3_P140.mzXML,555,naive,142dpi,RV_bottom,B3,P140,0.000419589,0.002446562,0,0,0
X555_Group1C_142dpi_RV_top_175_G_B3_P136.mzXML,555,naive,142dpi,RV_top,B3,P136,0.00075861,0.00187871,0.00009,0,0
X581_Group3E_142dpi_LA_176_G_B4_P120.mzXML,581,infected,142dpi,LA,B4,P120,0.003182039,0.003871148,0.000111846,0.000657259,0
X581_Group3E_142dpi_LV_bottom_176_G_B4_P132.mzXML,581,infected,142dpi,LV_bottom,B4,P132,0.002222101,4.49E-03,0.000513737,7.95E-05,0.000163421
X581_Group3E_142dpi_LV_top_176_G_B4_P128.mzXML,581,infected,142dpi,LV_top,B4,P128,0.00770625,0.030149069,0.000641527,0.010259495,0.00112626
X581_Group3E_142dpi_RA_176_G_B4_P124.mzXML,581,infected,142dpi,RA,B4,P124,0.010463229,0.020277467,3.12E-05,0.00424954,0
X581_Group3E_142dpi_RV_bottom_176_G_B4_P140.mzXML,581,infected,142dpi,RV_bottom,B4,P140,0.014356123,0.001996371,0,0,0
X581_Group3E_142dpi_RV_top_176_G_B4_P136.mzXML,581,infected,142dpi,RV_top,B4,P136,0.002105318,0.004538325,0,0,0
X582_Group3E_142dpi_LA_177_G_B5_P120.mzXML,582,infected,142dpi,LA,B5,P120,0.003804928,0.001831666,0.000019,0.000824241,0
X582_Group3E_142dpi_LV_bottom_177_G_B5_P132.mzXML,582,infected,142dpi,LV_bottom,B5,P132,0.001739643,0.007251383,0.000362827,0.002699924,0.000707577
X582_Group3E_142dpi_LV_top_177_G_B5_P128.mzXML,582,infected,142dpi,LV_top,B5,P128,0.007974369,0.025127976,0.000396005,0.003305871,0.000477912
X582_Group3E_142dpi_RA_177_G_B5_P124.mzXML,582,infected,142dpi,RA,B5,P124,0.011081501,0.025045727,4.88E-05,0.008411663,0
X582_Group3E_142dpi_RV_bottom_177_G_B5_P140.mzXML,582,infected,142dpi,RV_bottom,B5,P140,0.011779334,0.00258527,0,0,0
X582_Group3E_142dpi_RV_top_177_G_B5_P136.mzXML,582,infected,142dpi,RV_top,B5,P136,0.000973754,0.004393339,0,0,0
X583_Group3E_142dpi_LA_178_G_B6_P120.mzXML,583,infected,142dpi,LA,B6,P120,0.001858255,0.002137595,0,0.0000702,0
X583_Group3E_142dpi_LV_bottom_178_G_B6_P132.mzXML,583,infected,142dpi,LV_bottom,B6,P132,0.001386222,4.66E-03,0.000276625,0.002056273,0.000102736
X583_Group3E_142dpi_LV_top_178_G_B6_P128.mzXML,583,infected,142dpi,LV_top,B6,P128,0.011100987,0.040626484,0.00038736,0.006965201,0
X583_Group3E_142dpi_RA_178_G_B6_P124.mzXML,583,infected,142dpi,RA,B6,P124,0.00370806,0.014433959,4.44E-05,0,0
X583_Group3E_142dpi_RV_bottom_178_G_B6_P140.mzXML,583,infected,142dpi,RV_bottom,B6,P140,0.000201895,0.002150646,0,0,0
X583_Group3E_142dpi_RV_top_178_G_B6_P136.mzXML,583,infected,142dpi,RV_top,B6,P136,0.000462391,0.002073038,0,0.000189585,0
X584_Group3E_142dpi_LA_179_G_B7_P120.mzXML,584,infected,142dpi,LA,B7,P120,0.001765435,0.002913983,0.0000459,0.000476821,0
X584_Group3E_142dpi_LV_bottom_179_G_B7_P132.mzXML,584,infected,142dpi,LV_bottom,B7,P132,0.00122159,0.003891675,0.000361526,0.000202556,0.000116045
X584_Group3E_142dpi_LV_top_179_G_B7_P128.mzXML,584,infected,142dpi,LV_top,B7,P128,0.001920445,0.004590532,0.000160346,0.000716275,0
X584_Group3E_142dpi_RA_179_G_B7_P124.mzXML,584,infected,142dpi,RA,B7,P124,0.000650048,4.21E-03,3.16E-05,0.015013471,0.000326066
X584_Group3E_142dpi_RV_bottom_179_G_B7_P140.mzXML,584,infected,142dpi,RV_bottom,B7,P140,0.000328386,0.002331377,0,0,0
X584_Group3E_142dpi_RV_top_179_G_B7_P136.mzXML,584,infected,142dpi,RV_top,B7,P136,0.000123065,0.000592476,0,0,0
X585_Group3E_142dpi_LA_180_G_B8_P120.mzXML,585,infected,142dpi,LA,B8,P120,0.000944339,0.00184154,0,0.000359929,0
X585_Group3E_142dpi_LV_bottom_180_G_B8_P132.mzXML,585,infected,142dpi,LV_bottom,B8,P132,0.001385315,0.005610814,0.000221267,0.001172862,0.0000268
X585_Group3E_142dpi_LV_top_180_G_B8_P128.mzXML,585,infected,142dpi,LV_top,B8,P128,0.005807323,2.39E-02,0.000553334,0.0053008,0.000258538
X585_Group3E_142dpi_RA_180_G_B8_P124.mzXML,585,infected,142dpi,RA,B8,P124,0.007332559,0.02168942,0,0.00854258,0
X585_Group3E_142dpi_RV_bottom_180_G_B8_P140.mzXML,585,infected,142dpi,RV_bottom,B8,P140,0.000298403,0.00170941,0,0.000161409,0
X585_Group3E_142dpi_RV_top_180_G_B8_P136.mzXML,585,infected,142dpi,RV_top,B8,P136,0.0000484,0.001140661,0,0,0
X611_Group9_142dpi_LA_181_G_B9_P120.mzXML,611,combo,142dpi,LA,B9,P120,0.002783635,0.003425629,0.0000456,0.000832183,0
X611_Group9_142dpi_LV_bottom_181_G_B9_P132.mzXML,611,combo,142dpi,LV_bottom,B9,P132,0.001062645,3.01E-03,0.000335309,0.000388805,0.0000277
X611_Group9_142dpi_LV_top_181_G_B9_P128.mzXML,611,combo,142dpi,LV_top,B9,P128,0.00624376,0.030362286,0.000331154,0.00344107,0.000859417
X611_Group9_142dpi_RA_181_G_B9_P124.mzXML,611,combo,142dpi,RA,B9,P124,0.001313951,2.90E-03,0,0.000360499,0
X611_Group9_142dpi_RV_bottom_181_G_B9_P140.mzXML,611,combo,142dpi,RV_bottom,B9,P140,0.000278261,0.002583873,0,0,0
X611_Group9_142dpi_RV_top_181_G_B9_P136.mzXML,611,combo,142dpi,RV_top,B9,P136,0.00032188,0.002367646,0,0,0
X612_Group9_142dpi_LA_182_G_B10_P120.mzXML,612,combo,142dpi,LA,B10,P120,0.0021599,0.001721661,0,0.000350532,0
X612_Group9_142dpi_LV_bottom_182_G_B10_P132.mzXML,612,combo,142dpi,LV_bottom,B10,P132,0.000811914,0.003326714,0.000184004,0,0
X612_Group9_142dpi_LV_top_182_G_B10_P128.mzXML,612,combo,142dpi,LV_top,B10,P128,0.005234528,0.02397661,0.000048,0,0
X612_Group9_142dpi_RA_182_G_B10_P124.mzXML,612,combo,142dpi,RA,B10,P124,0.001351687,0.007094888,0,0.001720036,0
X612_Group9_142dpi_RV_bottom_182_G_B10_P140.mzXML,612,combo,142dpi,RV_bottom,B10,P140,0.007279973,0.002345146,0,0,0
X612_Group9_142dpi_RV_top_182_G_B10_P136.mzXML,612,combo,142dpi,RV_top,B10,P136,0.00026965,0.002149282,0,0,0
X613_Group9_142dpi_LA_183_G_B11_P120.mzXML,613,combo,142dpi,LA,B11,P120,0.001764529,0.001513378,0.0000187,0.000700973,0
X613_Group9_142dpi_LV_bottom_183_G_B11_P132.mzXML,613,combo,142dpi,LV_bottom,B11,P132,0.001695508,4.86E-03,0.000274761,0.00026092,0.000210027
X613_Group9_142dpi_LV_top_183_G_B11_P128.mzXML,613,combo,142dpi,LV_top,B11,P128,0.009664593,0.024512572,0.000176687,0.001891457,0.000128239
X613_Group9_142dpi_RA_183_G_B11_P124.mzXML,613,combo,142dpi,RA,B11,P124,0.005236741,0.012265284,0.0000762,0.004143269,0
X613_Group9_142dpi_RV_bottom_183_G_B11_P140.mzXML,613,combo,142dpi,RV_bottom,B11,P140,0.000214267,0.003085388,0,0,0
X613_Group9_142dpi_RV_top_183_G_B11_P136.mzXML,613,combo,142dpi,RV_top,B11,P136,0.000535273,0.001191808,0,0,0
X614_Group9_142dpi_LA_184_G_B12_P120.mzXML,614,combo,142dpi,LA,B12,P120,0.001613998,0.001328994,0,0.001203537,0
X614_Group9_142dpi_LV_bottom_184_G_B12_P132.mzXML,614,combo,142dpi,LV_bottom,B12,P132,0.002129603,0.004932729,0.000528162,0,0
X614_Group9_142dpi_LV_top_184_G_B12_P128.mzXML,614,combo,142dpi,LV_top,B12,P128,0.00648264,2.11E-02,0.000488605,0.000470912,0
X614_Group9_142dpi_RA_184_G_B12_P124.mzXML,614,combo,142dpi,RA,B12,P124,0.003651434,0.005511553,0,0.000933502,0
X614_Group9_142dpi_RV_bottom_184_G_B12_P140.mzXML,614,combo,142dpi,RV_bottom,B12,P140,0.000269569,0.002893949,0,0,0
X614_Group9_142dpi_RV_top_184_G_B12_P136.mzXML,614,combo,142dpi,RV_top,B12,P136,0.000765517,0.002423287,0,0,0
X615_Group9_142dpi_LA_185_G_C1_P120.mzXML,615,combo,142dpi,LA,C1,P120,0.00174073,0.003000567,0.000077,0.000888956,0.000111877
X615_Group9_142dpi_LV_bottom_185_G_C1_P132.mzXML,615,combo,142dpi,LV_bottom,C1,P132,0.001465557,4.51E-03,0.000235537,0.000694272,0
X615_Group9_142dpi_LV_top_185_G_C1_P128.mzXML,615,combo,142dpi,LV_top,C1,P128,0.005064922,2.03E-02,0.00037431,0.006426943,0.000572521
X615_Group9_142dpi_RA_185_G_C1_P124.mzXML,615,combo,142dpi,RA,C1,P124,0.001423112,0.003741692,0.0000317,0.000356207,0
X615_Group9_142dpi_RV_bottom_185_G_C1_P140.mzXML,615,combo,142dpi,RV_bottom,C1,P140,0.000466307,0.00246708,0,0,0
X615_Group9_142dpi_RV_top_185_G_C1_P136.mzXML,615,combo,142dpi,RV_top,C1,P136,0.000446179,0.00210115,0,0,0
X631_Group15_142dpi_LA_191_G_C7_P120.mzXML,631,BNZ,142dpi,LA,C7,P120,0.002346225,0.003462907,0.000108091,0.00122732,0.000248173
X631_Group15_142dpi_LV_bottom_191_G_C7_P132.mzXML,631,BNZ,142dpi,LV_bottom,C7,P132,0.001476766,3.66E-03,0.00018969,2.07E-03,0.000152984
X631_Group15_142dpi_LV_top_191_G_C7_P128.mzXML,631,BNZ,142dpi,LV_top,C7,P128,0.004682804,2.05E-02,0.000196078,0.00055096,0
X631_Group15_142dpi_RA_191_G_C7_P124.mzXML,631,BNZ,142dpi,RA,C7,P124,0.0046348,8.13E-03,0,3.92E-04,0
X631_Group15_142dpi_RV_bottom_191_G_C7_P140.mzXML,631,BNZ,142dpi,RV_bottom,C7,P140,0.000065,0.001412829,0,0,0
X631_Group15_142dpi_RV_top_191_G_C7_P136.mzXML,631,BNZ,142dpi,RV_top,C7,P136,0.00035209,0.001562441,0,0,0
X632_Group15_142dpi_LA_192_G_C8_P120.mzXML,632,BNZ,142dpi,LA,C8,P120,0.001375996,0.001192738,0.0000484,0,0
X632_Group15_142dpi_LV_bottom_192_G_C8_P132.mzXML,632,BNZ,142dpi,LV_bottom,C8,P132,0.001389394,4.00E-03,0.000135987,0.001007187,0.000250384
X632_Group15_142dpi_LV_top_192_G_C8_P128.mzXML,632,BNZ,142dpi,LV_top,C8,P128,0.00609429,2.43E-02,0.000379999,0.000738291,0.000144442
X632_Group15_142dpi_RA_192_G_C8_P124.mzXML,632,BNZ,142dpi,RA,C8,P124,0.001145037,4.12E-03,0,1.28E-03,0
X632_Group15_142dpi_RV_bottom_192_G_C8_P140.mzXML,632,BNZ,142dpi,RV_bottom,C8,P140,0.000189248,0.002394802,0,0,0
X632_Group15_142dpi_RV_top_192_G_C8_P136.mzXML,632,BNZ,142dpi,RV_top,C8,P136,0.00018213,0.001866084,0,0,0
X633_Group15_142dpi_LA_193_G_C9_P120.mzXML,633,BNZ,142dpi,LA,C9,P120,0.0001801,0.000598382,0.0000228,0.0000832,0
X633_Group15_142dpi_LV_bottom_193_G_C9_P132.mzXML,633,BNZ,142dpi,LV_bottom,C9,P132,0.001608412,5.22E-03,0.000298048,0.00224483,0
X633_Group15_142dpi_LV_top_193_G_C9_P128.mzXML,633,BNZ,142dpi,LV_top,C9,P128,0.008367666,2.53E-02,0.000183671,0.001882418,0.000118409
X633_Group15_142dpi_RA_193_G_C9_P124.mzXML,633,BNZ,142dpi,RA,C9,P124,0.009590847,0.017267594,0,0.004839455,0.000117151
X633_Group15_142dpi_RV_bottom_193_G_C9_P140.mzXML,633,BNZ,142dpi,RV_bottom,C9,P140,0.000267683,0.003025456,0,0,0
X633_Group15_142dpi_RV_top_193_G_C9_P136.mzXML,633,BNZ,142dpi,RV_top,C9,P136,0.000184298,0.001427423,0,0,0
X634_Group15_142dpi_LA_194_G_C10_P120.mzXML,634,BNZ,142dpi,LA,C10,P120,0.001592335,0.001875963,0,0.000205292,0
X634_Group15_142dpi_LV_bottom_194_G_C10_P132.mzXML,634,BNZ,142dpi,LV_bottom,C10,P132,0.00127976,0.003361392,0.000188343,0.000359554,0.000036
X634_Group15_142dpi_LV_top_194_G_C10_P128.mzXML,634,BNZ,142dpi,LV_top,C10,P128,0.007930511,0.025540688,0.000324801,0,0
X634_Group15_142dpi_RA_194_G_C10_P124.mzXML,634,BNZ,142dpi,RA,C10,P124,0.005949973,0.015005459,0.000230937,0.005398365,0
X634_Group15_142dpi_RV_bottom_194_G_C10_P140.mzXML,634,BNZ,142dpi,RV_bottom,C10,P140,0.000138145,0.002116952,0,0,0
X634_Group15_142dpi_RV_top_194_G_C10_P136.mzXML,634,BNZ,142dpi,RV_top,C10,P136,0.000372491,0.001967608,0,0,0
X635_Group15_142dpi_LA_195_G_C11_P120.mzXML,635,BNZ,142dpi,LA,C11,P120,0.00059093,0.001170181,0,0.0001414,0
X635_Group15_142dpi_LV_bottom_195_G_C11_P132.mzXML,635,BNZ,142dpi,LV_bottom,C11,P132,0.000921027,0.003243058,0.000498397,0.000555126,0
X635_Group15_142dpi_LV_top_195_G_C11_P128.mzXML,635,BNZ,142dpi,LV_top,C11,P128,0.006251799,0.020864278,0,0.010541965,0
X635_Group15_142dpi_RA_195_G_C11_P124.mzXML,635,BNZ,142dpi,RA,C11,P124,0.00088604,3.95E-03,0,0.001458761,0
X635_Group15_142dpi_RV_bottom_195_G_C11_P140.mzXML,635,BNZ,142dpi,RV_bottom,C11,P140,0,0.002608427,0,0,0
X635_Group15_142dpi_RV_top_195_G_C11_P136.mzXML,635,BNZ,142dpi,RV_top,C11,P136,0.000264516,0.00173591,0,0,0
X666_Group3E_142dpi_LA_201_G_D5_P120.mzXML,666,infected,142dpi,LA,D5,P120,0.0024164,0.002967068,0,0.001067936,0
X666_Group3E_142dpi_LV_bottom_201_G_D5_P132.mzXML,666,infected,142dpi,LV_bottom,D5,P132,0.001502078,0.005147911,0.000250013,0.001024529,0.0000728
X666_Group3E_142dpi_LV_top_201_G_D5_P128.mzXML,666,infected,142dpi,LV_top,D5,P128,0.007239937,0.029319686,4.24E-04,0.018118516,0.000945717
X666_Group3E_142dpi_RA_201_G_D5_P124.mzXML,666,infected,142dpi,RA,D5,P124,0.002130889,0.003407951,0,0.009411127,0.000032
X666_Group3E_142dpi_RV_bottom_201_G_D5_P140.mzXML,666,infected,142dpi,RV_bottom,D5,P140,0.000150967,0.002384452,0,0,0
X666_Group3E_142dpi_RV_top_201_G_D5_P136.mzXML,666,infected,142dpi,RV_top,D5,P136,0.000636423,0.003249991,0,0.0000576,0
X667_Group3E_142dpi_LA_202_G_D6_P120.mzXML,667,infected,142dpi,LA,D6,P120,0.004351841,0.003273077,0.00002,0.001635049,0.000311349
X667_Group3E_142dpi_LV_bottom_202_G_D6_P132.mzXML,667,infected,142dpi,LV_bottom,D6,P132,0.000898835,0.004464547,0.0000766,0.000660477,0
X667_Group3E_142dpi_LV_top_202_G_D6_P128.mzXML,667,infected,142dpi,LV_top,D6,P128,0.008683059,0.038499006,0.000275666,0.004189625,0.000782938
X667_Group3E_142dpi_RA_202_G_D6_P124.mzXML,667,infected,142dpi,RA,D6,P124,0.003501736,0.005342402,0,0.0022928,0
X667_Group3E_142dpi_RV_bottom_202_G_D6_P140.mzXML,667,infected,142dpi,RV_bottom,D6,P140,0.000157554,0.002622815,0,0,0
X667_Group3E_142dpi_RV_top_202_G_D6_P136.mzXML,667,infected,142dpi,RV_top,D6,P136,0.000671128,0.002769636,0,0.000393872,0
X668_Group3E_142dpi_LA_203_G_D7_P120.mzXML,668,infected,142dpi,LA,D7,P120,0.002636841,0.003616622,0,0.001505071,0.000200553
X668_Group3E_142dpi_LV_bottom_203_G_D7_P132.mzXML,668,infected,142dpi,LV_bottom,D7,P132,0.001210896,0.004538624,0.000159301,0.000701975,0
X668_Group3E_142dpi_LV_top_203_G_D7_P128.mzXML,668,infected,142dpi,LV_top,D7,P128,0.00700408,0.027714844,0,0.003139064,0
X668_Group3E_142dpi_RA_203_G_D7_P124.mzXML,668,infected,142dpi,RA,D7,P124,0.002284882,0.007417578,4.04E-05,8.48E-03,0
X668_Group3E_142dpi_RV_bottom_203_G_D7_P140.mzXML,668,infected,142dpi,RV_bottom,D7,P140,0.00012717,0.00231413,0,0,0
X668_Group3E_142dpi_RV_top_203_G_D7_P136.mzXML,668,infected,142dpi,RV_top,D7,P136,0.000430006,0.00245932,0,0,0
X669_Group3E_142dpi_LA_204_G_D8_P120.mzXML,669,infected,142dpi,LA,D8,P120,0.002383023,0.003432886,0.0000816,0.002240275,0
X669_Group3E_142dpi_LV_bottom_204_G_D8_P132.mzXML,669,infected,142dpi,LV_bottom,D8,P132,0.001234798,0.004125246,0.000257433,0.000409967,0.0000716
X669_Group3E_142dpi_LV_top_204_G_D8_P128.mzXML,669,infected,142dpi,LV_top,D8,P128,0.002272943,0.005562702,0.000325345,1.80E-03,0.0000515
X669_Group3E_142dpi_RA_204_G_D8_P124.mzXML,669,infected,142dpi,RA,D8,P124,0.000998424,0.002437253,0,0.002812995,0
X669_Group3E_142dpi_RV_bottom_204_G_D8_P140.mzXML,669,infected,142dpi,RV_bottom,D8,P140,0.000126948,0.002443509,0,0,0
X669_Group3E_142dpi_RV_top_204_G_D8_P136.mzXML,669,infected,142dpi,RV_top,D8,P136,0.001096215,0.004951822,0,0.000244456,0
X670_Group3E_142dpi_LA_205_G_D9_P120.mzXML,670,infected,142dpi,LA,D9,P120,0.001486499,0.002254976,0,0.002053865,0.00017758
X670_Group3E_142dpi_LV_bottom_205_G_D9_P132.mzXML,670,infected,142dpi,LV_bottom,D9,P132,0.001471597,0.003995852,0.000196376,0,0.000103846
X670_Group3E_142dpi_LV_top_205_G_D9_P128.mzXML,670,infected,142dpi,LV_top,D9,P128,0.002018378,0.008356147,0.0000442,0,0
X670_Group3E_142dpi_RA_205_G_D9_P124.mzXML,670,infected,142dpi,RA,D9,P124,0.003766915,0.011081875,5.18E-05,0.000629076,0
X670_Group3E_142dpi_RV_bottom_205_G_D9_P140.mzXML,670,infected,142dpi,RV_bottom,D9,P140,0.010210036,0.002974515,0,0,0
X670_Group3E_142dpi_RV_top_205_G_D9_P136.mzXML,670,infected,142dpi,RV_top,D9,P136,0.000394392,0.002460555,0,0,0
X696_Group9_142dpi_LA_206_G_D10_P120.mzXML,696,combo,142dpi,LA,D10,P120,0.000337976,7.36E-04,0,0,0
X696_Group9_142dpi_LV_bottom_206_G_D10_P132.mzXML,696,combo,142dpi,LV_bottom,D10,P132,0.001083977,0.003967501,0,0.0000365,0
X696_Group9_142dpi_LV_top_206_G_D10_P128.mzXML,696,combo,142dpi,LV_top,D10,P128,0.006367099,0.017681215,0.000231809,0.00194749,0.000146315
X696_Group9_142dpi_RA_206_G_D10_P124.mzXML,696,combo,142dpi,RA,D10,P124,0.000531601,0.004115328,0,0.010825591,0
X696_Group9_142dpi_RV_bottom_206_G_D10_P140.mzXML,696,combo,142dpi,RV_bottom,D10,P140,0.000132232,0.002445518,0,0,0
X696_Group9_142dpi_RV_top_206_G_D10_P136.mzXML,696,combo,142dpi,RV_top,D10,P136,0.000360806,0.002265789,0,0,0
X697_Group9_142dpi_LA_207_G_D11_P120.mzXML,697,combo,142dpi,LA,D11,P120,0.001050271,1.03E-03,0,0,0
X697_Group9_142dpi_LV_bottom_207_G_D11_P132.mzXML,697,combo,142dpi,LV_bottom,D11,P132,0.001402901,0.006183046,0.000166631,0.000260642,0
X697_Group9_142dpi_LV_top_207_G_D11_P128.mzXML,697,combo,142dpi,LV_top,D11,P128,0.002399353,5.75E-03,0.000291966,0.002698221,0
X697_Group9_142dpi_RA_207_G_D11_P124.mzXML,697,combo,142dpi,RA,D11,P124,0.001041158,0.00475049,0,0.006247059,0.0000204
X697_Group9_142dpi_RV_bottom_207_G_D11_P140.mzXML,697,combo,142dpi,RV_bottom,D11,P140,0.000170649,0.002374383,0,0,0
X697_Group9_142dpi_RV_top_207_G_D11_P136.mzXML,697,combo,142dpi,RV_top,D11,P136,0.000194526,0.002148311,0,0,0
X698_Group9_142dpi_LA_208_G_D12_P120.mzXML,698,combo,142dpi,LA,D12,P120,0.001770978,2.45E-03,0,0.000940385,0
X698_Group9_142dpi_LV_bottom_208_G_D12_P132.mzXML,698,combo,142dpi,LV_bottom,D12,P132,0.001415367,0.003316345,0.000108669,0,0
X698_Group9_142dpi_LV_top_208_G_D12_P128.mzXML,698,combo,142dpi,LV_top,D12,P128,0.006393058,0.024657939,0.000140195,0.000879214,0
X698_Group9_142dpi_RA_208_G_D12_P124.mzXML,698,combo,142dpi,RA,D12,P124,0.001890196,0.006248327,0,0.017948616,0.000294877
X698_Group9_142dpi_RV_bottom_208_G_D12_P140.mzXML,698,combo,142dpi,RV_bottom,D12,P140,0.0000981,0.002207898,0,0,0
X698_Group9_142dpi_RV_top_208_G_D12_P136.mzXML,698,combo,142dpi,RV_top,D12,P136,0.000407232,0.002424928,0,0,0
X699_Group9_142dpi_LA_209_G_E1_P120.mzXML,699,combo,142dpi,LA,E1,P120,0.003831133,0.004760299,0.000135928,0.002288139,0.0000757
X699_Group9_142dpi_LV_bottom_209_G_E1_P132.mzXML,699,combo,142dpi,LV_bottom,E1,P132,0.001924595,0.005143229,0.00015914,0.000601471,0
X699_Group9_142dpi_LV_top_209_G_E1_P128.mzXML,699,combo,142dpi,LV_top,E1,P128,0.004417419,0.02598592,0.000143508,1.36E-02,0.002311562
X699_Group9_142dpi_RA_209_G_E1_P124.mzXML,699,combo,142dpi,RA,E1,P124,0.002015563,0.005454913,0,0.001926347,0
X699_Group9_142dpi_RV_bottom_209_G_E1_P140.mzXML,699,combo,142dpi,RV_bottom,E1,P140,0.0003298,0.002166461,0,0,0
X699_Group9_142dpi_RV_top_209_G_E1_P136.mzXML,699,combo,142dpi,RV_top,E1,P136,0.000367189,0.002607846,0,0,0
X700_Group9_142dpi_LA_210_G_E2_P120.mzXML,700,combo,142dpi,LA,E2,P120,0.003709793,0.006821428,0.00012055,0.005153266,0.000292134
X700_Group9_142dpi_LV_bottom_210_G_E2_P132.mzXML,700,combo,142dpi,LV_bottom,E2,P132,0.001460686,0.004244063,0.000285706,0.0000661,0.0000901
X700_Group9_142dpi_LV_top_210_G_E2_P128.mzXML,700,combo,142dpi,LV_top,E2,P128,0.01118388,0.032706861,0.00081296,1.64E-02,0.000436279
X700_Group9_142dpi_RA_210_G_E2_P124.mzXML,700,combo,142dpi,RA,E2,P124,0.010755077,1.04E-02,0,0.002804127,0
X700_Group9_142dpi_RV_bottom_210_G_E2_P140.mzXML,700,combo,142dpi,RV_bottom,E2,P140,0.000312214,0.002898432,0,0,0
X700_Group9_142dpi_RV_top_210_G_E2_P136.mzXML,700,combo,142dpi,RV_top,E2,P136,0.000178892,0.001818219,0,0,0
X716_Group15_142dpi_LA_216_G_E8_P120.mzXML,716,BNZ,142dpi,LA,E8,P120,0.000591894,0.001237021,0,0,0
X716_Group15_142dpi_LV_bottom_216_G_E8_P132.mzXML,716,BNZ,142dpi,LV_bottom,E8,P132,0.000950108,0.003730148,0,0.001132753,0.0000421
X716_Group15_142dpi_LV_top_216_G_E8_P128.mzXML,716,BNZ,142dpi,LV_top,E8,P128,0.011893198,0.022322169,0.000321172,0.006467595,0.000331555
X716_Group15_142dpi_RA_216_G_E8_P124.mzXML,716,BNZ,142dpi,RA,E8,P124,0.005294117,0.005468799,0.000127552,0.001634777,0
X716_Group15_142dpi_RV_bottom_216_G_E8_P140.mzXML,716,BNZ,142dpi,RV_bottom,E8,P140,0.017479238,0.002621634,0,0,0
X716_Group15_142dpi_RV_top_216_G_E8_P136.mzXML,716,BNZ,142dpi,RV_top,E8,P136,0.000315792,0.001505723,0,0,0
X717_Group15_142dpi_LA_217_G_E9_P120.mzXML,717,BNZ,142dpi,LA,E9,P120,0.000628128,0.001186251,0,0.001090241,0
X717_Group15_142dpi_LV_bottom_217_G_E9_P132.mzXML,717,BNZ,142dpi,LV_bottom,E9,P132,0.000885233,0.003251898,0.0000865,0,0
X717_Group15_142dpi_LV_top_217_G_E9_P128.mzXML,717,BNZ,142dpi,LV_top,E9,P128,0.008511754,0.024692489,0.000140217,0,0
X717_Group15_142dpi_RA_217_G_E9_P124.mzXML,717,BNZ,142dpi,RA,E9,P124,0.002665173,0.007183264,0,1.43E-03,0
X717_Group15_142dpi_RV_bottom_217_G_E9_P140.mzXML,717,BNZ,142dpi,RV_bottom,E9,P140,0.000344366,0.002474858,0,0,0
X717_Group15_142dpi_RV_top_217_G_E9_P136.mzXML,717,BNZ,142dpi,RV_top,E9,P136,0.00034229,0.002309171,0,0,0
X718_Group15_142dpi_LA_218_G_E10_P120.mzXML,718,BNZ,142dpi,LA,E10,P120,0.001364169,0.002309028,0,0.000973225,0
X718_Group15_142dpi_LV_bottom_218_G_E10_P132.mzXML,718,BNZ,142dpi,LV_bottom,E10,P132,0.001363281,0.005500268,0.0000986,0.001885564,0.0000875
X718_Group15_142dpi_LV_top_218_G_E10_P128.mzXML,718,BNZ,142dpi,LV_top,E10,P128,0.003621968,0.024563097,0,0.002080392,0
X718_Group15_142dpi_RA_218_G_E10_P124.mzXML,718,BNZ,142dpi,RA,E10,P124,0.001145335,0.006015767,2.42E-05,0.002506955,0
X718_Group15_142dpi_RV_bottom_218_G_E10_P140.mzXML,718,BNZ,142dpi,RV_bottom,E10,P140,0.00060947,0.004579832,0,0,0
X718_Group15_142dpi_RV_top_218_G_E10_P136.mzXML,718,BNZ,142dpi,RV_top,E10,P136,0.000298158,0.002169732,0,0,0
X719_Group15_142dpi_LA_219_G_E11_P120.mzXML,719,BNZ,142dpi,LA,E11,P120,0.001896093,0.002188046,0.0000242,0.000718581,0
X719_Group15_142dpi_LV_bottom_219_G_E11_P132.mzXML,719,BNZ,142dpi,LV_bottom,E11,P132,0.000916835,0.004062065,0,0.000061,0
X719_Group15_142dpi_LV_top_219_G_E11_P128.mzXML,719,BNZ,142dpi,LV_top,E11,P128,0.003737653,1.45E-02,0.0003056,0.006959895,0.000542014
X719_Group15_142dpi_RA_219_G_E11_P124.mzXML,719,BNZ,142dpi,RA,E11,P124,0.012438866,0.01472569,0.000477354,0.001333816,0
X719_Group15_142dpi_RV_bottom_219_G_E11_P140.mzXML,719,BNZ,142dpi,RV_bottom,E11,P140,0.000178069,0.00194783,0,0,0
X719_Group15_142dpi_RV_top_219_G_E11_P136.mzXML,719,BNZ,142dpi,RV_top,E11,P136,0.00036074,0.003396796,0,0.000246531,0
X720_Group15_142dpi_LA_220_G_E12_P120.mzXML,720,BNZ,142dpi,LA,E12,P120,0.000867146,0.001508218,0,0,0
X720_Group15_142dpi_LV_bottom_220_G_E12_P132.mzXML,720,BNZ,142dpi,LV_bottom,E12,P132,0.00099405,4.68E-03,0.000136572,0.001165957,0
X720_Group15_142dpi_LV_top_220_G_E12_P128.mzXML,720,BNZ,142dpi,LV_top,E12,P128,0.006483031,0.026892282,0.000720511,0.001803802,0.000445998
X720_Group15_142dpi_RA_220_G_E12_P124.mzXML,720,BNZ,142dpi,RA,E12,P124,0.00762919,0.011840259,0,0.000989143,0
X720_Group15_142dpi_RV_bottom_220_G_E12_P140.mzXML,720,BNZ,142dpi,RV_bottom,E12,P140,0.000275836,0.002912757,0,0,0
X720_Group15_142dpi_RV_top_220_G_E12_P136.mzXML,720,BNZ,142dpi,RV_top,E12,P136,0.001527913,0.004618996,0,0,0
X751_Group3E_142dpi_LA_226_G_F6_P120.mzXML,751,infected,142dpi,LA,F6,P120,0.001623204,0.002084003,0,0.000948279,0
X751_Group3E_142dpi_LV_bottom_226_G_F6_P132.mzXML,751,infected,142dpi,LV_bottom,F6,P132,0.001465284,0.004141659,0.000202241,0.000348033,0
X751_Group3E_142dpi_LV_top_226_G_F6_P128.mzXML,751,infected,142dpi,LV_top,F6,P128,0.005862788,0.025648657,0.000233532,0.005367512,0.0000497
X751_Group3E_142dpi_RA_226_G_F6_P124.mzXML,751,infected,142dpi,RA,F6,P124,0.011338511,0.018123618,0.000527748,0,0
X751_Group3E_142dpi_RV_bottom_226_G_F6_P140.mzXML,751,infected,142dpi,RV_bottom,F6,P140,0.000346352,0.002261944,0,0,0
X751_Group3E_142dpi_RV_top_226_G_F6_P136.mzXML,751,infected,142dpi,RV_top,F6,P136,0.00284146,0.008887495,0,0.001924834,0.000724215
X752_Group3E_142dpi_LA_227_G_F7_P120.mzXML,752,infected,142dpi,LA,F7,P120,0.001531886,0.002412509,0,0.000925587,0.000151768
X752_Group3E_142dpi_LV_bottom_227_G_F7_P132.mzXML,752,infected,142dpi,LV_bottom,F7,P132,0.000633482,0.004077569,0,0.000744383,0
X752_Group3E_142dpi_LV_top_227_G_F7_P128.mzXML,752,infected,142dpi,LV_top,F7,P128,0.008955573,0.031359081,0.000173171,0.002790791,0
X752_Group3E_142dpi_RA_227_G_F7_P124.mzXML,752,infected,142dpi,RA,F7,P124,0.004311037,5.87E-03,0.0000381,0.00090042,0
X752_Group3E_142dpi_RV_bottom_227_G_F7_P140.mzXML,752,infected,142dpi,RV_bottom,F7,P140,0.000161167,0.002267574,0,0,0
X752_Group3E_142dpi_RV_top_227_G_F7_P136.mzXML,752,infected,142dpi,RV_top,F7,P136,0.000664903,0.003959735,0,0.00058852,0.000102253
X753_Group3E_142dpi_LA_228_G_F8_P120.mzXML,753,infected,142dpi,LA,F8,P120,0.000608053,8.70E-04,0,0,0
X753_Group3E_142dpi_LV_bottom_228_G_F8_P132.mzXML,753,infected,142dpi,LV_bottom,F8,P132,0.001289179,0.004264533,0.0000339,0.000196109,0
X753_Group3E_142dpi_LV_top_228_G_F8_P128.mzXML,753,infected,142dpi,LV_top,F8,P128,0.004807144,0.02327324,0.000125781,0.018532792,0.00075828
X753_Group3E_142dpi_RA_228_G_F8_P124.mzXML,753,infected,142dpi,RA,F8,P124,0.001433183,0.005537921,0,0.00431505,0
X753_Group3E_142dpi_RV_bottom_228_G_F8_P140.mzXML,753,infected,142dpi,RV_bottom,F8,P140,0.000440472,0.003030276,0,0.000885563,0
X753_Group3E_142dpi_RV_top_228_G_F8_P136.mzXML,753,infected,142dpi,RV_top,F8,P136,0.00109501,0.007112991,0,0.000477194,0
X754_Group3E_142dpi_LA_229_G_F9_P120.mzXML,754,infected,142dpi,LA,F9,P120,0.00069218,0.001351519,0,0.0000972,0
X754_Group3E_142dpi_LV_bottom_229_G_F9_P132.mzXML,754,infected,142dpi,LV_bottom,F9,P132,0.000731768,0.003198521,0,0.000224952,0
X754_Group3E_142dpi_LV_top_229_G_F9_P128.mzXML,754,infected,142dpi,LV_top,F9,P128,0.006608647,0.020718858,0.000805279,0.001560383,0
X754_Group3E_142dpi_RA_229_G_F9_P124.mzXML,754,infected,142dpi,RA,F9,P124,0.000830768,0.004719166,0,0.002219404,0
X754_Group3E_142dpi_RV_bottom_229_G_F9_P140.mzXML,754,infected,142dpi,RV_bottom,F9,P140,0.000240445,0.00305751,0,0,0
X754_Group3E_142dpi_RV_top_229_G_F9_P136.mzXML,754,infected,142dpi,RV_top,F9,P136,0.00038439,0.002200604,0,0,0
X755_Group3E_142dpi_LA_230_G_F10_P120.mzXML,755,infected,142dpi,LA,F10,P120,0.000634235,0.001082745,0,0.000566075,0
X755_Group3E_142dpi_LV_bottom_230_G_F10_P132.mzXML,755,infected,142dpi,LV_bottom,F10,P132,0.000953232,0.003155758,0.0001996,0,0
X755_Group3E_142dpi_LV_top_230_G_F10_P128.mzXML,755,infected,142dpi,LV_top,F10,P128,0.002100443,7.59E-03,0.000482242,0.01047467,0.001108683
X755_Group3E_142dpi_RA_230_G_F10_P124.mzXML,755,infected,142dpi,RA,F10,P124,0.005090592,8.84E-03,0.000362419,0,0
X755_Group3E_142dpi_RV_bottom_230_G_F10_P140.mzXML,755,infected,142dpi,RV_bottom,F10,P140,0.009911927,0.001470668,0,0,0
X755_Group3E_142dpi_RV_top_230_G_F10_P136.mzXML,755,infected,142dpi,RV_top,F10,P136,0.000501509,0.001814986,0,0.000190467,0
X781_Group9_142dpi_LA_231_G_F11_P120.mzXML,781,combo,142dpi,LA,F11,P120,0.001551798,0.002182888,0,0.000267723,0
X781_Group9_142dpi_LV_bottom_231_G_F11_P132.mzXML,781,combo,142dpi,LV_bottom,F11,P132,0.000842396,0.002737058,0.000145792,0,0
X781_Group9_142dpi_LV_top_231_G_F11_P128.mzXML,781,combo,142dpi,LV_top,F11,P128,0.001330723,4.59E-03,0.000153607,0.00169812,0.000190696
X781_Group9_142dpi_RA_231_G_F11_P124.mzXML,781,combo,142dpi,RA,F11,P124,0.00494975,0.019298844,0,0.001644146,0
X781_Group9_142dpi_RV_bottom_231_G_F11_P140.mzXML,781,combo,142dpi,RV_bottom,F11,P140,0.000518473,0.002450936,0,0,0
X781_Group9_142dpi_RV_top_231_G_F11_P136.mzXML,781,combo,142dpi,RV_top,F11,P136,0.000423505,0.002945587,0,0,0
X782_Group9_142dpi_LA_232_G_F12_P120.mzXML,782,combo,142dpi,LA,F12,P120,0.0008428,1.29E-03,0,0,0
X782_Group9_142dpi_LV_bottom_232_G_F12_P132.mzXML,782,combo,142dpi,LV_bottom,F12,P132,0.001313667,0.004140448,0.0000454,0,0
X782_Group9_142dpi_LV_top_232_G_F12_P128.mzXML,782,combo,142dpi,LV_top,F12,P128,0.001984121,7.52E-03,0.000186044,0.000890778,0.000326271
X782_Group9_142dpi_RA_232_G_F12_P124.mzXML,782,combo,142dpi,RA,F12,P124,0.002716288,0.007778546,0,0.000811257,0
X782_Group9_142dpi_RV_bottom_232_G_F12_P140.mzXML,782,combo,142dpi,RV_bottom,F12,P140,0.000516055,0.004125776,0,0,0
X782_Group9_142dpi_RV_top_232_G_F12_P136.mzXML,782,combo,142dpi,RV_top,F12,P136,0.000408303,0.003076784,0,0.0000649,0
X783_Group9_142dpi_LA_233_G_G1_P120.mzXML,783,combo,142dpi,LA,G1,P120,0.001695478,0.001914254,0,0,0
X783_Group9_142dpi_LV_bottom_233_G_G1_P132.mzXML,783,combo,142dpi,LV_bottom,G1,P132,0.001682174,0.005174427,0.000162056,0.001105236,0.00017028
X783_Group9_142dpi_LV_top_233_G_G1_P128.mzXML,783,combo,142dpi,LV_top,G1,P128,0.003848343,0.00787102,0.000274015,0.005355796,0.000281382
X783_Group9_142dpi_RA_233_G_G1_P124.mzXML,783,combo,142dpi,RA,G1,P124,0.003492299,0.014049647,6.32E-05,0,0
X783_Group9_142dpi_RV_bottom_233_G_G1_P140.mzXML,783,combo,142dpi,RV_bottom,G1,P140,0.000288816,0.002990197,0,0,0
X783_Group9_142dpi_RV_top_233_G_G1_P136.mzXML,783,combo,142dpi,RV_top,G1,P136,0.000755155,0.002730894,0,0.000358026,0
X784_Group9_142dpi_LA_234_G_G2_P120.mzXML,784,combo,142dpi,LA,G2,P120,0.001015298,1.01E-03,0,0,0
X784_Group9_142dpi_LV_bottom_234_G_G2_P132.mzXML,784,combo,142dpi,LV_bottom,G2,P132,0.001333159,4.92E-03,0.000117959,0.000542336,0
X784_Group9_142dpi_LV_top_234_G_G2_P128.mzXML,784,combo,142dpi,LV_top,G2,P128,0.008439803,0.031820141,0.000229809,3.21E-03,0.000145121
X784_Group9_142dpi_RA_234_G_G2_P124.mzXML,784,combo,142dpi,RA,G2,P124,0.010592708,0.017130988,0,0.000639461,0
X784_Group9_142dpi_RV_bottom_234_G_G2_P140.mzXML,784,combo,142dpi,RV_bottom,G2,P140,0.000252958,0.002045549,0,0,0
X784_Group9_142dpi_RV_top_234_G_G2_P136.mzXML,784,combo,142dpi,RV_top,G2,P136,0.00049753,0.003452254,0,0.000067,0
X785_Group9_142dpi_LA_235_G_G3_P120.mzXML,785,combo,142dpi,LA,G3,P120,0.00408886,0.00488905,0.000217666,0.002034145,0.000222247
X785_Group9_142dpi_LV_bottom_235_G_G3_P132.mzXML,785,combo,142dpi,LV_bottom,G3,P132,0.00141472,0.00439639,0.0000343,0.002005957,0
X785_Group9_142dpi_LV_top_235_G_G3_P128.mzXML,785,combo,142dpi,LV_top,G3,P128,0.012026823,0.029775981,0.000290526,0.018035514,0.001581852
X785_Group9_142dpi_RA_235_G_G3_P124.mzXML,785,combo,142dpi,RA,G3,P124,0.001216809,0.00431749,0,0.000766749,0
X785_Group9_142dpi_RV_bottom_235_G_G3_P140.mzXML,785,combo,142dpi,RV_bottom,G3,P140,0.000312976,0.003218808,0,0,0
X785_Group9_142dpi_RV_top_235_G_G3_P136.mzXML,785,combo,142dpi,RV_top,G3,P136,0.000930824,0.004896156,0,0.001065028,0
X801_Group15_142dpi_LA_241_G_G9_P120.mzXML,801,BNZ,142dpi,LA,G9,P120,0.000921969,0.001712642,0,0.000825071,0
X801_Group15_142dpi_LV_bottom_241_G_G9_P132.mzXML,801,BNZ,142dpi,LV_bottom,G9,P132,0.000984632,0.003201915,0.0001287,0.000279521,0.0000615
X801_Group15_142dpi_LV_top_241_G_G9_P128.mzXML,801,BNZ,142dpi,LV_top,G9,P128,0.002434748,0.020153196,0.0000732,0,0
X801_Group15_142dpi_RA_241_G_G9_P124.mzXML,801,BNZ,142dpi,RA,G9,P124,0.002163037,4.80E-03,0.00026071,0.001097633,0
X801_Group15_142dpi_RV_bottom_241_G_G9_P140.mzXML,801,BNZ,142dpi,RV_bottom,G9,P140,0.00044238,0.002273473,0,0,0
X801_Group15_142dpi_RV_top_241_G_G9_P136.mzXML,801,BNZ,142dpi,RV_top,G9,P136,0.000461236,0.002329634,0,0.000210705,0
X802_Group15_142dpi_LA_242_G_G10_P120.mzXML,802,BNZ,142dpi,LA,G10,P120,0.001670379,0.002969716,0.0000386,0.001922137,0.000294969
X802_Group15_142dpi_LV_bottom_242_G_G10_P132.mzXML,802,BNZ,142dpi,LV_bottom,G10,P132,0.000670332,2.11E-03,0.00022002,1.06E-03,0.000102628
X802_Group15_142dpi_LV_top_242_G_G10_P128.mzXML,802,BNZ,142dpi,LV_top,G10,P128,0.006191115,2.06E-02,0.000720631,0.002177276,0.000510772
X802_Group15_142dpi_RA_242_G_G10_P124.mzXML,802,BNZ,142dpi,RA,G10,P124,0.00040735,2.23E-03,0,0.000786049,0
X802_Group15_142dpi_RV_bottom_242_G_G10_P140.mzXML,802,BNZ,142dpi,RV_bottom,G10,P140,0.000432847,0.003496355,0,0,0
X802_Group15_142dpi_RV_top_242_G_G10_P136.mzXML,802,BNZ,142dpi,RV_top,G10,P136,0.000394364,0.002541047,0,0.000105927,0
X803_Group15_142dpi_LA_243_G_G11_P120.mzXML,803,BNZ,142dpi,LA,G11,P120,0.001139409,2.46E-03,0.0000227,0.00232815,0.000236968
X803_Group15_142dpi_LV_bottom_243_G_G11_P132.mzXML,803,BNZ,142dpi,LV_bottom,G11,P132,0.00035727,0.00051008,0.00001806,0.00015721,0.0000201
X803_Group15_142dpi_LV_top_243_G_G11_P128.mzXML,803,BNZ,142dpi,LV_top,G11,P128,0.003243377,0.025865588,0.000244858,0.003054921,0
X803_Group15_142dpi_RA_243_G_G11_P124.mzXML,803,BNZ,142dpi,RA,G11,P124,0.00572182,0.008826802,0,0,0
X803_Group15_142dpi_RV_bottom_243_G_G11_P140.mzXML,803,BNZ,142dpi,RV_bottom,G11,P140,0.000394852,0.002737354,0,0,0
X803_Group15_142dpi_RV_top_243_G_G11_P136.mzXML,803,BNZ,142dpi,RV_top,G11,P136,0.000638008,0.002696531,0,0,0
X804_Group15_142dpi_LA_244_G_G12_P120.mzXML,804,BNZ,142dpi,LA,G12,P120,0.000204856,1.44E-03,0,1.50E-03,0
X804_Group15_142dpi_LV_bottom_244_G_G12_P132.mzXML,804,BNZ,142dpi,LV_bottom,G12,P132,0.00089994,0.003663062,0.0000507,0,0
X804_Group15_142dpi_LV_top_244_G_G12_P128.mzXML,804,BNZ,142dpi,LV_top,G12,P128,0.005800927,0.021280629,0.000191151,0.002421784,0
X804_Group15_142dpi_RA_244_G_G12_P124.mzXML,804,BNZ,142dpi,RA,G12,P124,0.000956452,0.003134981,0.0000408,0.000112778,0
X804_Group15_142dpi_RV_bottom_244_G_G12_P140.mzXML,804,BNZ,142dpi,RV_bottom,G12,P140,0.000443452,0.002942443,0,0,0
X804_Group15_142dpi_RV_top_244_G_G12_P136.mzXML,804,BNZ,142dpi,RV_top,G12,P136,0.001684435,0.006418673,0,0,0
X805_Group15_142dpi_LA_245_G_H1_P120.mzXML,805,BNZ,142dpi,LA,H1,P120,0.000933078,0.001332973,0,0.000323864,0
X805_Group15_142dpi_LV_bottom_245_G_H1_P132.mzXML,805,BNZ,142dpi,LV_bottom,H1,P132,0.001327666,0.004325574,0.000363913,0,0
X805_Group15_142dpi_LV_top_245_G_H1_P128.mzXML,805,BNZ,142dpi,LV_top,H1,P128,0.009645414,0.030768357,0.000831182,0.01320883,0.000869912
X805_Group15_142dpi_RA_245_G_H1_P124.mzXML,805,BNZ,142dpi,RA,H1,P124,0.000586962,0.004279801,0,0.001706468,0
X805_Group15_142dpi_RV_bottom_245_G_H1_P140.mzXML,805,BNZ,142dpi,RV_bottom,H1,P140,0.000476418,0.003287744,0,0,0
X805_Group15_142dpi_RV_top_245_G_H1_P136.mzXML,805,BNZ,142dpi,RV_top,H1,P136,0.000837679,0.003959346,0,0,0
