MouseID,Treatmentgroup,Heart.Weight..Body.Weight,Liver.Weight..Body.Weight,Ejection.Fraction,PR.Interval..s.,QTc..s.,P.Amplitude..V.,CD3.CD8.IFNg.,X268.105_0.35,X269.088_0.35,X105.07_2.767,X111.044_2.768,X132.102_0.307,X137.046_0.35,X142.035_0.315,X150.059_0.3,X200.165_3.207,X214.181_2.634,X226.181_2.61,X236.163_2.635,X242.212_2.78,X242.586_2.766,X249.112_2.768,X256.227_2.847,X267.123_2.767,X277.216_3.018,X278.186_2.23,X278.248_3.1,X280.264_3.159,X281.102_2.768,X285.133_2.768,X295.227_3.017,X298.2_2.676,X300.199_2.264,X303.648_2.884,X306.279_2.989,X306.279_3.212,X308.295_3.045,X324.29_3.082,X327.232_3.01,X348.288_3.044,X369.17_2.767,X387.181_2.767,X404.207_2.768,X406.154_2.765,X409.162_2.768,X415.14_2.768,X430.223_2.768,X446.218_2.884,X475.989_2.164,X476.24_2.164,X486.098_2.765,X489.228_2.768,X502.294_2.879,X506.255_3.172,X511.21_3.171,X522.357_2.957,X528.311_2.928,X544.34_2.89,X568.341_2.887,X570.357_2.934,X590.322_2.887,X599.241_2.765,X604.362_2.948,X608.227_2.768,X637.306_3.32,X654.332_3.32,X790.38_2.768,X792.329_2.764,X795.335_2.768,X801.313_2.768,X801.815_2.767
511,Group1C,0.006696429,0.051785714,62.285974,0.03963,0.04772,0.1057,0.0017,7.51E-05,0.000871259,0.00190924,0,0.003490413,0.011240313,0.001581173,0.000747561,0.004211084,0.001586551,0.002162012,0.00025774,0.000392103,5.91E-05,0,0.001145544,0.001828568,0.000104596,0.000190162,0.002877305,0.003909908,0.000145091,0.000822855,0.000591595,0.000304043,0.000656133,0.000277731,0.000172902,0.00028984,0.003952933,0.000356868,0.00022307,0.000238191,0.000271518,0.03205372,0.01559661,0.000202778,0.009357964,9.30E-05,0,6.17E-05,5.32E-05,5.64E-05,0,0.000325519,0.000962687,0.000287675,0.000294554,0.001694114,0.000142058,0.003001002,0.011240313,0.000790587,0.000370275,0,0.000145938,0,0.00575461,0.001102519,0.000639999,0,0.000401596,0,0
512,Group1C,0.00515873,0.046428571,17.061189,0.03691,0.04549,0.2438,0.0055,0.000185514,0.003687227,0.003084339,0,0.005181341,0.018174011,0.001598963,0.001092188,0.00346879,0.002070789,0.002892114,0.000237462,0.000243147,0,0,0.001380526,0.002874639,9.76E-05,0.000138069,0.00395809,0.005731803,0.000280733,0.001598963,0.001127138,0.000173791,0.000978601,0.000263982,0.000234178,0.000409174,0.005041541,0.000343583,0.000673001,0.0002054,0.000594555,0.05312403,0.02105739,0.000400763,0.013018883,0.000142348,0,7.25E-05,0.000275424,0.000302934,0,0.000969863,0.001502851,0.000120261,0.000279714,0.002787264,0.000381974,0.003294039,0.015989635,0.000996076,0.000263351,0,0.000208826,0,0.006090041,0.000786681,0.001197038,0,0.000721229,0,0
513,Group1C,0.005511811,0.054330709,69.058764,0.03464,0.0451,0.19,0.0206,0.000355581,0.00160445,0.003392904,0,0.002552184,0.008031874,0.000863239,0.000292784,0.00310766,0.001786529,0.003010076,0.000196124,0.000214431,0.000191719,0,0.001388688,0.003077634,7.81E-05,0,0.002844935,0.003993418,0.000405493,0.001673933,0.0008182,0.000400624,0.000524174,0.000135084,0.000101088,0.000330444,0.003760719,0.000282338,0.000368912,7.60E-05,0.000737524,0.06170281,0.02484626,0.0005878,0.018315675,0.000310273,0,8.73E-05,7.62E-05,7.42E-05,0,0.001456246,0.000737771,0.000263413,0.000202525,0.001463753,8.78E-05,0.001538817,0.00795681,0.000555471,7.62E-05,0.000118838,9.92E-05,6.90E-05,0.0053746,0.000915784,0.0016364,0,0.001163496,0,0
514,Group1C,0.007089552,0.055223881,53.7387055,0.03594,0.04636,0.205,-0.0016,0.000286947,0.002611662,0.003836795,0,0.00331593,0.015332507,0.001335175,0.000605679,0.005061928,0.001613948,0.001841368,0.000178534,0.000178983,0.000162312,0,0.001232469,0.003418636,0,8.21E-05,0.003235232,0.004541063,0.000396652,0.001782679,0.000652457,0.000450973,0.000619664,0.000191361,0.000167216,0.000273773,0.00380745,0.000182414,0.000496365,0,0.00081431,0.06602515,0.02839081,0.000806974,0.020834603,0.000277706,0,0.000188405,0.000138606,0.000142735,0,0.001782679,0.001027058,0.000160086,0.000258803,0.001459889,0.000189462,0.001892721,0.009463605,0.000740949,0.000231666,0.000166206,0.000183841,7.09E-05,0.006044969,0.000722235,0.002017435,0,0.001621284,0,0
515,Group1C,0.006122449,0.057959184,57.4564695,0.03792,0.04999,0.175,9.00E-04,6.00E-04,0.002565654,0.005321692,6.13E-05,0.004877462,0.016499965,0.001640931,0.000885523,0.005774988,0.002121424,0.003363454,0.00029593,0.000553766,0.000309602,0,0.00173159,0.004732407,8.01E-05,0,0.003200268,0.005013451,0.000695628,0.002801368,0.000942855,0.000647827,0.00065445,9.41E-05,0.000196375,0.000300736,0.004369771,0.000218176,0.00041519,0,0.001296426,0.0951921,0.03707959,0.001033514,0.032002678,0.000457694,0,0.000132479,0.000270862,0.000164603,0,0.002801368,0.001115107,0.000137506,0.000132597,0.001985435,0,0.002257413,0.010516461,0.000960987,0.000248401,0.00031864,0.000249838,0.000107036,0.00510411,0.00058206,0.002674445,0,0.002629115,0,0
531,Group1C,0.005769231,0.056923077,66.407978,0.03614,0.04349,0.1463,0.0046,0.000912,0.00240461,0.005048035,0,0.003557506,0.015646437,0.001375239,0.000592894,0.00502333,0.001992862,0.003252812,0.000267165,0.000263814,0.000292431,0,0.001721108,0.004553937,0,9.02E-05,0.003302222,0.004833925,0.000664996,0.00248696,0.000599919,0.000549223,0.00045188,0.00017096,0.000183403,0.000364785,0.004249243,0.000200373,0.000443268,0,0.001235245,0.09305513,0.03853964,0.001004666,0.031622272,0.000435087,0,0.000217369,0.000193641,0.000196982,0,0.002322261,0.001531704,0.000134901,9.83E-05,0.001531704,0.00038518,0.001935217,0.010376058,0.000757354,0.000423633,0.000323475,0.000346811,0,0.006464449,0.000675968,0.002915178,0,0.002544605,0,0
532,Group1C,0.005813953,0.051550388,69.149937,0.03704,0.04064,0.1658,0.0056,0.000555,0.001953449,0.005015199,5.05E-05,0.002405607,0.009003442,0.000830005,0.000218977,0.004515789,0.001786621,0.002314166,0.000265503,0.000462445,0.00019196,5.43E-05,0.001470093,0.004403246,0,7.61E-05,0.002940187,0.00398121,0.000565531,0.002067978,0.000377126,0.000586379,0.000354292,6.46E-05,8.83E-05,0.000412032,0.003805361,0.000255703,0.000335902,7.24E-05,0.000956616,0.08300048,0.03270782,0.000851107,0.027080667,0.000469632,0,0.000185983,0,0,0,0.002264928,0.000676153,0.0002224,0.000201749,0.000858141,0.000146265,0.001048057,0.005781898,0.000217501,5.83E-05,0.000356786,0.000162148,0.000105534,0.004515789,0.000455331,0.001948401,8.99E-05,0.001779587,4.47E-05,6.05E-05
533,Group1C,0.006563707,0.055212355,62.952434,0.03593,0.04543,0.1537,0.0031,0.001014798,0.001763779,0.005136906,0,0.00319431,0.015199388,0.001341122,0.000584133,0.004990601,0.001950724,0.00315367,0.000282821,0.000534942,0.000327181,0,0.001836931,0.00454356,0,7.58E-05,0.003145542,0.004665481,0.000680978,0.0022921,0.000573188,0.000584276,0.000319359,6.94E-05,0.000192056,0.0003351,0.004454152,0.00022611,0,0.00017199,0.001292354,0.09834898,0.041778,0.000967234,0.033324862,0.000588582,0,0.000211915,0,0.000173734,0,0.002812293,0.001072898,0.000145969,0.000144665,0.001259842,0.00011803,0.001536195,0.008778256,0.000654009,0.000187205,0.000471193,0.000306913,0.000236758,0.005315722,0.000711297,0.002665989,0,0.002641605,0,0
534,Group1C,0.006504065,0.050813008,64.410019,0.03487,0.04473,0.1688,0.0029,0.000554636,0.003195014,0.004817994,0,0.003580745,0.015865902,0.001048023,0.00037516,0.004701547,0.001819484,0.002845673,0.000253973,0.000450975,0,0,0.001441031,0.004461375,6.68E-05,8.64E-05,0.003275071,0.004403152,0.000506951,0.002139713,0.000858797,0.000695387,0.000383449,0.000204515,0.000167585,0.000377488,0.003820917,0.000265868,0.000433107,7.13E-05,0.000960688,0.08296848,0.03238682,0.000836963,0.029475643,0.000249308,0,8.37E-05,0.000120339,0.000132712,0,0.002161547,0.001957765,0.000219389,0.00025035,0.002590945,0.00050817,0.003646246,0.014701432,0.001062579,0.000432776,0.000359946,0.000295168,8.05E-05,0.005298338,0.000717684,0.001899541,7.84E-05,0.002037822,0,0
535,Group1C,0.007826087,0.053913043,54.891958,0.03327,0.04602,0.1017,0.0031,0.0014071,0.004180738,0.004597112,0,0.004044778,0.016400047,0.001453061,0.000522058,0.00516644,0.001775964,0.00284664,0.000231581,0.000322123,0.000197316,0,0.001546533,0.004061773,0,0.00010227,0.003288507,0.005157942,0.000493755,0.002277312,0.000457913,0.00045924,0.000442214,7.80E-05,9.22E-05,0.000286027,0.004214727,0.000204994,0.000298636,0,0.000837063,0.076137,0.03195035,0.000520572,0.02234825,0.000346835,0,9.30E-05,9.71E-05,9.20E-05,0,0.001461559,0.001070677,0.00010348,0.000101278,0.001368087,0.000174209,0.001521041,0.00900728,0.000478135,0.00010061,0.000129716,0.000256137,7.85E-05,0.006211624,0.000618262,0.001741974,0,0.001351092,0,0
551,Group1C,0.006666667,0.053333333,53.4892915,0.03422,0.04681,0.1194,0.0056,0.000812,0.002961682,0.003818573,0,0.002811934,0.013810091,0.001297816,0.000321315,0.003793615,0.00211311,0.002928405,0.000240397,0.000550428,0.000203597,0,0.001647228,0.002953363,0,0.000273511,0.003460842,0.004883448,0.000298375,0.001547396,0.000587205,0.000609806,0.000956723,6.98E-05,0.000118631,0.000418751,0.004891767,0.000298225,0.000495671,0.000197372,0.000631955,0.06281096,0.02695464,0.000479474,0.020215977,0.000287883,0,8.09E-05,8.97E-05,9.70E-05,0,0.001148068,0.000940085,0.000249355,0.000240956,0.001322774,0.000183986,0.00173874,0.009068072,0.000545083,7.93E-05,0.000116159,8.74E-05,0,0.006821852,0.001023278,0.001472522,0,0.001339412,0,0
552,Group1C,0.007058824,0.053333333,54.5301705,0.03673,0.04267,0.1812,0.003,0.001277321,0.004100409,0.002475401,0,0.003662583,0.016418476,0.001439774,0.000365253,0.00344367,0.001919699,0.003106881,0.000238083,0.000327783,0.000158909,0,0.001515552,0.002315426,0.000177058,0.000243578,0.003729941,0.005430727,0.000262663,0.001229281,0.001204022,0.000263727,0.000790565,0.000230053,0.00011284,0.000360831,0.004336162,0.000180727,0.000884072,8.69E-05,0.000381113,0.04908704,0.02180711,0.000353635,0.016755266,8.87E-05,0,0,0.000322368,0.000343433,0,0.000671504,0.00157449,8.60E-05,0.000102993,0.002778511,0.000476522,0.003814138,0.016334279,0.000968269,0.000436812,7.63E-05,0.000226944,0,0.00502658,0.000829361,0.00093459,0,0.000850393,0,0
553,Group1C,0.007258065,0.055241935,59.077865,0.02874,0.04356,0.05771,0.0077,0.001256864,0.002843407,0.003402367,0,0.002786701,0.013285435,0.001458157,0.000349907,0.004690406,0.002000916,0.002454565,0.000243571,0.000323343,0.000101977,0,0.001490561,0.003102635,0,8.77E-05,0.002908214,0.003993731,0.000272876,0.001563469,0.000397241,0.000451695,0.000483193,0.000159963,9.46E-05,0.000337118,0.004090942,0.00020867,0.00034763,0.000179261,0.00072526,0.05978446,0.02519372,0.000408597,0.019685126,0.000153297,0,9.48E-05,7.28E-05,6.95E-05,0,0.000773372,0.0007562,0.00031173,0.000276203,0.001263736,7.76E-05,0.00139335,0.007379897,0.000505311,9.24E-05,0.000114193,8.97E-05,0,0.004342069,0.000858693,0.001506763,0,0.001450057,0,0
554,Group1C,0.006726457,0.051569507,51.9179445,0.03835,0.04182,0.09241,0.0143,0.000735993,0.002583431,0.004114025,0,0.003813214,0.018490993,0.001397884,0.000313002,0.004467919,0.002167604,0.004361751,0.000305293,0.00056725,0.000295819,0,0.001831405,0.003830909,0.000168303,0.000181342,0.003308915,0.004441377,0.000515208,0.002362246,0.0010086,0.00050983,0.000859439,0.00019792,0.000107112,0.0003726,0.004290972,0.000377421,0.000546084,9.18E-05,0.000946668,0.08139576,0.0345932,0.000884737,0.029727147,0.000268905,0,0.000107742,0.000111478,0.000109507,0,0.002194147,0.001159005,0.000262218,0.000295032,0.001734084,9.54E-05,0.002052589,0.010351417,0.000563388,0.000311752,0.000363889,0.000206688,8.40E-05,0.005600382,0.000728577,0.002087978,0,0.002167604,0,0
555,Group1C,0.005860806,0.054578755,64.9008225,0.03762,0.04483,0.1079,0.0054,0.000555017,0.002540498,0.005306969,5.20E-05,0.006669662,0.020337675,0.001711926,0.000552227,0.004259271,0.00187627,0.002807558,0.000216554,0.00051879,0.000340506,5.84E-05,0.001499647,0.004731762,7.59E-05,0,0.002739081,0.004094926,0.000766943,0.002697995,0.000951831,0.000456502,0.000298985,0.000150071,0.00015595,0.00030665,0.003779932,0.000286344,0.000382575,0,0.001417474,0.09723737,0.0372515,0.001129871,0.030472275,0.000760095,0,0.000194903,0.000306576,0.000297621,0,0.003704607,0.001075089,0.000134229,9.71E-05,0.001588667,9.78E-05,0.001944747,0.007737903,0.000531284,0.000204781,0.000626127,0.000191124,0.00025415,0.004622199,0.000628993,0.002663756,7.62E-05,0.002636365,6.96E-05,7.63E-05
581,Group3E,0.005726872,0.057268722,55.495585,0.03765,0.05897,0.199,2.00E-04,0,0.00150552,0.007100064,7.92E-05,0.002079901,0.006139467,0.000868714,0.000159663,0.003950977,0.001921194,0.002322139,0.000109152,0.000410658,0,9.28E-05,0.001678956,0.006339939,0,0,0.003366266,0.004627571,0.000771117,0.003884153,0.000458041,0.000368269,0.000565703,0,0.000110643,0.000324605,0.004243332,0.000201416,0,0.000108912,0.001829311,0.11944813,0.04677689,0.00105248,0.037003862,0.000429913,6.85E-05,0.000169842,0,0,0.000323232,0.004076272,0.000902126,0.000153531,0.000158155,0.001394954,0,0.001085892,0.004828043,0.000179799,0,0.000549076,7.43E-05,0.000114126,0.005053575,0.000877067,0.003842388,0.000143268,0.003215911,0,7.95E-05
582,Group3E,0.006511628,0.058604651,63.235549,0.0416,0.04984,0.08845,0,0,0.001419892,0.005603172,4.58E-05,0.00241358,0.005529848,0.000989873,0.000266343,0.004374996,0.001362603,0,0.000197674,0.000230387,0,0.000143073,0.001154852,0.004918815,4.75E-05,0,0.002804641,0.003458446,0.000812674,0.002657993,0.00059502,0.000319753,0.000222424,5.81E-05,0.000133997,0.000309127,0.003427895,0.000222903,9.74E-05,6.12E-05,0.001380934,0.10631973,0.05071573,0.001167073,0.029390683,0.000647695,5.71E-05,0.000346211,0,0,0.000601643,0.004093921,0.000471096,0.000324252,0.000240138,0.000947101,0,0.000947101,0.004906594,0.000251844,5.47E-05,0.000641585,0.000127181,0.00038162,0.003935052,0.000708798,0.004045038,0.000233983,0.002578559,0.000198523,0
583,Group3E,0.004705882,0.056862745,68.7612665,0.0378,0.04145,0.1093,0.0015,0,0.00092083,0.00507746,4.26E-05,0.001384762,0.004207342,0.000817063,9.51E-05,0.003586586,0.00114601,0,0.000139138,0.000333047,0.00031418,6.89E-05,0.001029287,0.004504455,4.27E-05,0,0.002318548,0.00295522,0.000774618,0.002551994,0.000433328,0.00039815,6.36E-05,0.000114943,0.000111965,0.000274699,0.002949914,0.000174281,0.000154282,0.000108542,0.001400679,0.09125634,0.03629031,0.001050509,0.027270791,0.000610144,0,0.000229948,0,0,0.000489038,0.003952673,0.000414359,9.81E-05,6.75E-05,0.000949703,4.38E-05,0.000933786,0.00463179,0.000229761,0,0.000520938,0.000117403,0.000203201,0.003347834,0.00035775,0.003252334,8.25E-05,0.00242466,7.20E-05,0
584,Group3E,0.006666667,0.060740741,76.9397435,0.03726,0.05197,0.1125,0.0059,0,0.001621117,0.007398907,0.000139908,0.002569065,0.006357579,0.001034477,0.000126602,0.003726857,0.001479781,0.002432048,0.000199736,0.000251161,0.000326406,9.51E-05,0.001404422,0.006426088,0,0,0.002870502,0.003809067,0.000883758,0.003445972,0.000625612,0.000477131,0.000102173,5.92E-05,8.71E-05,0.000312062,0.003802216,0.000257741,0.000296283,6.56E-05,0.001616798,0.12057478,0.04548958,0.001178344,0.040693989,0.000542501,0.00013608,0.000109778,0,0,0,0.005192937,0.000938565,7.51E-05,8.85E-05,0.00130166,7.06E-05,0.001178344,0.006775481,0.000225263,0.000143078,0.00073304,9.82E-05,0.000178271,0.004035145,0.000423023,0.003411718,0.00014005,0.003254149,6.49E-05,8.30E-05
585,Group3E,0.0076,0.062,85.5267555,0.03709,0.04213,0.1389,0.003,0,0.000942302,0.00446821,5.36E-05,0.00256087,0.004182593,0.000861692,0.000294932,0.003834044,0.001065012,0,0.000124423,0.000299438,0.000241372,0.000117786,0.000924624,0.003974432,0,0,0.002192957,0.002875533,0.000643848,0.002236526,0.000561552,0.000271002,0,8.89E-05,4.84E-05,0.000257371,0.002928784,0.000202879,0.000278592,0,0.001224764,0.08278049,0.03703338,0.000861692,0.022994582,0.00055187,8.11E-05,0.000138384,0,4.10E-05,0.000474351,0.003674292,0.000508301,0.000159662,6.63E-05,0.001321583,5.38E-05,0.001176354,0.006293254,0.0003304,9.84E-05,0.000458333,0.000133779,0.000214049,0.0032144,0.000468142,0.003083694,0.000145859,0.001960591,5.77E-05,6.53E-05
611,Group9,0.006382979,0.06,47.4829395,0.03816,0.04239,0.133,3.00E-04,0,0.001179826,0.006959647,6.36E-05,0.00326772,0.007821318,0.001259365,0.000116736,0.004381263,0.001544379,0,0.000160897,0.000495378,0.000271188,9.43E-05,0.001458212,0.006011809,7.41E-05,0,0.003082129,0.004314981,0.000828529,0.002916423,0.000802016,0.000381686,0.000158311,6.64E-05,0.000157355,0.000438229,0.004010082,0.000256199,0.000380218,0.000123012,0.001604033,0.11400565,0.04361379,0.001113544,0.029164235,0.000974351,0.000122073,0.000198782,0,0.000115664,0.000802016,0.004931407,0.000682708,0.000227099,0.000237259,0.001345532,7.84E-05,0.001206339,0.007423623,0.000374645,5.33E-05,0.000624359,0.0001962,0.000457676,0.005302588,0.000517022,0.003188181,0.000119546,0.002034868,0.00011456,0.000208844
612,Group9,0.007296137,0.056652361,62.1780775,0.038,0.04372,0.1077,-0.0053,0,0.000709912,0.004818604,6.02E-05,0.001639707,0.005051053,0.000961208,0,0.005120159,0.001608295,0,0.000227966,0.000385416,0,0.000144803,0.001507777,0.004403965,0,0,0.002839647,0.003700336,0.000741324,0.002757975,0.000273892,0.000473116,9.26E-05,0,0.000155282,0.000305789,0.003587253,0.000159435,0.000254827,0.000151025,0.001300458,0.09235134,0.03493016,0.001017749,0.032417204,0.000350715,9.07E-05,0.000211166,0,0,0,0.003882526,0.000498119,0.000209589,0.000213757,0.000545527,0,0.000567299,0.004554743,0.000135141,0,0.00058017,6.60E-05,0.000167792,0.003543276,0.000411938,0.002381031,0.000200841,0.002651174,4.70E-05,0
613,Group9,0.005217391,0.056956522,60.4921355,0.03235,0.05015,0.06655,0.003,0,0.000709683,0.004604944,5.21E-05,0.002317279,0.004057089,0.000918027,5.38E-05,0.003990458,0.001687986,0.002546786,0.000164053,0.000279668,0.000167321,0,0.001465882,0.004034878,0,8.09E-05,0.003087237,0.003760951,0,0.002250648,0.000407603,0.000391993,0.000331069,5.86E-05,9.28E-05,0.000339207,0.003879406,0.00016363,0.000293966,7.48E-05,0.000895817,0.07699584,0.03198289,0.000637529,0.022062271,0.000457849,5.66E-05,8.95E-05,0,0,0.000412182,0.001850862,0.000947641,0.000207226,0.00010842,0.001273393,0.000190641,0.001391848,0.007699584,0.00052713,6.01E-05,0.000182665,8.89E-05,9.51E-05,0.004471682,0.000588578,0.00176202,5.96E-05,0.001369638,0,0
614,Group9,0.005220884,0.058634538,76.122708,0.04185,0.04998,0.09401,0.0013,0,0.0001251,0.003367176,0,0.00286315,0.003283172,0.001316069,0.0003464,0.00363319,0.001736091,0.003290172,0.000221007,0.0002824,0.000197395,0,0.001225064,0.002996157,0,0.000198664,0.002639138,0.003031159,0,0.001673088,0.000270238,0.000146397,0.000662254,6.35E-05,6.91E-05,0.00030205,0.003549186,0.000310027,5.86E-05,8.94E-05,0.000749039,0.06090319,0.02387125,0.000670739,0.019111001,0.000414534,0,8.98E-05,0,0,0.000374091,0.001463077,0.001463077,0.00026422,0.000114128,0.001218064,6.58E-05,0.001673088,0.006965365,0.000372989,5.65E-05,0.000257827,6.58E-05,0,0.002989157,0.000599562,0.001603084,0,0.001358071,0,0
615,Group9,0.005217391,0.056956522,55.533844,0.03867,0.04432,0.14,0.007,0.000984706,0.002768081,0.003983692,0,0.003784009,0.012879607,0.001427739,0.000198025,0.003983692,0.002336301,0.003344704,0.000294105,0.000258877,0.000226118,0,0.001707297,0.003564356,7.70E-05,0,0.003584325,0.005141859,0.000363586,0.001797154,0.000734905,0.000501091,0.000602083,8.23E-05,0.000112986,0.000252007,0.004582744,0.000246658,0.000326165,0,0.000844392,0.07358349,0.03304767,0.000588833,0.020168067,0.000418904,0,0.000221467,0,0,0.000259753,0.001387803,0.001068308,0.000113598,0,0.00135785,0.000100827,0.001707297,0.008965804,0.000452491,0,0.000133421,0.000241908,0,0.006280056,0.00081719,0.001946917,0,0.001367834,0,0
631,Group15,0.00720339,0.053813559,58.692064,0.04255,0.04088,0.09783,-0.0012,4.89E-05,0.00038451,0.007910897,0.000134717,0.00121759,0.003831626,0.000866759,0,0.003955448,0.001307018,0,0.000154279,0.000165886,0.000472336,0.000232359,0.001203832,0.006947831,0,0,0.002675947,0.00337073,0.001251985,0.004216852,0.000156056,0.000233975,0,0,6.28E-05,0.000295493,0.003102447,0.000143274,0,6.40E-05,0.002311358,0.14583566,0.05489474,0.001492752,0.044851345,0.001100646,6.92E-05,0.00023002,0,0,0.000412669,0.008323639,0.00025715,8.28E-05,0.000100067,0.000500642,0,0.000429615,0.003350093,6.30E-05,0,0.000942429,6.75E-05,0.000470445,0.00351519,0.000445288,0.004636473,0.000329615,0.003914174,0.000280657,0.000277322
632,Group15,0.0064,0.0616,73.26804,0.0381,0.0453,0.1181,-0.0032,5.40E-05,0.000400671,0.008199595,6.83E-05,0.002134498,0.005739716,0.000748376,5.15E-05,0.003976153,0.001503259,0.002694153,0.000182339,0.00043139,0.000342332,0.000203288,0.001412152,0.007288529,0,0,0.002550985,0.003390467,0.001080264,0.004041229,0.000255086,0.000426475,0,7.72E-05,7.64E-05,0.000345755,0.003553158,0.000229656,0.000256016,7.43E-05,0.001997838,0.1386122,0.05492427,0.001288508,0.039696451,0.000859005,9.23E-05,0.000219896,0,0,0.000461652,0.006104143,0.00070933,0.000174551,9.25E-05,0.000891543,0,0.001242954,0.006898072,0.000382754,7.91E-05,0.000728853,0.000155191,0.000310632,0.003937107,0.000420037,0.004125828,0.000231373,0.003624742,0.000177929,0.000213618
633,Group15,0.007692308,0.051282051,62.214771,0.03686,0.05432,0.1102,0.0018,0.000116073,0.00144152,0.006780031,6.25E-05,0.003365583,0.012277353,0.001154438,0.000185824,0.004025261,0.001392655,0.002657039,0.000181816,0.000244879,0.000370385,8.98E-05,0.001294925,0.005845486,0,0,0.002724229,0.003719855,0.001020059,0.0036038,0.00047823,0.000460903,0,0.000113679,6.68E-05,0.000296343,0.00340834,0.000213395,0.00025237,5.83E-05,0.001930171,0.12094109,0.04153532,0.001368222,0.038969906,0.000879572,0.000119974,0.000116525,0,0,0,0.006535705,0.000641354,9.03E-05,8.96E-05,0.001130005,6.89E-05,0.001356006,0.006352461,0.000405385,0.000152449,0.000861247,0.000255645,0.000368933,0.003194555,0.000527988,0.003958072,0.000144986,0.003487746,9.46E-05,0.000123543
634,Group15,0.00620155,0.053488372,51.880843,0.03771,0.04924,0.1116,5.00E-04,0.000108621,0.00127568,0.005599447,5.01E-05,0.002805368,0.008692689,0.000914426,0.000186772,0.003516588,0.001162788,0,8.09E-05,0.000230156,0.000278857,8.91E-05,0.001106342,0.004803558,0,0,0.002455403,0.003189201,0.000801534,0.002929549,0.00026303,0.000299095,0,0,6.80E-05,0.000286274,0.003177912,0.000211981,0,6.37E-05,0.001586134,0.09313596,0.03584323,0.001089408,0.026981205,0.000671708,6.33E-05,0.000175103,4.59E-05,0,0.000473557,0.005018053,0.000468728,0.000213586,0.000187319,0.00085798,0,0.000908781,0.004363279,0.000267021,0,0.000421786,0.000147286,0.000205435,0.003477076,0.000468311,0.003160978,0.000120316,0.002444113,7.69E-05,7.88E-05
635,Group15,0.006306306,0.055405405,37.727196,0.03742,0.04289,0.1015,0.0026,0,0.000589028,0.00699964,0,0.001687181,0.004525107,0.000757595,0,0.004334758,0.002206314,0.003919452,0.000407922,0.000369712,0.000344784,8.10E-05,0.00164392,0.006047896,0,0.000182323,0.002967709,0.004282845,0.000776995,0.003036927,7.19E-05,0.000361077,0.00060986,0,0.000102733,0.000270357,0.004031931,0.000201104,0,0.000126895,0.001254571,0.11507442,0.05026935,0.000934439,0.037637124,0.000613257,0,0.000115316,0,0,6.59E-05,0.002578359,0.000306939,0.000159817,0.000283746,0.000696128,0,0.000794723,0.004836587,9.04E-05,0,0.0004415,0,0.000168502,0.003452233,0.000456814,0.002950404,0.000103941,0.003123449,0,0
666,Group3E,0.006147541,0.059016393,76.178785,0.0368,0.04886,0.157,0.0033,0,0.000647352,0.009456752,0.000137882,0.003681378,0.008105787,0.001141565,0.00020276,0.00267491,0.001492816,0.002566833,0.000161704,0.000167755,0.000413884,0.000228201,0.001263152,0.008308432,0,6.46E-05,0.002310149,0.003532772,0.001209113,0.004937775,0.000242266,0.000263189,9.39E-05,0,6.40E-05,0.000239745,0.003303108,0.00025789,0.000343846,0,0.002350678,0.1560364,0.05890205,0.001452287,0.039718357,0.001188849,0.000223743,0.000334548,6.27E-05,6.05E-05,0.000803824,0.008105787,0.000803824,7.07E-05,8.22E-05,0.000911901,0,0.001074017,0.005795638,0.000139786,0,0.000918656,5.67E-05,0.000513576,0.003532772,0.0005358,0.005052607,0.00025862,0.003113973,0.000242173,0.000231681
667,Group3E,0.006147541,0.059016393,76.4477795,0.038,0.05699,0.09939,-0.0081,0,0.000975797,0.010717157,0.000159521,0.002280246,0.005069747,0.000813288,0,0.00250067,0.001193329,0.001892604,0.000105379,0.000174664,0.000479606,0.000277714,0.00120853,0.009349009,0,6.44E-05,0.002394259,0.003359563,0.001337744,0.005419385,7.39E-05,0.000288253,8.43E-05,0,6.37E-05,0.000177966,0.002903514,0.00014844,0,7.27E-05,0.002835106,0.17937937,0.06817936,0.001725386,0.058602328,0.000679439,0.000203507,0.000291678,0,0,0,0.011325223,0.000616198,6.28E-05,0,0.000711687,0,0.000687664,0.004096842,0,0,0.001223732,6.12E-05,0.000328048,0.003405168,0.000375538,0.006027451,0.000401733,0.005191361,0.000132881,0.000311485
668,Group3E,0.007017544,0.05745614,66.867887,0.04206,0.04369,0.09355,-2.00E-04,0,0.000896499,0.007326493,0.000116355,0.002325871,0.004023756,0.00072102,0.000160517,0.002953856,0.000959422,0.00197699,0.000123938,0.00017375,0.000362722,0.000222584,0.001040827,0.006454291,0,0,0.001866511,0.002895709,0.001133862,0.003750467,6.27E-05,0.000348113,0,4.91E-05,5.15E-05,0.000148574,0.00242472,6.74E-05,0,0,0.00216306,0.13780784,0.05989117,0.00134319,0.041051619,0.000814055,0,0.000225683,0,0,0.000697761,0.00755908,0.000508998,7.20E-05,6.97E-05,0.000744279,4.91E-05,0.000773352,0.004779664,0.000217843,0,0.000814055,6.51E-05,0.000453286,0.00323296,0.000374341,0.00549487,0.000287055,0.003366698,0.000183856,0.000256543
669,Group3E,0.006637168,0.055752212,66.774955,0.03676,0.04787,0.1236,0.0044,0,0.001303664,0.007697367,0.00011217,0.001816098,0.007877774,0.000721628,0.000102751,0.003824629,0.001100483,0,7.90E-05,0.000208276,0.00037859,0.000201324,0.001160619,0.006614925,0,0,0.002231034,0.003163137,0.001184673,0.003812602,6.39E-05,0.000209824,0,0,0,0.000162194,0.002994757,0.000116536,0,6.58E-05,0.002158871,0.13590664,0.05550523,0.001521433,0.039028058,0.00085994,0,0.000370397,0,0,0.000805818,0.007276418,0.000278624,9.69E-05,8.90E-05,0.000538841,0,0.000515788,0.003373612,0,0,0.000853927,5.87E-05,0.000414174,0.002760228,0.000380818,0.005033357,0.000316759,0.003277395,0.000192747,0.000212481
670,Group3E,0.006584362,0.056378601,64.06869,0.03622,0.05014,0.1016,-0.0077,0,0.001178614,0.007977204,0.000176261,0.002687815,0.007028564,0.000984574,0.000190083,0.002853108,0.001300787,0.002148814,0.000115973,0.000192504,0.000409463,0.000254682,0.001315161,0.007021377,0,0,0.002529708,0.003277122,0.001200174,0.004656963,0.000173309,0.000500309,0,0,7.54E-05,0.000262206,0.003348988,7.46E-05,0,7.16E-05,0.002364415,0.15020142,0.05497803,0.001681681,0.053756296,0.00071388,0.000131725,0.000282612,0,0,0,0.009127072,0.000891147,7.12E-05,8.48E-05,0.0008624,7.11E-05,0.000970201,0.004764763,0.000241249,0,0.001113934,7.63E-05,0.000287399,0.003715509,0.000565126,0.004570722,0.000426521,0.004613843,0.000165377,0.000240505
696,Group9,0.005990783,0.055760369,63.7626865,0.0363,0.04526,0.2225,0.0029,0,0.000627554,0.008545648,9.16E-05,0.001610817,0.004265262,0.000786502,0,0.002866195,0.001497379,0.002450257,0.000267932,0.000258484,0.000284144,0.000192906,0.001482254,0.007638146,0,0,0.002714945,0.003554385,0.00105119,0.00452995,7.31E-05,0.000647185,0.000199566,0,8.25E-05,0.000187047,0.003667823,0.000162708,0,9.38E-05,0.002079693,0.14368789,0.0533914,0.001315879,0.048400132,0.000824315,0,0.000227497,0,0,0,0.006292017,0.000524151,9.09E-05,0.000108953,0.000607247,0,0.000524461,0.003834198,7.39E-05,0,0.000884815,6.00E-05,0.000328254,0.003705635,0.000533783,0.003902261,0.00016826,0.0046207,0.0001211,0.000142683
697,Group9,0.005439331,0.058577406,74.06804,0.03546,0.04469,0.08632,0.002,0,0.001362197,0.006782305,0.000135492,0.003692269,0.010252321,0.001297671,0.000225802,0.003513033,0.001756517,0.003262102,0.000183174,0.000233652,0.000297592,0.000197219,0.001512755,0.005878953,0,0.000184272,0.002903629,0.003857167,0,0.00329078,0.000278854,0.000197534,0.000496891,0,8.20E-05,0.000326181,0.004165454,0.000268634,0,7.70E-05,0.001813872,0.1197299,0.04746179,0.001218807,0.029968323,0.00104674,0.00013353,0.00020329,0,0,0.001390874,0.005563497,0.000507411,0.000111377,0.00011683,0.000910521,0,0.000831657,0.00421564,6.37E-05,0,0.00062946,0,0.000474033,0.003656422,0.000535227,0.003649253,9.55E-05,0.002315734,0.000180094,0.000196062
698,Group9,0.005825243,0.054854369,65.13987,0.03607,0.04467,0.116,-0.0014,0,0.001182608,0.00525552,0,0.002599094,0.005943516,0.000993771,0,0.003745753,0.002293318,0.002876203,0.000268931,0.000375947,0.00022797,0,0.001576656,0.004538859,0,0.000142729,0.003258423,0.004328638,0.000600456,0.002618205,0,0.000140738,0.000659509,0,0.000111047,0.000373624,0.004376415,0.000340635,0,0.000127526,0.001184881,0.09746602,0.03946418,0.000953029,0.024557613,0.000550225,0,0.000276226,0,0,0.000715546,0.002665982,0.000382799,0.000114407,0.000144165,0.000649334,0,0.000561182,0.003067313,0,0,0.000360191,0,0.000101299,0.00360242,0.000509913,0.002407984,0,0.001557545,0,0
699,Group9,0.007207207,0.05990991,72.4044545,0.03528,0.05251,0.1866,0.0048,0,0.000902097,0.003860625,0,0.002895469,0.005484253,0.001253801,0.000216341,0.003788464,0.002264058,0.002886449,0.000282999,0.000521362,0.000212094,0,0.001731869,0.003590021,0,0.000123717,0.002597804,0.003833565,0.000466507,0.002011494,0.000387607,0.000633833,0.00080471,0,0.000103563,0.000250867,0.004248492,0.000193363,7.73E-05,9.45E-05,0.000750451,0.0708984,0.02751147,0.000740104,0.024083808,0.000257573,0,0.000103754,0,0,0,0.001903252,0.000840499,0.00025303,0.000124962,0.001064378,0,0.001010257,0.00652157,0.000213338,0,0.000140688,8.06E-05,0,0.004266532,0.000465288,0.001740889,0,0.001731869,0,0
700,Group9,0.005833333,0.055416667,70.756555,0.0319,0.05237,0.05283,6.00E-04,0,0.002111292,0.007658771,8.69E-05,0.003819788,0.009261546,0.001430021,0.000264648,0.004251673,0.002265,0.003301525,0.000456763,0.000392066,0.000485912,0.000110167,0.001977076,0.006900572,0,0.000104799,0.003695021,0.004693157,0.0011325,0.004232479,0.000410509,0.000662001,0.000889285,7.31E-05,0.00011433,0.000290958,0.004712351,0.000360429,0,0.000132309,0.001948284,0.1449216,0.06008008,0.001593178,0.051634319,0.000856261,7.67E-05,0.000318641,0,0,0,0.006036801,0.001065318,0.00013754,0.000171712,0.001353241,0,0.001391631,0.007217288,0.000415541,9.81E-05,0.000916226,8.45E-05,0.000336312,0.004357246,0.000512405,0.004462818,0.00018306,0.004366843,0,0.000111814
716,Group15,0.00438247,0.055776892,58.125892,0.04104,0.04721,0.08168,-0.0027,5.60E-05,0.002162447,0.009247763,0.000162312,0.003226287,0.009595423,0.001182045,0.000279075,0.003031597,0.001223764,0.002468388,0.000186926,0.000171305,0.0004622,0.000389605,0.001286343,0.008204782,0.000176211,0,0.002058149,0.003003785,0.001425407,0.005277483,0.00110556,0.000521458,7.44E-05,0.000157078,0,0.000158295,0.002579639,0.000123401,0.000624665,0,0.002760422,0.17174417,0.06264838,0.001731348,0.054999854,0.000668822,8.72E-05,0.00025127,0,7.87E-05,0,0.011820449,0.001154232,0,0,0.00199557,0.000222778,0.002593546,0.010777468,0.000883057,0.000479592,0.001182045,0.000295126,0.000320355,0.004269268,0.000597538,0.005722488,0.000485048,0.00522881,0.000136314,0.000212137
717,Group15,0.004700855,0.055555556,62.5932835,0.03819,0.04321,0.131,-6.00E-04,0,0.001973849,0.00954826,0.000153404,0.003394162,0.0149148,0.001177851,0.0003079,0.002411458,0.001407846,0.002739026,0.000184296,0.000220396,0.000531069,0.000234814,0.001366028,0.008154353,5.92E-05,0,0.002641453,0.00328265,0.001428754,0.005038972,0.000625386,0.000658581,0,6.41E-05,8.38E-05,0.000183339,0.003303558,0.00014483,0.000184549,6.68E-05,0.00282963,0.15890534,0.05833499,0.0017842,0.050389721,0.001268455,0.000132819,0.000238593,0.000233121,0.000243673,0,0.009896736,0.001031491,9.11E-05,9.61E-05,0.001386937,6.34E-05,0.001435724,0.006188945,0.000369446,6.96E-05,0.000815435,0.000164521,0.000469426,0.003686883,0.000503808,0.005910164,0.000347986,0.004899581,0.000140501,0.000280689
718,Group15,0.003813559,0.058898305,48.222922,0.03943,0.04239,0.1247,0.0043,0,0.00216403,0.007258237,6.50E-05,0.003884501,0.010215297,0.000961044,0.000545434,0.002567265,0.001357559,0.003918104,0.000190118,0.000167906,0.000371663,0.000218185,0.001317236,0.00626359,6.38E-05,8.08E-05,0.002526942,0.003608957,0.001082015,0.003830736,0.00079975,0.00045782,0.000270245,0.000121783,0,0.00018466,0.003158677,0.000153537,0.000144647,0,0.00204978,0.13105151,0.0523534,0.001303794,0.043347805,0.000920721,0.000125409,0.000109953,0.000618754,0.000752706,0,0.007191031,0.001922089,7.98E-05,7.64E-05,0.002258118,0.000321963,0.002459736,0.009610444,0.00060286,0.000165657,0.000974486,0.000198675,0.000344369,0.004039075,0.000469895,0.004617045,0.000376,0.003958428,0.000114168,0.000279998
719,Group15,0.005829596,0.056053812,41.488826,0.03687,0.04418,0.07887,0.0047,6.68E-05,0.000927876,0.007019273,7.99E-05,0.0026278,0.007366341,0.001019955,0.000112608,0.002776544,0.001848668,0.002981951,0.000220489,0.000273468,0.00033411,9.36E-05,0.001352857,0.006197642,6.44E-05,0.000113522,0.002585302,0.003527344,0,0.003754001,0.000715385,0.000569225,0.000375469,0,8.06E-05,0.000206136,0.003569842,0.000167856,0.000378898,6.77E-05,0.001629095,0.11899474,0.04625212,0.0011262,0.03909827,0.000764966,0.000151563,0.000237935,0,0,0,0.004441053,0.000814547,0.000111711,0,0.000942042,0,0.001331608,0.006672205,0.000365752,6.34E-05,0.00055852,6.99E-05,0.000259335,0.002925287,0.00048117,0.003081114,0.000119585,0.003626506,8.67E-05,9.03E-05
720,Group15,0.006746032,0.057539683,41.488826,0.03603,0.06231,0.05127,0.0027,0.000229727,0.002068914,0.005249844,0,0.003072888,0.00982381,0.001139562,0.000237247,0.003292941,0.002011916,0.002829257,0.000226958,0.000513936,0.000181185,5.38E-05,0.001611105,0.004676134,0.000167253,0.000104459,0.002711372,0.003953101,0.000538251,0.002499177,0.001131703,0.000526941,0.000576854,7.72E-05,9.12E-05,0.000296015,0.003929524,9.17E-05,0.000477653,7.78E-05,0.000974522,0.08880725,0.03866652,0.000737417,0.028528345,0.000550598,0,0.000211866,0,6.92E-05,7.22E-05,0.001964762,0.000848777,0.000201682,0.000115732,0.001477501,8.35E-05,0.001776145,0.009902401,0.000519052,0.000177598,0.000236489,0.000208345,0.00010226,0.004393208,0.000691729,0.002114084,6.91E-05,0.002294842,5.87E-05,6.64E-05
751,Group3E,0.007377049,0.059836066,64.871977,0.04165,0.05075,0.106,0.0041,0,0.001450309,0.006920773,0.000127538,0.003195769,0.010788264,0.000880363,0.00055468,0.002004989,0.000921073,0.002142386,0.000118957,9.96E-05,0.000356234,0.000250138,0.000819297,0.006106564,0,0,0.001419776,0.002249251,0.001053382,0.004071043,0.000430477,0.000252392,0,4.64E-05,0,0.000106964,0.001862502,0.000126365,0.000157769,0,0.002101676,0.12620233,0.04676611,0.001185691,0.038166027,0.000702255,0,0.000184365,0,0,0.000191681,0.008447414,0.000961784,0,0,0.001348533,5.81E-05,0.001251846,0.006920773,0.000320557,0.000123422,0.00093634,0.000135239,0.000349134,0.002559668,0.000335756,0.004651166,0.000287716,0.003638495,0.000191426,0
752,Group3E,0.006451613,0.055241935,54.651132,0.03487,0.04538,0.1279,0.0086,0,0.001782994,0.010491201,8.66E-05,0.001684114,0.008006443,0.000959393,0.000111566,0.002519269,0.001325204,0.002270793,0.000104128,0.0001491,0.000432662,0.000275941,0.001332106,0.00911078,0,0,0.002084436,0.002678017,0.001559876,0.005383643,0.000322504,0.000717819,0,0,0,0.000154922,0.002450248,5.85E-05,0,0,0.003292305,0.17945476,0.07040148,0.001787645,0.052870132,0.001283792,0.000136604,0.000315183,0,0,0.000480062,0.012975959,0.000638677,6.24E-05,0,0.000666397,0,0.000654711,0.003526976,6.16E-05,0,0.001359715,6.03E-05,0.000562055,0.002995514,0.000316109,0.007040148,0.000385369,0.005293915,0.000323134,0.000334733
753,Group3E,0.006698565,0.054066986,76.8340295,0.03477,0.03802,0.08864,0.0013,0,0.001072182,0.008784139,0.000131999,0.003242381,0.008073657,0.000813825,0.000398037,0.002641701,0.001065723,0.002971106,8.07E-05,0.000185171,0.000484943,0.000160553,0.001181983,0.007621532,0,0,0.002086233,0.003074449,0.001375751,0.004773146,0.000269899,0.00049599,0,5.42E-05,0,0.000147289,0.002144363,5.55E-05,6.06E-05,0,0.002712749,0.14984707,0.05567594,0.00150493,0.044695766,0.000981757,0.000130808,0.000101891,7.03E-05,0,0,0.010657227,0.001156148,0,0,0.001517848,6.49E-05,0.001537224,0.006717283,0.000316333,8.01E-05,0.000807366,0.000188353,0.000299955,0.00258357,0.000312936,0.005748444,0.000276138,0.004527707,0.000208583,0.000154145
754,Group3E,0.007594937,0.058227848,53.2638975,0.0366,0.04794,0.08941,-0.0024,0,0.001480824,0.008654164,0.00014602,0.003006521,0.008654164,0.001076963,0.000202805,0.003468076,0.001339793,0.002455218,0.000175085,0.000235826,0.000368066,0.000314534,0.001275688,0.00756438,0,5.89E-05,0.002224441,0.003320635,0.001352614,0.004589912,0.000126169,0.000475483,6.89E-05,6.25E-05,0,0.000182207,0.002621891,0.00013051,0,0,0.00273728,0.15449285,0.05647643,0.001615444,0.049488997,0.001102605,0.000113356,0.000330934,0,0,4.93E-05,0.010449102,0.000730796,0,0,0.001032089,5.74E-05,0.001057731,0.006070736,0.000239146,0.000149964,0.00117953,0.000168041,0.000624002,0.003410382,0.000484224,0.005186088,0.000454359,0.004724532,0.000282471,0.000400917
755,Group3E,0.007111111,0.061777778,41.9446585,0.03582,0.05007,-0.05044,-0.0072,0,0.000968962,0.00823175,7.72E-05,0.001759335,0.004995542,0.001162129,6.58E-05,0.003308841,0.001969164,0.002929534,0.000122214,0.000290173,0,0.000182914,0.001605998,0.00706962,0,0.000159524,0.002873042,0.003978679,0,0.004430618,0.000261284,0.000420052,0.000378987,6.40E-05,8.49E-05,0.000225501,0.003647795,0.000191389,7.93E-05,8.44E-05,0.002219344,0.13719583,0.05318356,0.001444591,0.028972531,0.000735546,0.000102861,0.000161332,0,0,0.002332329,0.00823175,0.000831245,9.94E-05,0.000103872,0.001000723,0,0.001129848,0.007376293,0.000361575,6.79E-05,0.000521153,0,0.000215114,0.004390266,0.000546446,0.005076246,0.000123976,0.002227415,0,0
781,Group9,0.006410256,0.056410256,34.2927655,0.03478,0.05478,0.0706,0.0615,0.0001927,0.00245067,0.006247482,0.000123692,0.004135074,0.0178105,0.001511822,0.000656294,0.003285968,0.001539435,0.003472357,6.49E-05,0.000336721,0.000325512,9.94E-05,0.001394466,0.005481216,0,0.00015968,0.002312604,0.003382614,0.000925041,0.003458551,0.000343618,0.000119428,0.000462579,0,6.65E-05,0.00019056,0.003403324,0.000157946,5.89E-05,0,0.001656791,0.11114304,0.04549271,0.001125237,0.03044353,0.000660261,0,0.000117672,9.05E-05,9.25E-05,0.000467197,0.005612379,0.00111143,0,0,0.001373756,6.93E-05,0.001670597,0.007179426,0.000365771,6.75E-05,0.00056693,0.000190304,0.000252119,0.003444744,0.0004965,0.003389518,0.000104602,0.002402347,0,0
782,Group9,0.0075,0.0575,68.2174695,0.03696,0.0335,0.04007,0.0172,0,0.001042211,0.00517097,0,0.004489524,0.006581964,0.001298755,0.000363092,0.00305448,0.00251734,0.004681933,0.000408164,0.000348323,0.000313408,0,0.001755725,0.004593746,0,0.000203871,0.002749834,0.003759977,0,0.002541392,0.000424387,0.000487659,0.000679281,0.000136558,8.30E-05,0.00020799,0.003727909,0.000230419,9.13E-05,8.42E-05,0.001202551,0.08738539,0.03327058,0.001026177,0.02990344,0.000411256,0,0.000122016,7.93E-05,8.10E-05,0,0.003102582,0.001659521,0.000112719,0,0.001763742,8.33E-05,0.00203632,0.008417858,0.000474886,8.98E-05,0.000240183,0.000170701,0.000126504,0.003487398,0.000398299,0.002381051,0,0.002469238,0,0
783,Group9,0.0072,0.0652,74.8295605,0.04034,0.04173,0.08183,0.0156,0,0.001190473,0.004605901,0,0.003522159,0.007520508,0.001444989,0.000321876,0.00454022,0.002339896,0.003440058,0.000252098,0.00037147,0.000212364,5.81E-05,0.001691293,0.004326755,0,0.000306857,0.002577991,0.00406403,0.000484596,0.002405577,0.000738785,0.00051035,0.00101806,7.11E-05,8.28E-05,0.000109765,0.003752044,0.000163568,0.00024028,0,0.000845647,0.07840705,0.03341536,0.00071721,0.026272518,0.000314659,0,0.000105249,0,0,5.83E-05,0.001814446,0.001239734,0.000102263,0.000102868,0.001888337,8.38E-05,0.001929388,0.008949077,0.000559352,9.42E-05,0.000217973,0.000222863,7.87E-05,0.005221663,0.000641219,0.001732344,6.44E-05,0.002093591,0,0
784,Group9,0.007692308,0.061111111,49.4814565,0.03788,0.04558,0.0766,0.0187,0,0.001776672,0.006389636,6.36E-05,0.002995369,0.006810293,0.001073401,0.000144232,0.00356108,0.001842188,0.003125917,0.000104546,0.00040026,0.000261485,8.82E-05,0.00139252,0.005337994,7.46E-05,0.00011931,0.002270098,0.003437784,0.00085582,0.003154928,0.000826809,0.000331723,0.0006975,6.10E-05,8.18E-05,0.000184375,0.003256466,0.000241536,0.000395983,5.73E-05,0.001631859,0.10298846,0.03677123,0.001131423,0.02415152,0.000928347,6.34E-05,0.00011414,0,5.68E-05,0.000950105,0.005127665,0.000689292,8.06E-05,8.77E-05,0.001363509,0,0.001508563,0.007687871,0.000385121,5.60E-05,0.000368427,8.51E-05,0.000256246,0.003662618,0.000419735,0.002980863,8.35E-05,0.001878452,7.74E-05,9.77E-05
785,Group9,0.006882591,0.061538462,75.213886,0.03875,0.0461,0.08315,0.007,0,0.001166193,0.007774623,7.77E-05,0.002825776,0.006959783,0.001136291,0.000150317,0.003378971,0.001644632,0.003117325,0.000248308,0.000207846,0.000405281,9.75E-05,0.001457742,0.006825222,0,0,0.002295009,0.003296739,0.001166193,0.003857409,0.000481724,0.000499734,0.000260618,0,0,0.000171511,0.003491105,0.000171595,8.13E-05,7.00E-05,0.002033363,0.1360559,0.05546894,0.001382986,0.041414819,0.000685748,0,0.000248704,0,0,0,0.005703882,0.000986779,8.60E-05,7.06E-05,0.001225998,0,0.001233474,0.006600954,0.000261368,7.15E-05,0.000729192,0.000174844,0.000221001,0.003408873,0.00033506,0.004776908,0.000128065,0.003707897,0,7.93E-05
801,Group15,0.007692308,0.058547009,60.969161,0.03906,0.05172,0.1961,-0.024,0.000339141,0.00221107,0.009456577,0.000124446,0.002864186,0.01020494,0.001313036,0.000302506,0.002721317,0.001401478,0.002632874,0.000172319,0.000194128,0.000417542,0.000206733,0.001360659,0.007211491,0.000139287,7.17E-05,0.00225189,0.00287099,0.001265413,0.004238452,0.000850412,0.000421834,0.000168124,0,6.85E-05,0.000155962,0.003360827,0.000161199,0.000531647,0,0.002381153,0.15443475,0.06014111,0.001517134,0.046126327,0.001149757,0.000142745,0.000225654,7.57E-05,7.86E-05,0.000237624,0.007551655,0.000986477,0,0,0.001503528,5.56E-05,0.00171443,0.008027886,0.000281014,0.00015404,0.001013691,0.000183131,0.000499792,0.003490089,0.00052168,0.004857551,0.000271916,0.004088779,0.000250246,0
802,Group15,0.005957447,0.058297872,35.6604905,0.03889,0.04065,0.09487,-0.0045,0.000313485,0.001764836,0.009280602,0.000158164,0.003103677,0.011182364,0.001239949,5.90E-05,0.002662468,0.001688765,0.003103677,0.00022003,0.000276813,0.000473337,0.000243366,0.001506196,0.008215615,7.76E-05,0,0.002495113,0.003537278,0.001163879,0.004419696,0.00098131,0.000496805,0.000219638,0.000154352,8.25E-05,0.000106133,0.003400352,7.72E-05,0.000528497,0,0.002259294,0.15290171,0.05963928,0.001498589,0.049141546,0.000718488,0,0.000249662,0,0,0,0.007911332,0.001095415,0,0,0.001711586,8.07E-05,0.001977833,0.010117377,0.00050058,0.000219602,0.000958488,0.00029515,0.000300659,0.00402413,0.000503299,0.004975011,0.000351111,0.004328412,0.000186687,0.000200161
803,Group15,0.006896552,0.056034483,69.944388,0.03607,0.04878,0.1445,0.0011,0,0.001153063,0.007755721,8.27E-05,0.003706274,0.009814762,0.001743321,0.000344818,0.003205241,0.001757048,0.002724798,0.000180395,0.000442115,0.000310358,0.000112061,0.001455056,0.006801699,6.50E-05,0.000161761,0.002683617,0.003912178,0.000933432,0.004111219,0.000899115,0.00040259,0.000524063,0,0.000146315,0.000205203,0.003877861,0.000175806,0.000568987,6.97E-05,0.001805093,0.1269742,0.05044651,0.001118746,0.030267903,0.001015794,0,0.000220353,0,0,0.001262879,0.006135942,0.001647233,8.05E-05,0.000109249,0.001757048,6.06E-05,0.002161993,0.008510703,0.00040394,5.91E-05,0.00067548,7.86E-05,0.000411399,0.003548414,0.000530825,0.00399454,0.000153706,0.00215513,0.000133941,0.000161524
804,Group15,0.007438017,0.058677686,32.614051,0.03453,0.04894,0.06265,0.0039,0,0.001492425,0.004928828,5.53E-05,0.003658354,0.010485239,0.001056177,0.000217464,0.002793513,0.001829177,0.004201749,0.000240063,0.000304185,0,7.42E-05,0.001530692,0.004439006,0.000197344,0.000210647,0.002479721,0.003788462,0.000667657,0.002701671,0.001339355,0.000268808,0.000603157,7.27E-05,8.84E-05,0.000183551,0.00362774,0.000150867,0.000682928,0,0.001178633,0.09566824,0.04010413,0.000956682,0.033292548,0.000407905,6.09E-05,0.00022201,9.59E-05,0.000173753,0,0.003107305,0.001339355,0.000106328,9.83E-05,0.001982246,0.000248426,0.002242464,0.010561774,0.000641307,0.000218537,0.000419368,0.00011105,9.98E-05,0.004454313,0.000693365,0.002724632,8.08E-05,0.002571562,0,0
805,Group15,0.006198347,0.05785124,49.900498,0.03659,0.04808,0.06497,-3.00E-04,0.000618,0.002314519,0.004320436,0,0.00544115,0.012750158,0.001729798,0.000580919,0.003532687,0.002428215,0.00492952,0.000222419,0.000385229,0.000170475,0,0.001770404,0.003167237,0.000415607,0.000371728,0.002257671,0.003053541,0.000362464,0.001567376,0.001981553,0.000474375,0.001283137,9.86E-05,9.02E-05,0.000157296,0.003954985,0.000292747,0.000557768,0,0.000724526,0.0688671,0.03150994,0.000500323,0.018110097,0.000463501,0,8.38E-05,0,0,0.000296174,0.001169441,0.001486165,0.000106819,7.80E-05,0.002217066,0.00020984,0.004068681,0.013156214,0.00101514,0.000251649,0.000107092,0.00040488,0,0.004255467,0.000473417,0.001429317,0,0.000998898,0,0
